date,rstar_acm,rn_fwd_9y1y,tp_fwd_9y1y,ACMY10,ACMRNY10,ACMTP10
2011-01-03,0.5034125498978863,2.5034125498978863,3.228478948898406,3.603703486965386,1.3830625258251021,2.220640961140284
2011-01-04,0.4909652433379197,2.4909652433379197,3.2720839727587965,3.604485959138955,1.3613009970123895,2.2431849621265654
2011-01-05,0.5186245420516666,2.5186245420516666,3.4024065566000274,3.751005396709719,1.3941241821782413,2.3568812145314775
2011-01-06,0.5100895104484131,2.510089510448413,3.3332108877905284,3.6828418240683347,1.387933091301106,2.2949087327672286
2011-01-07,0.4600042687248358,2.460004268724836,3.3623879027923387,3.5958918564781177,1.31542109265256,2.2804707638255577
2011-01-10,0.44861669333200105,2.448616693332001,3.352241903448732,3.5649834757893397,1.2988029785174176,2.266180497271922
2011-01-11,0.45584328714544675,2.4558432871454468,3.4085521108460455,3.621247626718016,1.3057988059331742,2.315448820784842
2011-01-12,0.4532117238237596,2.4532117238237596,3.424039309016994,3.6251805574572575,1.3011267894381777,2.3240537680190796
2011-01-13,0.4261752595209174,2.4261752595209174,3.446427479690076,3.578790567891803,1.2610263952914758,2.3177641726003273
2011-01-14,0.43118863215862646,2.4311886321586265,3.464429154813935,3.601734100862822,1.2692029525479132,2.332531148314909
2011-01-18,0.4328986708820608,2.432898670882061,3.508138572864837,3.638372877450491,1.2693773584302848,2.3689955190202063
2011-01-19,0.4291014839539873,2.4291014839539873,3.488901558165974,3.6194004101061843,1.2628255459025006,2.356574864203684
2011-01-20,0.458172262472079,2.458172262472079,3.553702288536723,3.7284153427435864,1.2992776819437106,2.429137660799876
2011-01-21,0.4581817996863098,2.45818179968631,3.5046939674588806,3.693174313808424,1.302810407097984,2.39036390671044
2011-01-24,0.4568502077462817,2.4568502077462817,3.487028173439686,3.676258785937457,1.3014790794750275,2.3747797064624296
2011-01-25,0.4535994388803726,2.4535994388803726,3.3624516914327707,3.5832066084737813,1.30538840522044,2.277818203253341
2011-01-26,0.44435305533792224,2.4443530553379222,3.5469352967759846,3.693367268573587,1.2798259820681812,2.413541286505406
2011-01-27,0.4281994469001802,2.42819944690018,3.5467998420111115,3.6628181633588475,1.2546351183946907,2.408183044964157
2011-01-28,0.420753237080163,2.420753237080163,3.4660269785787534,3.5891175297133553,1.2509272568074163,2.3381902729059387
2011-01-31,0.4124687535574445,2.4124687535574445,3.591474602491626,3.65713727911588,1.2338465936495846,2.423290685466295
2011-02-01,0.43448567490060697,2.434485674900607,3.61472084768263,3.7197134208408533,1.2630019647275408,2.4567114561133128
2011-02-02,0.48199998691080026,2.4819999869108003,3.508956493462147,3.7461609721876465,1.3377360835473318,2.408424888640315
2011-02-03,0.510055271868822,2.510055271868822,3.507039884986913,3.806589411087596,1.376324605532343,2.430264805555253
2011-02-04,0.5408449965314794,2.5408449965314794,3.545083230550791,3.903099081889967,1.415667726977045,2.487431354912922
2011-02-07,0.5548922756494115,2.5548922756494115,3.5005717518725383,3.9020462828921225,1.4381224800933967,2.4639238027987256
2011-02-08,0.6006448606746648,2.600644860674665,3.461961822606632,3.9710845228897917,1.5060555510412093,2.4650289718485823
2011-02-09,0.596480225647344,2.596480225647344,3.3561794771726454,3.8913066640743397,1.5065183146982413,2.384788349376098
2011-02-10,0.6258739541743576,2.6258739541743576,3.3148921743943056,3.92776553105879,1.5461706474826253,2.3815948835761644
2011-02-11,0.6388055283261238,2.638805528326124,3.1877227354136473,3.863263604900673,1.5716240984744272,2.291639506426246
2011-02-14,0.6460932406931512,2.646093240693151,3.1315333406560697,3.839548211272361,1.5836906076458939,2.2558576036264673
2011-02-15,0.6435752751291268,2.643575275129127,3.1123299755673344,3.8230497158668997,1.5822287610152335,2.2408209548516664
2011-02-16,0.6472464446879158,2.647246444687916,3.1168802310515495,3.833831601569949,1.5860044797241217,2.2478271218458272
2011-02-17,0.6185151756355758,2.618515175635576,3.148723754962667,3.7990990596308953,1.5424966312404413,2.2566024283904538
2011-02-18,0.6097754260314812,2.609775426031481,3.1976071261633585,3.816719222362369,1.526297699891005,2.290421522471364
2011-02-22,0.5663133605797128,2.566313360579713,3.1483342178320193,3.6843063581727042,1.4708143955840185,2.2134919625886855
2011-02-23,0.5857588923370916,2.5857588923370916,3.126824067326247,3.713749938109765,1.4975881054974272,2.216161832612338
2011-02-24,0.5968484684215927,2.5968484684215927,3.036095437610804,3.6756068467016303,1.517820618076342,2.1577862286252882
2011-02-25,0.5891667376894301,2.58916673768943,3.0160503793781466,3.644145938516313,1.5091897884900851,2.1349561500262277
2011-02-28,0.5710104616599718,2.571010461659972,3.065162081729781,3.6422302241493356,1.4803808744865543,2.1618493496627815
2011-03-01,0.5586096662159541,2.558609666215954,3.0936124917204495,3.637456793315564,1.4613567671512977,2.1761000261642662
2011-03-02,0.5670414627366238,2.567041462736624,3.1483860647234607,3.692440651040495,1.4713439089662843,2.2210967420742103
2011-03-03,0.6187822501465092,2.6187822501465092,3.1486880697967905,3.80218677291859,1.5425750253029151,2.2596117476156747
2011-03-04,0.5691567321821527,2.5691567321821527,3.1792056612583117,3.7198014690690093,1.4721066132923193,2.24769485577669
2011-03-07,0.5733379980254227,2.5733379980254227,3.1961000481584456,3.7393439847295906,1.4766907654096522,2.2626532193199385
2011-03-08,0.5682211132645723,2.5682211132645723,3.281278189567235,3.7873282476838064,1.4632483291242109,2.3240799185595957
2011-03-09,0.5512547168423936,2.5512547168423936,3.2260596056162782,3.7103728135678713,1.4420067932070568,2.2683660203608147
2011-03-10,0.5133483823002685,2.5133483823002685,3.200575683254481,3.6100300304559427,1.3880309820538839,2.2219990484020586
2011-03-11,0.5065159204973799,2.50651592049738,3.2721043540617956,3.6455952178866657,1.3752686331512392,2.2703265847354266
2011-03-14,0.4795698285582297,2.4795698285582297,3.2933584468214363,3.6002788848975,1.3379670841691138,2.2623118007283862
2011-03-15,0.49134687990864556,2.4913468799086456,3.2080687469651146,3.562565982967578,1.3585256066358047,2.2040403763317737
2011-03-16,0.45185846182711487,2.451858461827115,3.1735790305588623,3.4498339184685145,1.3058927283300008,2.1439411901385137
2011-03-17,0.4616437919011567,2.4616437919011567,3.1905273650245363,3.4810889848724536,1.3177666552093197,2.163322329663134
2011-03-18,0.49327542007507397,2.493275420075074,3.135727454299179,3.5143992235676547,1.367226753831684,2.1471724697359704
2011-03-21,0.5363886550321748,2.536388655032175,3.0621769972016573,3.5565576348641637,1.432361217615531,2.1241964172486325
2011-03-22,0.5440132655898786,2.5440132655898786,3.0458456395089613,3.563264588955456,1.4410990029757231,2.122165585979733
2011-03-23,0.5427440189642994,2.5427440189642994,3.0788240222049836,3.5845740720167654,1.4375578868742112,2.1470161851425544
2011-03-24,0.5668137585636632,2.5668137585636632,3.1003387372810494,3.652884812030347,1.470953483031982,2.181931328998365
2011-03-25,0.5969833194429466,2.5969833194429466,3.0638760440542185,3.6864521840267925,1.5176598067810843,2.1687923772457083
2011-03-28,0.6197448199670283,2.6197448199670283,2.9976587231967855,3.689650252730291,1.5534232563830546,2.1362269963472365
2011-03-29,0.6225524482665019,2.622552448266502,3.0280282081439687,3.716989929798356,1.5549574361261143,2.1620324936722417
2011-03-30,0.6051122372260647,2.6051122372260647,3.0381272446561987,3.6871046885852463,1.5280425261853248,2.1590621623999215
2011-03-31,0.6259444590509808,2.625944459050981,2.9874341214980262,3.6985256227080585,1.5628291017178741,2.1356965209901846
2011-04-01,0.642807551530522,2.642807551530522,2.901097047526026,3.676425098922589,1.5875675022138307,2.088857596708758
2011-04-04,0.6113439962443028,2.611343996244303,2.9820622377928387,3.6671626817266767,1.537064449404949,2.1300982323217275
2011-04-05,0.6464548698488422,2.646454869848842,2.9562761506091384,3.719946932724165,1.5921022064038082,2.1278447263203573
2011-04-06,0.6500931422233016,2.6500931422233016,3.035001660773734,3.7831003081526173,1.5931604609769394,2.189939847175678
2011-04-07,0.6173556355742686,2.6173556355742686,3.1624726734245208,3.808003095393595,1.5364447181965102,2.271558377197085
2011-04-08,0.6260897262733565,2.6260897262733565,3.156627880998027,3.8215352379383654,1.549769732417502,2.2717655055208636
2011-04-11,0.6197427411975323,2.6197427411975323,3.182205079961456,3.8236183845773666,1.5390602371353046,2.2845581474420618
2011-04-12,0.5811246556334826,2.5811246556334826,3.1972460767886837,3.753931768765817,1.4820699960874666,2.27186177267835
2011-04-13,0.5779116992645932,2.577911699264593,3.1561449817549665,3.7206878653820494,1.478517549724269,2.2421703156577806
2011-04-14,0.5903349654148915,2.5903349654148915,3.148720101501617,3.7386930191260612,1.4980884025117274,2.240604616614334
2011-04-15,0.569739988592433,2.569739988592433,3.106367331000161,3.6662404058365605,1.4741883656689148,2.1920520401676455
2011-04-18,0.5372174503010907,2.5372174503010907,3.1699265563747154,3.6408837093133104,1.4237287859984198,2.2171549233148906
2011-04-19,0.5406797861550405,2.5406797861550405,3.137879817858426,3.626849115380114,1.4296307114288442,2.1972184039512697
2011-04-20,0.5628221364498209,2.562822136449821,3.137756254455706,3.676058498413527,1.4603096075405797,2.2157488908729475
2011-04-21,0.5634546004542891,2.563454600454289,3.108026436446412,3.657376145651877,1.4621890481855075,2.1951870974663694
2011-04-25,0.5551768146379921,2.555176814637992,3.080009612662092,3.6186295934874813,1.4535288798175887,2.1651007136698928
2011-04-26,0.5319939531529378,2.531993953152938,3.0906652365212146,3.577036100514367,1.4174638002514666,2.1595723002629006
2011-04-27,0.5151006848138255,2.5151006848138255,3.2159588161222032,3.627316042669526,1.3887138288621292,2.238602213807397
2011-04-28,0.4857433883470499,2.48574338834705,3.252235202164286,3.587773199344637,1.3457701861156102,2.242003013229027
2011-04-29,0.47282701572198604,2.472827015721986,3.2583924201389713,3.5629019187993536,1.3262336233493943,2.2366682954499595
2011-05-02,0.470596286543719,2.470596286543719,3.2530789026121028,3.554747829502296,1.3221117514816894,2.2326360780206067
2011-05-03,0.4753518571920985,2.4753518571920985,3.193653867032733,3.523307427318232,1.3291018316290637,2.1942055956891684
2011-05-04,0.486274871952487,2.486274871952487,3.1018471686369793,3.483357239563245,1.3502034533409235,2.1331537862223215
2011-05-05,0.47106587471851924,2.4710658747185192,3.0400453334060025,3.405826283145926,1.3293372026680117,2.0764890804779146
2011-05-06,0.4608783024161287,2.4608783024161287,3.087153279636567,3.416276692620254,1.3133855762310114,2.1028911163892428
2011-05-09,0.449482255971386,2.449482255971386,3.0927364345555475,3.394979218636337,1.297598543932733,2.0973806747036035
2011-05-10,0.4678421759399978,2.4678421759399978,3.1260767134661798,3.455911206999177,1.32203136786233,2.1338798391368465
2011-05-11,0.4535408587578509,2.453540858757851,3.1187646237504403,3.4218912251202935,1.3021561529217052,2.1197350721985884
2011-05-12,0.45777851935690705,2.457778519356907,3.1443941568420044,3.4496770705632116,1.306950734856187,2.1427263357070245
2011-05-13,0.45708240008900525,2.4570824000890052,3.086618508580429,3.4056879921530796,1.3102970158382687,2.095390976314811
2011-05-16,0.44756799322290064,2.4475679932229006,3.065551721336732,3.3722862289736897,1.2969568457501794,2.0753293832235102
2011-05-17,0.4402107185761839,2.440210718576184,3.0503190998236676,3.3434436905450813,1.2873984896699058,2.0560452008751753
2011-05-18,0.4667803593938693,2.4667803593938693,3.047270488808021,3.396688059465798,1.3279400020012049,2.0687480574645933
2011-05-19,0.45458576690300667,2.4545857669030067,3.0750597474562653,3.393898238879095,1.3070951068156034,2.0868031320634914
2011-05-20,0.44342836621479265,2.4434283662147926,3.0832479911507527,3.3752195121040707,1.2898676681174863,2.0853518439865844
2011-05-23,0.4395662988019531,2.439566298801953,3.061363606926804,3.345849657186195,1.2889724241151472,2.056877233071048
2011-05-24,0.4429990110331481,2.442999011033148,3.0464913296868517,3.3409174712822987,1.295406556433576,2.0455109148487227
2011-05-25,0.43057456132493144,2.4305745613249314,3.0959757190943513,3.3509524659366963,1.2741716063658892,2.076780859570807
2011-05-26,0.40133427967092317,2.401334279670923,3.094733301444105,3.28650839326081,1.2335466616516588,2.0529617316091513
2011-05-27,0.387839238114875,2.387839238114875,3.155278083708051,3.299281161152359,1.2110087727840424,2.088272388368317
2011-05-31,0.37284029644509964,2.3728402964450996,3.1749993041684306,3.2786001475090747,1.1901927058624073,2.0884074416466674
2011-06-01,0.3626736015112648,2.362673601511265,3.062198439778797,3.173394631328952,1.1813141431669405,1.9920804881620113
2011-06-02,0.3625683635669752,2.362568363566975,3.1733446149068207,3.247698019955305,1.1775525776412932,2.070145442314012
2011-06-03,0.3478425133011118,2.347842513301112,3.15119698220877,3.201178455743603,1.155306307872489,2.0458721478711137
2011-06-06,0.3387619288381174,2.3387619288381174,3.194347515082672,3.2113109554343997,1.1405150568045685,2.0707958986298314
2011-06-07,0.32755760175080795,2.327557601750808,3.253758356673554,3.2305771599586066,1.1222374196275164,2.10833974033109
2011-06-08,0.3051188836095964,2.3051188836095964,3.2470041903522855,3.17382115244647,1.0925615145099625,2.0812596379365074
2011-06-09,0.3347468267140794,2.3347468267140794,3.230717042683658,3.226989201336686,1.1351785080770405,2.091810693259646
2011-06-10,0.3346513924423764,2.3346513924423764,3.187166626830212,3.1968492798598604,1.1370881572793827,2.0597611225804777
2011-06-13,0.3327714197571172,2.332771419757117,3.222484835461941,3.2188097004224656,1.1326475521007244,2.0861621483217414
2011-06-14,0.35518440439657617,2.355184404396576,3.317699668238834,3.3356406975147332,1.158685762599606,2.176954934915127
2011-06-15,0.3118841202176714,2.3118841202176714,3.2583579447739375,3.1965778783086987,1.1022996498309927,2.094278228477706
2011-06-16,0.3201995032515299,2.32019950325153,3.149838354431008,3.136223572983874,1.119798061628932,2.016425511354942
2011-06-17,0.3198047873928811,2.319804787392881,3.177130776799874,3.1559596583115983,1.1170806039128305,2.038879054398768
2011-06-20,0.3208697764263153,2.3208697764263153,3.2005819217049343,3.176101698055514,1.1167792532164167,2.059322444839097
2011-06-21,0.3176692050426322,2.317669205042632,3.2590515947038696,3.2113191860364325,1.108517695633725,2.1028014904027073
2011-06-22,0.31602972106267657,2.3160297210626766,3.287581417740718,3.227658045375448,1.104982939531202,2.1226751058442463
2011-06-23,0.29042376587619145,2.2904237658761915,3.2426867116451312,3.13917063261725,1.0706359422700829,2.0685346903471675
2011-06-24,0.2604175403282074,2.2604175403282074,3.2710901029205317,3.089490234476878,1.02821206065851,2.0612781738183683
2011-06-27,0.27779082291209534,2.2777908229120953,3.3208375674990833,3.1564485118987906,1.0515759388026336,2.104872573096157
2011-06-28,0.32466420773633153,2.3246642077363315,3.348703495688113,3.2775720731413003,1.1176167442481915,2.159955328893109
2011-06-29,0.33380259711350746,2.3338025971135075,3.456429251827778,3.3823897764711575,1.1209362826211948,2.2614534938499626
2011-06-30,0.35025426001620374,2.3502542600162037,3.4744976756874735,3.436790445124217,1.1429370734347366,2.2938533716894804
2011-07-01,0.3745430991109142,2.374543099110914,3.4571382620420046,3.477611931359611,1.1780958555663716,2.29951607579324
2011-07-05,0.3270512600364768,2.3270512600364768,3.5172084980621463,3.416027187106843,1.1075621863147733,2.3084650007920695
2011-07-06,0.31097796259130916,2.310977962591309,3.5069743636408717,3.372613870744448,1.0848927695653898,2.2877211011790584
2011-07-07,0.351000055426546,2.351000055426546,3.4573164796001414,3.4232017027262795,1.1444700567623012,2.2787316459639784
2011-07-08,0.2988687673409416,2.2988687673409416,3.410238882654518,3.2768867838562654,1.0733832996487185,2.203503484207547
2011-07-11,0.2809183928293386,2.2809183928293386,3.342002419273623,3.1878402048165637,1.0513402142126627,2.136499990603901
2011-07-12,0.2804471863042508,2.280447186304251,3.2858864496617386,3.1452799616450644,1.0544762266269596,2.090803735018105
2011-07-13,0.2803640639728151,2.280364063972815,3.2607341498958426,3.127174329362195,1.0560368951146675,2.0711374342475275
2011-07-14,0.28503045764937696,2.285030457649377,3.3469873806916013,3.197606800627902,1.0574740743518334,2.140132726276069
2011-07-15,0.2692872131611299,2.26928721316113,3.3447888688991725,3.159037631532805,1.0359784605680578,2.123059170964747
2011-07-18,0.25123861789413393,2.251238617894134,3.408830022186862,3.16225956627899,1.0080781759358886,2.1541813903431013
2011-07-19,0.28182619244745943,2.2818261924474594,3.2354832995561438,3.1075433605917273,1.0603663729782846,2.047176987613443
2011-07-20,0.2812646225653701,2.28126462256537,3.3318166286678306,3.172446112077541,1.058632323028833,2.1138137890487076
2011-07-21,0.2946680991217452,2.294668099121745,3.401847163455656,3.2543174867455886,1.0717158008189975,2.182601685926591
2011-07-22,0.29445622935233295,2.294456229352333,3.331493132549685,3.2029404829182027,1.0749692612170525,2.1279712217011504
2011-07-25,0.2939579178038958,2.293957917803896,3.389082426590477,3.2415564517910065,1.071323341099674,2.170233110691332
2011-07-26,0.28180619475371493,2.281806194753715,3.366551770548277,3.195603110346329,1.059752189808723,2.135850920537606
2011-07-27,0.2996832078533789,2.299683207853379,3.3352190319018824,3.209547062993656,1.0853857284542017,2.1241613345394548
2011-07-28,0.293378415512187,2.293378415512187,3.3280884342039947,3.19269048829119,1.0791604143687328,2.1135300739224574
2011-07-29,0.2459385049007956,2.2459385049007956,3.2305253625715444,3.011764283935184,1.0235014472819386,1.9882628366532455
2011-08-01,0.2557261958409054,2.2557261958409054,3.1289303068763346,2.959840831322758,1.042628004187302,1.917212827135456
2011-08-02,0.25591379013594207,2.255913790135942,2.944290183285016,2.83478445628059,1.0477904942820142,1.786993961998576
2011-08-03,0.28152671247519123,2.2815267124751912,2.833529376712903,2.810979689767589,1.090288019624328,1.7206916701432609
2011-08-04,0.271622589060593,2.271622589060593,2.580291759683103,2.6198779191625348,1.0790623773093526,1.5408155418531821
2011-08-05,0.29037670854867415,2.290376708548674,2.698641652758166,2.7508560285756967,1.0973358971288782,1.6535201314468184
2011-08-08,0.3081530992070878,2.3081530992070878,2.3747638249852763,2.5558604477297187,1.1427550111388356,1.413105436590883
2011-08-09,0.26478680103469543,2.2647868010346954,2.209505705223485,2.342574600506653,1.0878785385453709,1.254696061961282
2011-08-10,0.29473780920714177,2.2947378092071418,2.0702512329131455,2.3113158262550235,1.1380403723415922,1.1732754539134314
2011-08-11,0.26733676742497003,2.26733676742497,2.4352006027455015,2.5120642917518943,1.0803515224025007,1.4317127693493936
2011-08-12,0.2767588878670093,2.2767588878670093,2.2492377634842953,2.397535740764897,1.105158326123824,1.292377414641073
2011-08-15,0.2770588277788999,2.2770588277789,2.318409207645743,2.4462102531816052,1.1016368420431948,1.3445734111384104
2011-08-16,0.2695698258561219,2.269569825856122,2.254820843309119,2.3840586800876444,1.0930091925726149,1.2910494875150296
2011-08-17,0.28758742930380876,2.2875874293038088,2.0755781350606917,2.297429720993908,1.1253300065047727,1.1720997144891352
2011-08-18,0.31610066052828856,2.3161006605282886,1.8543724966288764,2.2034517737289447,1.1766756175967146,1.0267761561322302
2011-08-19,0.3373721285994229,2.337372128599423,1.7541862593139328,2.1814939116260454,1.2110438258998817,0.9704500857261638
2011-08-22,0.3444453037849442,2.344445303784944,1.7782707557050141,2.216303310325152,1.2187755632231583,0.9975277471019939
2011-08-23,0.3348247427394657,2.3348247427394657,1.8771391734391383,2.2635872296509776,1.2004241139475502,1.0631631157034274
2011-08-24,0.318450579099828,2.318450579099828,2.1639141482531947,2.4324858855448017,1.1623746215630704,1.2701112639817314
2011-08-25,0.3044649627315099,2.30446496273151,2.100794264208,2.3602113477079576,1.1427155695973805,1.217495778110577
2011-08-26,0.2905929931487634,2.2905929931487634,2.100206568838093,2.326139938173457,1.1266274927728785,1.1995124454005786
2011-08-29,0.2853703452818728,2.2853703452818728,2.2483100506959204,2.4215892758815576,1.110467804038432,1.3111214718431257
2011-08-30,0.29554185222451324,2.2955418522245132,2.0697496842794916,2.315402009010122,1.1352915403981794,1.1801104686119428
2011-08-31,0.2805382492977184,2.2805382492977184,2.2069678588235,2.377137517685705,1.109639668829463,1.2674978488562418
2011-09-01,0.2859255335834039,2.285925533583404,2.057250893092389,2.2822814047931628,1.125209275819633,1.1570721289735297
2011-09-02,0.3414338517543083,2.3414338517543083,1.6707991067734387,2.1269087638167643,1.2251748448960909,0.9017339189206734
2011-09-06,0.3574603649155854,2.3574603649155854,1.5649351440698887,2.0904446663796703,1.252334497628037,0.8381101687516332
2011-09-07,0.3441489488842109,2.344148948884211,1.7251528207956328,2.1748923608539417,1.2244299524038793,0.9504624084500624
2011-09-08,0.34031419426305476,2.3403141942630548,1.6631201562543394,2.1218509600934956,1.2221553498199678,0.8996956102735278
2011-09-09,0.33809346562885345,2.3380934656288535,1.5609186011565441,2.044667610731702,1.2233489948246867,0.8213186159070154
2011-09-12,0.37063305572893057,2.3706330557289306,1.476667707232659,2.055465448057866,1.2746438661915631,0.7808215818663027
2011-09-13,0.35858561937622824,2.3585856193762282,1.5981545222836404,2.117010111240237,1.2501796638402922,0.8668304473999449
2011-09-14,0.3661205389374089,2.366120538937409,1.6072876024386291,2.1454546558950653,1.257580037978695,0.8878746179163703
2011-09-15,0.3556507358000438,2.355650735800044,1.7501930749463934,2.2266207050526066,1.235707851926176,0.9909128531264306
2011-09-16,0.3527239927754273,2.3527239927754273,1.7521445902936392,2.2208835356228422,1.233574312496542,0.9873092231263003
2011-09-19,0.34821479950715606,2.348214799507156,1.5856682534856619,2.0940114257730045,1.2331434400566903,0.8608679857163142
2011-09-20,0.35360763609815216,2.353607636098152,1.5507689659757045,2.0784686997150983,1.244681796175921,0.8337869035391774
2011-09-21,0.4133601369024458,2.4133601369024458,1.252867058383706,1.9920907131685606,1.3465157657815612,0.6455749473869994
2011-09-22,0.440507532283096,2.440507532283096,0.906528753748499,1.806993205472806,1.3999996350857284,0.4069935703870775
2011-09-23,0.4439984854926813,2.4439984854926813,1.0943700837075685,1.9468850165090967,1.3977647477222004,0.5491202687868963
2011-09-26,0.43701199687838965,2.4370119968783897,1.2329827045718869,2.028584765993348,1.3823843317682165,0.6462004342251313
2011-09-27,0.4247140580686324,2.4247140580686324,1.4145344286072739,2.131233764530819,1.3544882915085121,0.7767454730223069
2011-09-28,0.4199614809790688,2.419961480979069,1.463174889359868,2.153856253863416,1.3453950763403015,0.8084611775231143
2011-09-29,0.43179263417946245,2.4317926341794625,1.376670506506402,2.115791973762277,1.3697313807980975,0.7460605929641793
2011-09-30,0.4453708346728984,2.4453708346728984,1.2339439558337704,2.046044272438557,1.3948617385205602,0.6511825339179966
2011-10-03,0.45650988623348,2.45650988623348,1.00793843644652,1.908891100697692,1.4235643921551422,0.4853267085425499
2011-10-04,0.46659338270390194,2.466593382703902,1.0009792330087075,1.9252412665655916,1.4386142682184444,0.4866269983471472
2011-10-05,0.4645082878401894,2.4645082878401894,1.1601976939727976,2.03723396898007,1.426129331052185,0.611104637927885
2011-10-06,0.4591400114336359,2.459140011433636,1.3022330113029552,2.1293302082396983,1.409322680537649,0.7200075277020492
2011-10-07,0.47057062257756677,2.4705706225775668,1.4079822907449655,2.228928734076033,1.4212079607285022,0.8077207733475309
2011-10-11,0.4724108576366408,2.472410857636641,1.5170087175123523,2.313313123858443,1.4160881555042804,0.8972249683541627
2011-10-12,0.4513369159241236,2.4513369159241236,1.6766657425083462,2.386268298133008,1.374779870625219,1.011488427507789
2011-10-13,0.43626875076999205,2.436268750769992,1.6605252903448395,2.3370072961705257,1.358003990856426,0.9790033053140996
2011-10-14,0.41325544968365335,2.4132554496836534,1.8294409574362458,2.408745576421845,1.3156417468462827,1.0931038295755624
2011-10-17,0.4238148079237565,2.4238148079237565,1.6765304534276506,2.3219188085402758,1.3398599439344099,0.9820588646058659
2011-10-18,0.40991051489718267,2.4099105148971827,1.7418138013838025,2.3353281341021948,1.3179797123182546,1.0173484217839401
2011-10-19,0.40625368369411774,2.4062536836941177,1.7280466826434076,2.3147557040542113,1.3147331750958196,1.0000225289583917
2011-10-20,0.40492121779479184,2.404921217794792,1.7582363272163253,2.337561032791076,1.3084734956110766,1.0290875371799995
2011-10-21,0.3923626568443588,2.392362656844359,1.8499669990353738,2.374868319751645,1.2845590252802424,1.0903092944714026
2011-10-24,0.40161538203991043,2.4016153820399104,1.8595935039574574,2.4002920560809464,1.299591722084476,1.1007003339964705
2011-10-25,0.3983470797784463,2.3983470797784463,1.6782677389722913,2.2668953729861063,1.301670236627538,0.9652251363585684
2011-10-26,0.4051571264014022,2.4051571264014022,1.8036476644946227,2.368335918542029,1.3083126658667787,1.0600232526752504
2011-10-27,0.38547855610449133,2.3854785561044913,2.166834665008473,2.5823549056121533,1.262176078644881,1.3201788269672723
2011-10-28,0.37431373185897066,2.3743137318589707,2.0703032538470936,2.489237578584623,1.250034342638741,1.239203235945882
2011-10-31,0.36631135847668084,2.366311358476681,1.8304740317312085,2.2995326233341675,1.2532208802455103,1.0463117430886573
2011-11-01,0.3878375169571857,2.3878375169571857,1.5117752967220062,2.119903076372163,1.298286448465027,0.8216166279071362
2011-11-02,0.37189322196141283,2.371893221961413,1.585060361572383,2.1351462653019153,1.273808663115728,0.8613376021861874
2011-11-03,0.36324207458127766,2.3632420745812777,1.6984889113986759,2.1972064775638134,1.2544491385734295,0.9427573389903838
2011-11-04,0.3547068608887365,2.3547068608887365,1.6827655404818334,2.1659891015175434,1.2438340763185256,0.9221550251990178
2011-11-07,0.37474939334597934,2.3747493933459793,1.5706501309256158,2.1298508588607694,1.2775554215976241,0.8522954372631453
2011-11-08,0.3666628088985835,2.3666628088985835,1.696213884220283,2.203402330173232,1.2583357928172512,0.9450665373559808
2011-11-09,0.38560087020956324,2.3856008702095632,1.4715163918348289,2.086825524141064,1.295631326893879,0.791194197247185
2011-11-10,0.3791411176066237,2.3791411176066237,1.5834903609060662,2.150272282731085,1.2819174959075756,0.8683547868235093
2011-11-14,0.38078813235990516,2.380788132359905,1.5668314793516247,2.1436292762025957,1.2844020572962183,0.8592272189063774
2011-11-15,0.3881946188571028,2.388194618857103,1.5633206856778354,2.1581648316062694,1.2934800305006067,0.8646848011056627
2011-11-16,0.39752329241222384,2.397523292412224,1.4601831386232274,2.1019529746796755,1.3144902762317934,0.7874626984478821
2011-11-17,0.4129349520963519,2.412934952096352,1.3288605281403019,2.0420537314454923,1.343333609391023,0.6987201220544692
2011-11-18,0.430175646080146,2.430175646080146,1.3538250109081602,2.1016825424464374,1.3638727303122222,0.7378098121342151
2011-11-21,0.43467079028732414,2.434670790287324,1.2831243225006759,2.060453791707342,1.3754655351303124,0.6849882565770298
2011-11-22,0.43297203960290176,2.4329720396029018,1.244558934331839,2.0324638830530364,1.373918620759547,0.6585452622934893
2011-11-23,0.44665092264124695,2.446650922641247,1.1128860510139553,1.9645225459459341,1.4031244395792608,0.5613981063666733
2011-11-25,0.4402396927390857,2.4402396927390857,1.261740149814882,2.0582360226739302,1.3850213381529324,0.6732146845209979
2011-11-28,0.42333444801204223,2.4233344480120422,1.321722054184109,2.0644670157497877,1.3586266428758746,0.7058403728739131
2011-11-29,0.41963300150466054,2.4196330015046605,1.3915896617881591,2.1044514149046814,1.3515915115133326,0.7528599033913488
2011-11-30,0.39257805056210415,2.392578050562104,1.6049474520941711,2.197936162652975,1.3007350692396773,0.8972010934132977
2011-12-01,0.38581867829894634,2.3858186782989463,1.66731435398808,2.2249550247696908,1.2883754303268613,0.9365795944428295
2011-12-02,0.39098304750821633,2.3909830475082163,1.5440057229483992,2.1502161870640135,1.300844594217847,0.8493715928461665
2011-12-05,0.3991469264830201,2.39914692648302,1.4999816220098872,2.1397818185375304,1.311052444859751,0.8287293736777794
2011-12-06,0.38217830790332386,2.382178307903324,1.636979225573202,2.1947198189786157,1.2851127924507149,0.9096070265279008
2011-12-07,0.3719149521742242,2.371914952174224,1.5738660199867915,2.127485506729873,1.2731800183809454,0.8543054883489274
2011-12-08,0.3712056748028765,2.3712056748028765,1.5093398432179992,2.0802073330902524,1.2748857677973529,0.8053215652928996
2011-12-09,0.356576813764919,2.356576813764919,1.6831481401531647,2.172256184885898,1.2450681664028789,0.9271880184830192
2011-12-12,0.36361509386886937,2.3636150938688694,1.599521408749231,2.127837477431452,1.2598437922656158,0.8679936851658363
2011-12-13,0.3846809244883964,2.3846809244883964,1.4195257781676789,2.0459836005409926,1.2991740117598254,0.7468095887811672
2011-12-14,0.41629889850833024,2.4162988985083302,1.2428107296358286,1.9891682668485788,1.3533292322956014,0.6358390345529774
2011-12-15,0.4122126244001585,2.4122126244001585,1.2704904177035523,1.9993840909775873,1.3467134273598163,0.652670663617771
2011-12-16,0.4091269022481221,2.409126902248122,1.1874281645391997,1.932414240136288,1.347504332604501,0.584909907531787
2011-12-19,0.43095101018240456,2.4309510101824046,1.0454588752142655,1.879962910129671,1.3849380626783758,0.49502484745129527
2011-12-20,0.41547110504730966,2.4154711050473097,1.2705345900223648,2.008224795480907,1.3494494499190284,0.6587753455618788
2011-12-21,0.42188431138590765,2.4218843113859077,1.3170610244003598,2.0514329635086206,1.358590489714313,0.6928424737943075
2011-12-22,0.4276297400373732,2.427629740037373,1.2873534647516482,2.044346302624364,1.3662769451519585,0.6780693574724053
2011-12-23,0.4357611269658346,2.4357611269658346,1.362341085129109,2.1158580146499255,1.373419562940178,0.7424384517097475
2011-12-27,0.43876463275373645,2.4387646327537364,1.3400567688569218,2.109927050096861,1.3770476194929742,0.732879430603887
2011-12-28,0.45231403251516156,2.4523140325151616,1.1534025164241033,2.0073172414358056,1.406509568985515,0.6008076724502907
2011-12-29,0.4489464972225523,2.4489464972225523,1.1315796131981015,1.9829110881915406,1.4033273109733317,0.5795837772182089
2011-12-30,0.426408866479429,2.426408866479429,1.178808693090044,1.9674593651900574,1.3688514754004277,0.5986078897896296
2012-01-03,0.4215981524643766,2.4215981524643766,1.3219582547068764,2.0551457333530063,1.3573088702164693,0.697836863136537
2012-01-04,0.4071297470184536,2.4071297470184536,1.4082637742508481,2.087007567961837,1.3295292299233235,0.7574783380385135
2012-01-05,0.39891675278501815,2.398916752785018,1.446496595124228,2.0952356573263407,1.3158210418785155,0.7794146154478252
2012-01-06,0.4019039267212037,2.4019039267212037,1.3870742002358663,2.0588589954811387,1.3238394813602077,0.735019514120931
2012-01-09,0.3944389185653918,2.394438918565392,1.3962666551634566,2.0491432416176156,1.3125261527941938,0.7366170888234218
2012-01-10,0.3920956016948036,2.3920956016948036,1.44093159338171,2.0754918505486684,1.3078349501144808,0.7676569004341876
2012-01-11,0.39353762832721806,2.393537628327218,1.330107764360977,2.0010711281440434,1.3155857475528503,0.6854853805911931
2012-01-12,0.3957948093700203,2.3957948093700203,1.3445289428860354,2.0184157207482927,1.3161286428946206,0.7022870778536721
2012-01-13,0.3994840106170372,2.399484010617037,1.2483219996395283,1.9555190357985963,1.3285812396972518,0.6269377961013445
2012-01-17,0.4025229032713149,2.402522903271315,1.2006033444294566,1.9325118942062691,1.3314564521798289,0.6010554420264402
2012-01-18,0.39553800548109663,2.3955380054810966,1.2997306868287968,1.9847265048803358,1.3185397775374241,0.6661867273429116
2012-01-19,0.3837748172393578,2.383774817239358,1.4802049446559336,2.0881016651792605,1.2925995122106837,0.7955021529685768
2012-01-20,0.38100149149636486,2.381001491496365,1.569110114179713,2.1434963278311883,1.2858503053431047,0.8576460224880835
2012-01-23,0.37450676139945926,2.3745067613994593,1.6444935602295754,2.1855642199294665,1.270730035561614,0.9148341843678525
2012-01-24,0.3717671779081062,2.371767177908106,1.6373255337207429,2.1730393324505783,1.2676726935184095,0.9053666389321688
2012-01-25,0.34062059630395325,2.3406205963039532,1.6191796000922531,2.087653312290585,1.226278511025695,0.8613748012648899
2012-01-26,0.33622592299238363,2.3362259229923836,1.5475657706725467,2.0264079742220624,1.223446933958117,0.8029610402639453
2012-01-27,0.34179950109807145,2.3417995010980714,1.4748785785453293,1.986631912028906,1.2346687413188155,0.7519631707100904
2012-01-30,0.35739113883096607,2.357391138830966,1.3368579402822878,1.9222086007953814,1.2647947906274908,0.6574138101678906
2012-01-31,0.3653508109039585,2.3653508109039585,1.2501849102865874,1.8752123823868232,1.2828139735234123,0.5923984088634109
2012-02-01,0.35348160525878747,2.3534816052587875,1.356993367425595,1.9220088621175206,1.2629401751352842,0.6590686869822364
2012-02-02,0.35498412955313263,2.3549841295531326,1.3221002116641891,1.8982861020012387,1.267853970887946,0.6304321311132928
2012-02-03,0.3462927877302686,2.3462927877302686,1.5164208115079303,2.0190603832029286,1.2437366460742854,0.7753237371286432
2012-02-06,0.34967946872804845,2.3496794687280484,1.444323060562403,1.975610217300705,1.2521132665528927,0.7234969507478124
2012-02-07,0.3521064966793386,2.3521064966793386,1.5585187094094026,2.061258136355321,1.2507858799837845,0.8104722563715363
2012-02-08,0.3575239435614357,2.3575239435614357,1.5386923927392715,2.05965123082003,1.2585616879635175,0.8010895428565123
2012-02-09,0.36473542752803034,2.3647354275280303,1.5762213994283432,2.099625532218251,1.2689958841638687,0.8306296480543822
2012-02-10,0.3734353481605286,2.3734353481605286,1.4242877599215875,2.012114492185187,1.2869797636194473,0.7251347285657395
2012-02-13,0.3833623692701309,2.383362369270131,1.4561359265617106,2.050165387918889,1.30482993521988,0.7453354526990088
2012-02-14,0.3963550011682653,2.3963550011682653,1.3140683179465364,1.9767935214486347,1.3313722031781294,0.6454213182705053
2012-02-15,0.38297306792060226,2.3829730679206023,1.3639428562856217,1.9885266128049295,1.305108605807035,0.6834180069978946
2012-02-16,0.3969295119194918,2.3969295119194918,1.414665987251162,2.0542628667751717,1.32318052928863,0.7310823374865416
2012-02-17,0.393987883955754,2.393987883955754,1.4557372541817442,2.080099536203535,1.3140950911955844,0.7660044450079506
2012-02-21,0.40097882690064957,2.4009788269006496,1.4943819556249673,2.121638001375369,1.322924241486753,0.798713759888616
2012-02-22,0.3960253631858315,2.3960253631858315,1.4362781034231773,2.070020517998133,1.3184413763903173,0.7515791416078155
2012-02-23,0.40861494407773513,2.408614944077735,1.3752827083538284,2.047001342488183,1.3451671818922177,0.7018341605959653
2012-02-24,0.4240877113182293,2.4240877113182293,1.3032421935242287,2.0361949133557493,1.365596797664368,0.6705981156913814
2012-02-27,0.41663547016754876,2.4166354701675488,1.2433212063068764,1.9760301765064758,1.3599451457783944,0.6160850307280814
2012-02-28,0.4123904623138621,2.412390462313862,1.2768987609346896,1.9893346253231774,1.3527455033222229,0.6365891220009545
2012-02-29,0.41296080730545803,2.412960807305458,1.3343570495412038,2.0326725076482446,1.3498839362943826,0.682788571353862
2012-03-01,0.39686396190397666,2.3968639619039767,1.4754788015236526,2.099865220499931,1.3180578744320937,0.7818073460678374
2012-03-02,0.3866310267072457,2.3866310267072457,1.4408701121483247,2.05008519640594,1.3073221730340183,0.7427630233719218
2012-03-05,0.40054304366179494,2.400543043661795,1.4217258044791183,2.066072324614787,1.3286068800707456,0.7374654445440416
2012-03-06,0.397456771407974,2.397456771407974,1.3494609280295427,2.0099989962190605,1.3262976553743056,0.683701340844755
2012-03-07,0.4032116521877782,2.403211652187778,1.3785337687160304,2.0377382343626405,1.337008543497357,0.7007296908652834
2012-03-08,0.4038651397240933,2.4038651397240933,1.4461250192640396,2.0883001314077534,1.3329662234540718,0.7553339079536816
2012-03-09,0.4083799415323828,2.4083799415323828,1.45257752956649,2.1035805173348625,1.3381187521088516,0.765461765226011
2012-03-12,0.4181761094625944,2.4181761094625944,1.4186873626071321,2.0992710930430567,1.355373179506273,0.7438979135367838
2012-03-13,0.42122605938139124,2.4212260593813912,1.5633038466707667,2.2078397746302127,1.3529729468130107,0.854866827817202
2012-03-14,0.43977206511562983,2.43977206511563,1.7511565251147907,2.383615526608499,1.3677125894563917,1.015902937152107
2012-03-15,0.41828843296502605,2.418288432965026,1.822125694121798,2.388198638881714,1.3336986868002676,1.0544999520814462
2012-03-16,0.42289926096503194,2.422899260965032,1.8375286558098782,2.41399031863667,1.337291394122725,1.076698924513945
2012-03-19,0.43231247875275614,2.432312478752756,1.9299628129541802,2.499845780835324,1.3472031661791772,1.1526426146561468
2012-03-20,0.44815534811415425,2.4481553481141543,1.8671330634865857,2.4920433987678345,1.3706837167495172,1.1213596820183174
2012-03-21,0.43911825026914464,2.4391182502691446,1.780129496054398,2.4125302904754435,1.3607181541246582,1.0518121363507853
2012-03-22,0.43159571475988834,2.4315957147598883,1.788361614395786,2.3989905541671406,1.3524786394972066,1.046511914669934
2012-03-23,0.4340624419875372,2.434062441987537,1.7119761378887404,2.352149703950729,1.358429208744805,0.993720495205924
2012-03-26,0.4235119166764658,2.423511916676466,1.745886837991815,2.353962474041672,1.3410077864888896,1.0129546875527822
2012-03-27,0.41028334557212176,2.4102833455721218,1.6999455144357913,2.2900583054654793,1.3256807335717247,0.9643775718937546
2012-03-28,0.4147830245090631,2.414783024509063,1.7045797126824018,2.302106799265372,1.332502038331364,0.9696047609340079
2012-03-29,0.41409960823856196,2.414099608238562,1.6443852611116005,2.2565810935308432,1.3349162915790291,0.9216648019518141
2012-03-30,0.4019357074916421,2.401935707491642,1.7821621525672775,2.3262357695162743,1.3120076073257796,1.0142281621904947
2012-04-02,0.39608498762243016,2.39608498762243,1.7841952027153578,2.3127756596031332,1.3050227816682651,1.0077528779348681
2012-04-03,0.4118254648820656,2.4118254648820656,1.8627529305191235,2.3986508851500647,1.3275350786886797,1.071115806461385
2012-04-04,0.4022234454946432,2.402223445494643,1.7985141730449286,2.3367430388896695,1.3119933314228087,1.0247497074668608
2012-04-05,0.4041197588500154,2.4041197588500154,1.7048923221823866,2.2726386278644255,1.320406428367814,0.9522321994966114
2012-04-06,0.3968893211841191,2.396889321184119,1.5157633157517978,2.121087452166098,1.3194154000084934,0.8016720521576046
2012-04-09,0.40788948622884824,2.4078894862288482,1.4629678941973765,2.1065058437137507,1.3393241215193485,0.7671817221944022
2012-04-10,0.3961858299665,2.3961858299665,1.4171004529993247,2.0523142026407113,1.3225346392868025,0.7297795633539088
2012-04-11,0.39428021794250157,2.3942802179425016,1.4927521288231835,2.100528700029396,1.3171045314987744,0.7834241685306216
2012-04-12,0.38592390178383695,2.385923901783837,1.575429444894656,2.142510940164936,1.3009118141250775,0.8415991260398583
2012-04-13,0.39100411912821365,2.3910041191282136,1.4599186168092757,2.0723666862745516,1.3136878539914525,0.7586788322830991
2012-04-16,0.3979764624449551,2.397976462444955,1.4089992588970963,2.048137827265476,1.3282396436179993,0.7198981836474769
2012-04-17,0.3891011212015947,2.3891011212015947,1.4919741511033218,2.0911895510399225,1.3092755596345589,0.7819139914053637
2012-04-18,0.394023068783639,2.394023068783639,1.440544210230592,2.062681281999269,1.3213630087989607,0.7413182732003081
2012-04-19,0.4005621747383721,2.400562174738372,1.369367744039649,2.0322419054934118,1.3286276159076809,0.7036142895857309
2012-04-20,0.39897173692505383,2.398971736925054,1.397357943668906,2.047829306578567,1.3262973766975261,0.721531929881041
2012-04-23,0.39619501717872474,2.3961950171787247,1.3525990680351567,2.009899355176027,1.3252004355414198,0.6846989196346074
2012-04-24,0.3978725397266025,2.3978725397266025,1.40775969415645,2.050707817770506,1.3267474015928609,0.7239604161776452
2012-04-25,0.38907053188900775,2.3890705318890078,1.447763144212339,2.0631266158453343,1.3093906507578816,0.7537359650874527
2012-04-26,0.3881514833380457,2.3881514833380457,1.4153178552095014,2.033203454511426,1.313655157884686,0.7195482966267401
2012-04-27,0.39056801908945005,2.39056801908945,1.3702566654139536,2.0112107401538375,1.3150352639846379,0.6961754761691996
2012-04-30,0.3896122041833614,2.3896122041833614,1.3657708252333682,2.0023807307939765,1.3164844396022983,0.6858962911916782
2012-05-01,0.3895430548926999,2.3895430548927,1.4159305494300263,2.0357296689310105,1.3156996921062125,0.720029976824798
2012-05-02,0.39510727426249836,2.3951072742624984,1.3463724832093664,1.9993203012077325,1.3267983198653093,0.6725219813424232
2012-05-03,0.3937627821222218,2.393762782122222,1.3621627673638779,2.008034295444408,1.3237252008415257,0.6843090946028823
2012-05-04,0.39602957911326087,2.396029579113261,1.2673608963119865,1.9462474019143865,1.33117818964308,0.6150692122713064
2012-05-07,0.3956301563798075,2.3956301563798075,1.2740314168948048,1.9517014408141768,1.3290262794635754,0.6226751613506014
2012-05-08,0.40251064285709326,2.4025106428570933,1.198571967923062,1.910866006984776,1.3443753543362413,0.5664906526485347
2012-05-09,0.4086427945404534,2.4086427945404534,1.1645614439939562,1.8988764172597206,1.355607344571999,0.5432690726877216
2012-05-10,0.4075917505461497,2.4075917505461497,1.1968879178341005,1.9227794252075447,1.3503285167282086,0.5724509084793361
2012-05-11,0.4130713684399705,2.4130713684399705,1.121903302999284,1.8753022234080734,1.36727949057107,0.5080227328370035
2012-05-14,0.42637242039067047,2.4263724203906705,0.9894582277549695,1.8108822431884164,1.392191294586092,0.4186909486023245
2012-05-15,0.44291334992546716,2.442913349925467,0.9011550524035248,1.7861718889817169,1.418885591368837,0.3672862976128799
2012-05-16,0.4542049302941802,2.45420493029418,0.8503731428198651,1.7773389906457293,1.435653566040539,0.34168542460519036
2012-05-17,0.485438531951349,2.485438531951349,0.6581175593526347,1.7087414344653784,1.4906596929785358,0.21808174148684256
2012-05-18,0.48931490043429804,2.489314900434298,0.6687861465914646,1.7219167638169401,1.4974356716801474,0.2244810921367928
2012-05-21,0.4761591149784312,2.476159114978431,0.7481124512468234,1.7521813384777822,1.4731180704099112,0.2790632680678711
2012-05-22,0.4724163222406226,2.4724163222406226,0.8181805551805699,1.7931514189778524,1.4640155604792304,0.3291358584986219
2012-05-23,0.4785735231864212,2.478573523186421,0.7103602290351805,1.7317799455628735,1.477414209474767,0.2543657360881064
2012-05-24,0.48351117942984523,2.4835111794298452,0.7656916555679634,1.7799077504626508,1.4829154985111819,0.29699225195146894
2012-05-25,0.48164917404451835,2.4816491740445183,0.7393338562289737,1.756355168208683,1.4820930112474573,0.2742621569612258
2012-05-29,0.4875774297752322,2.487577429775232,0.7066961758550947,1.7456561478718402,1.4921627410775655,0.2534934067942747
2012-05-30,0.4880461470589985,2.4880461470589985,0.530049136557007,1.626086302969622,1.4984208516173925,0.1276654513522295
2012-05-31,0.4915194148648876,2.4915194148648876,0.4695447012410152,1.5853837504481605,1.5112116627625576,0.0741720876856029
2012-06-01,0.5226739082662579,2.522673908266258,0.1720237761925545,1.4474453471012538,1.5666813373112476,-0.11923599020999376
2012-06-04,0.5268013876042819,2.526801387604282,0.26081705523694976,1.5254359399018147,1.5648936764283377,-0.03945773652652296
2012-06-05,0.5057181706673237,2.5057181706673237,0.40279534561651453,1.577910183812246,1.5295730164971815,0.048337167315064544
2012-06-06,0.49575420999317643,2.4957542099931764,0.5825473117429365,1.6779393294680556,1.5100160636390414,0.16792326582901418
2012-06-07,0.4920240116985575,2.4920240116985575,0.5744867035599239,1.6685443269245526,1.5004777931180846,0.16806653380646797
2012-06-08,0.4927640889105849,2.492764088910585,0.5723080264965288,1.6619109919384778,1.5069953906060611,0.15491560133241666
2012-06-11,0.5069548989551418,2.506954898955142,0.4297734992251059,1.5983043368780097,1.528346953653335,0.06995738322467471
2012-06-12,0.5090127936835174,2.5090127936835174,0.5572821561353485,1.6848404800581684,1.5318106569880134,0.153029823070155
2012-06-13,0.5179756954076797,2.5179756954076797,0.40988502169883145,1.6031033802515005,1.54911120801561,0.05399217223589048
2012-06-14,0.518087281055692,2.518087281055692,0.47501294072957445,1.6496166286081981,1.5462492362287217,0.10336739237947645
2012-06-15,0.5051159819844155,2.5051159819844155,0.45200176717723606,1.6051190811436566,1.5290721282792679,0.07604695286438878
2012-06-18,0.5120245469226301,2.51202454692263,0.42272260865953126,1.5985728541217292,1.541152531360176,0.05742032276155329
2012-06-19,0.5054437331476294,2.5054437331476294,0.50493705656335,1.644190373940877,1.5261670942227383,0.11802327971813864
2012-06-20,0.5190339640522428,2.519033964052243,0.4976669169459589,1.665414375671818,1.5484412103354261,0.1169731653363919
2012-06-21,0.5225310406219776,2.5225310406219776,0.4507805185245586,1.640232172326862,1.5558576269080138,0.08437454541884826
2012-06-22,0.5117021364141046,2.5117021364141046,0.5713843335704534,1.705076508127259,1.5316291824013732,0.17344732572588573
2012-06-25,0.5137485417941523,2.5137485417941523,0.4742314818366722,1.6384138837241196,1.5412220531020948,0.09719183062202474
2012-06-26,0.5175192177495074,2.5175192177495074,0.5067183046417951,1.6673559774931606,1.546504511629601,0.12085146586355955
2012-06-27,0.5155536937773935,2.5155536937773935,0.4874137462060726,1.650166555029307,1.5440331998910743,0.10613335513823263
2012-06-28,0.5154660411448457,2.5154660411448457,0.4157203295998573,1.5950180698395733,1.5504701799659186,0.044547889873654656
2012-06-29,0.49687504459385323,2.4968750445938532,0.5853955233068049,1.675529997845574,1.5139828419901817,0.16154715585539225
2012-07-02,0.4981547961135586,2.4981547961135586,0.4737592794227874,1.5946650968672138,1.5253104501169794,0.0693546467502344
2012-07-03,0.4950653856897844,2.4950653856897844,0.5496522663913157,1.6455827834600623,1.5136036612722585,0.13197912218780372
2012-07-05,0.4915753992537564,2.4915753992537564,0.5167978354384206,1.6148902616453225,1.5099639789608337,0.10492628268448878
2012-07-06,0.49526990542878124,2.4952699054287812,0.42718572254524423,1.563671544077111,1.5167104823523352,0.046961061724775766
2012-07-09,0.4997376859780225,2.4997376859780225,0.36084932944677317,1.5250867229239677,1.5277313030944577,-0.002644580170489963
2012-07-10,0.5041710672412378,2.504171067241238,0.32619284355290445,1.513735966871197,1.5331357124671356,-0.01939974559593871
2012-07-11,0.5070656098359034,2.5070656098359034,0.3421539322521041,1.5265757021736264,1.540898693339962,-0.014322991166335619
2012-07-12,0.5135085936088775,2.5135085936088775,0.27148122685151965,1.4950008680341125,1.5505424801943746,-0.0555416121602621
2012-07-13,0.5041943821637354,2.5041943821637354,0.32642666146441357,1.5151956832370084,1.5332460354222004,-0.01805035218519202
2012-07-16,0.490195091098375,2.490195091098375,0.3412045987054111,1.495669609955254,1.5126576402007463,-0.016988030245492336
2012-07-17,0.48997380360693654,2.4899738036069365,0.37614552452006134,1.5222825643105398,1.5081783727002307,0.01410419161030907
2012-07-18,0.479209023160605,2.479209023160605,0.4020328551297361,1.51632889985624,1.4924686408241443,0.023860259032095765
2012-07-19,0.4690961963474969,2.469096196347497,0.47688405601381567,1.5475291864743013,1.4744127408013563,0.07311644567294495
2012-07-20,0.4710378136027149,2.471037813602715,0.3958925754600717,1.4937836869234504,1.482542254808639,0.011241432114811323
2012-07-23,0.47298299824671375,2.4729829982467137,0.3505799699163141,1.467584372227646,1.4859078898484817,-0.018323517620835617
2012-07-24,0.4851587300055087,2.4851587300055087,0.26475673533599653,1.4312159643595006,1.509359332068189,-0.07814336770868846
2012-07-25,0.48164269287997996,2.48164269287998,0.2760631523304635,1.4309320759114978,1.5043614561668788,-0.07342938025538093
2012-07-26,0.4837229251042192,2.483722925104219,0.3058087094940922,1.4585407162364699,1.504275943106557,-0.04573522687008724
2012-07-27,0.4776333790227678,2.477633379022768,0.508776274888352,1.5891928360925645,1.4845151189651278,0.10467771712743668
2012-07-30,0.4666378460148497,2.4666378460148497,0.4790753835116066,1.543305692000077,1.4715901423036752,0.0717155496964017
2012-07-31,0.46217295098058386,2.462172950980584,0.46149643766730675,1.5234895587977753,1.4643094903166987,0.0591800684810766
2012-08-01,0.4640909338412218,2.464090933841222,0.5414072861317714,1.5842008015579272,1.463239617226899,0.1209611843310281
2012-08-02,0.4717713501644685,2.4717713501644685,0.4331031046436562,1.52263903358197,1.4810123729129703,0.04162666066899967
2012-08-03,0.4661033408233948,2.4661033408233948,0.5928737319470785,1.6267940312020195,1.4620028531833884,0.16479117801863108
2012-08-06,0.45961946429326517,2.459619464293265,0.6026879819386939,1.6150727974414048,1.455757573319093,0.1593152241223117
2012-08-07,0.4659861253378139,2.465986125337814,0.698119354553679,1.6958526418182118,1.460451689429774,0.23540095238843772
2012-08-08,0.4706449870090452,2.4706449870090452,0.7057823695182044,1.7102885084208075,1.4670731164325916,0.24321539198821585
2012-08-09,0.46867038508379366,2.4686703850837937,0.7260457120849946,1.721364179043211,1.4625304825318497,0.25883369651136134
2012-08-10,0.4662588360202289,2.466258836020229,0.6817060329803564,1.6854185864253468,1.460862357295457,0.2245562291298897
2012-08-13,0.46628667985287287,2.466286679852873,0.6780290441893151,1.6825802207781264,1.4615168665288485,0.22106335424927792
2012-08-14,0.4595159317866191,2.459515931786619,0.8201481594553246,1.7681643393232453,1.4452151798877182,0.32294915943552716
2012-08-15,0.45601214442497984,2.45601214442498,0.9446301933292576,1.850182739183232,1.433218094760772,0.41696464442245995
2012-08-16,0.4518937446156208,2.451893744615621,1.013202208992782,1.8919374348929545,1.4223286554282581,0.46960877946469637
2012-08-17,0.45362454436456723,2.4536245443645672,0.9804176574217722,1.8705187498661962,1.4275071566100632,0.44301159325613293
2012-08-20,0.45110856848228487,2.451108568482285,0.9850696185668735,1.8682096400212282,1.4238799657156787,0.4443296743055496
2012-08-21,0.4540026759153939,2.454002675915394,0.9559990484102876,1.8514869680363348,1.43164339069114,0.41984357734519473
2012-08-22,0.44389950281622603,2.443899502816226,0.8377934795453399,1.746186306577423,1.4221131289353217,0.3240731776421013
2012-08-23,0.45080569232017353,2.4508056923201735,0.7595994430757027,1.7061589309276148,1.4352890490138626,0.2708698819137523
2012-08-24,0.45805084932903384,2.458050849329034,0.7492327439441557,1.714570561974708,1.446193315782061,0.268377246192647
2012-08-27,0.4582156970103721,2.458215697010372,0.6974609925174686,1.6778991953207616,1.4492065485590988,0.2286926467616628
2012-08-28,0.46354221360492787,2.463542213604928,0.6577773251543253,1.6612847231798922,1.4585868100999844,0.2026979130799078
2012-08-29,0.4597770727506898,2.45977707275069,0.6953416840753552,1.680033272940618,1.4513402086649423,0.2286930642756757
2012-08-30,0.45177398520052847,2.4517739852005285,0.6815600136571716,1.6512473319343357,1.4422780512395994,0.2089692806947363
2012-08-31,0.4374215694879169,2.437421569487917,0.6220473521239014,1.5795240289787293,1.423351438212011,0.1561725907667184
2012-09-04,0.44521648883205245,2.4452164888320524,0.6274000824300683,1.6014534624707688,1.4334950652602607,0.1679583972105081
2012-09-05,0.439396904638901,2.439396904638901,0.667153332841864,1.6152765011056025,1.4241466401370984,0.19112986096850415
2012-09-06,0.43911854901690006,2.4391185490169,0.7898328700657204,1.7020128288940377,1.4171227864352587,0.284890042458779
2012-09-07,0.42631732458208305,2.426317324582083,0.8076033840413506,1.6847410296937404,1.3986914685054934,0.286049561188247
2012-09-10,0.42699035075896674,2.4269903507589667,0.8237503142341356,1.6982757268116582,1.3982937911063114,0.2999819357053468
2012-09-11,0.42447084016342806,2.424470840163428,0.8573355668278642,1.7166170315100753,1.3935744896323266,0.3230425418777487
2012-09-12,0.40612481609976925,2.4061248160997692,1.02034882444108,1.7945680482604214,1.3577290166171219,0.4368390316432995
2012-09-13,0.39290357832535605,2.392903578325356,1.0156016569658481,1.7593508480038356,1.3391411450060886,0.42020970299774696
2012-09-14,0.37596053984120203,2.375960539841202,1.273832302457408,1.9060616173574108,1.3014567557176964,0.6046048616397144
2012-09-17,0.3891254363707297,2.3891254363707297,1.1856087355200042,1.873175623445693,1.3240437678223953,0.5491318556232978
2012-09-18,0.39319676542021753,2.3931967654202175,1.1262345196061836,1.8377437166910016,1.3340717986388584,0.5036719180521432
2012-09-19,0.398699234733785,2.398699234733785,1.0742790464519203,1.8109063504144762,1.3462258347570555,0.46468051565742075
2012-09-20,0.40418075445320945,2.4041807544532094,1.0557246079036147,1.80949305920041,1.3550668531023313,0.4544262060980786
2012-09-21,0.401864247507163,2.401864247507163,1.0184715287733566,1.7785898433342373,1.3523478911382947,0.42624195219594263
2012-09-24,0.4121411529462051,2.412141152946205,0.9375658983734159,1.7402496757253987,1.373763110603075,0.3664865651223237
2012-09-25,0.42646890083022093,2.426468900830221,0.8183035461452097,1.689434738967095,1.398216148721162,0.291218590245933
2012-09-26,0.43660811156995827,2.4366081115699583,0.6827894631513001,1.6160603623027519,1.4193964312461493,0.19666393105660251
2012-09-27,0.4296781029839778,2.429678102983978,0.7453780334899831,1.6442151190385306,1.40744413993371,0.23677097910482048
2012-09-28,0.4171964350770452,2.417196435077045,0.7757237494526508,1.6408244495443636,1.3868015015419755,0.2540229480023881
2012-10-01,0.42224784405072135,2.4222478440507214,0.74678014990992,1.6314338283194145,1.3953141340853696,0.23611969423404489
2012-10-02,0.4203818412744873,2.4203818412744873,0.7526115127941544,1.6296296585744041,1.3939645019874696,0.23566515658693454
2012-10-03,0.4135314952546434,2.4135314952546434,0.7684475133694308,1.6258541787711893,1.3829373524499304,0.24291682632125888
2012-10-04,0.40751329185010476,2.4075132918501048,0.8721783627294344,1.6863124737627637,1.368890721611703,0.3174217521510607
2012-10-05,0.4055167787768834,2.4055167787768834,0.9755331610359317,1.7529375234280231,1.3623448060996473,0.39059271732837586
2012-10-09,0.41200451899756807,2.412004518997568,0.9334855067525507,1.7354649802189785,1.3756114878081482,0.3598534924108303
2012-10-10,0.42589046643230866,2.4258904664323087,0.8398272122953756,1.701022539288778,1.3990034039673243,0.30201913532145364
2012-10-11,0.4329920720022695,2.4329920720022695,0.797750257795599,1.68789112819974,1.410749734608047,0.2771413935916929
2012-10-12,0.43685361596565464,2.4368536159656546,0.7745749805236424,1.680729869264388,1.4172054339840527,0.2635244352803352
2012-10-15,0.43361839049400075,2.4336183904940007,0.7914122576068989,1.6863168320152904,1.411055578685635,0.27526125332965545
2012-10-16,0.42641238456307384,2.426412384563074,0.9031117164374778,1.749164597364398,1.3953658588864608,0.3537987384779373
2012-10-17,0.4359878420108494,2.4359878420108494,1.0088433563590953,1.8471433861744702,1.4020229915284976,0.44512039464597253
2012-10-18,0.4326398630664148,2.4326398630664148,1.0646230430931536,1.8793660786223936,1.394536761915317,0.4848293167070765
2012-10-19,0.4483277173033553,2.4483277173033553,0.917220175098794,1.8085760136314932,1.4249894307350812,0.383586582896412
2012-10-22,0.4549256440308902,2.45492564403089,0.9452229095807243,1.8452013416252422,1.4310876080376933,0.4141137335875489
2012-10-23,0.45355009651669675,2.4535500965166968,0.886046969310887,1.8002884087635511,1.4324927784816759,0.36779563028187523
2012-10-24,0.43970541655787976,2.4397054165578798,0.9513956368396599,1.8151923135796866,1.4104084735921663,0.4047838399875203
2012-10-25,0.4571934758508984,2.4571934758508984,0.9720461355386019,1.8732399069014471,1.4298131547640391,0.443426752137408
2012-10-26,0.45621388940256224,2.4562138894025622,0.872079546145216,1.7937433323804013,1.438514907922459,0.3552284244579422
2012-10-29,0.46214006823330145,2.4621400682333014,0.7826674623666765,1.7438214223287474,1.4513899396945722,0.2924314826341752
2012-10-31,0.4582173183418874,2.4582173183418874,0.7611841039322786,1.7208110362227713,1.4461203552432056,0.2746906809795657
2012-11-01,0.44862379934881425,2.4486237993488142,0.8420404021543528,1.7552619352446845,1.4299784664039072,0.3252834688407773
2012-11-02,0.44497864723825487,2.444978647238255,0.8599711692802083,1.7591313757733311,1.4245483475005716,0.33458302827275954
2012-11-05,0.4463007239768739,2.446300723976874,0.7971989940873496,1.7196810742618078,1.4276938084081807,0.2919872658536271
2012-11-06,0.45398393016737515,2.453983930167375,0.8660386376368887,1.784789682615734,1.435575864498223,0.34921381811751084
2012-11-07,0.4515228513287557,2.4515228513287557,0.7004194511257005,1.6625062514390387,1.4400389337056567,0.22246731773338202
2012-11-08,0.4587799317104686,2.4587799317104686,0.5955546028451926,1.6048646930659332,1.4553904092587833,0.1494742838071499
2012-11-09,0.4633452193588017,2.4633452193588017,0.5816245546450243,1.603737271478417,1.464092169163737,0.13964510231468008
2012-11-13,0.46143228657490987,2.46143228657491,0.5517413511961282,1.5780216269857128,1.4634349143382719,0.11458671264744091
2012-11-14,0.46211423620627556,2.4621142362062756,0.5526808184789556,1.5825351364219813,1.4624266750359327,0.12010846138604858
2012-11-15,0.4613339575460227,2.4613339575460227,0.535740544632691,1.5696309861065605,1.4615290774446337,0.10810190866192682
2012-11-16,0.4578349076941546,2.4578349076941546,0.5447123556045648,1.5689603496109343,1.4554056830500022,0.11355466656093216
2012-11-19,0.4539449047402062,2.453944904740206,0.6112882163108946,1.6074211035460877,1.4467872745600652,0.16063382898602252
2012-11-20,0.45014776413067636,2.4501477641306764,0.7066653854064151,1.6639817990799333,1.4384207033988954,0.22556109568103788
2012-11-21,0.4555535568925979,2.455553556892598,0.7210160755425179,1.688344814693538,1.4434538430031667,0.24489097169037133
2012-11-23,0.4594731384701465,2.4594731384701465,0.7235081849721576,1.697633746330101,1.4495847047484234,0.24804904158167762
2012-11-26,0.46022599017221566,2.4602259901722157,0.6700583635247332,1.6606276117690166,1.4541833196112586,0.20644429215775806
2012-11-27,0.4580803330783709,2.458080333078371,0.6462254543884749,1.6385837242580952,1.4524490650611954,0.18613465919689975
2012-11-28,0.4518155047140926,2.4518155047140926,0.6418402329191559,1.619732133854737,1.44552395552949,0.17420817832524693
2012-11-29,0.45030429457352206,2.450304294573522,0.6305047402087709,1.610174326456874,1.442183364883494,0.1679909615733799
2012-11-30,0.4397060805792652,2.439706080579265,0.6681654119672116,1.6122739070335756,1.4263105109926515,0.18596339604092416
2012-12-03,0.4443559760244842,2.444355976024484,0.663674361345491,1.6210681966042517,1.4317624822820023,0.1893057143222494
2012-12-04,0.4453264840141635,2.4453264840141635,0.6439706924560926,1.6090373535988833,1.4346089718089177,0.17442838178996567
2012-12-05,0.4423216940701131,2.442321694070113,0.629213812500947,1.5897363316754043,1.4323767746908882,0.1573595569845161
2012-12-06,0.4448337300838823,2.4448337300838823,0.5972718691541914,1.5731111376781697,1.4370717131713988,0.13603942450677087
2012-12-07,0.43694050212710955,2.4369405021271096,0.6940753911166209,1.6247646134672082,1.420574815440964,0.20418979802624415
2012-12-10,0.43701228332427355,2.4370122833242736,0.6851957378119347,1.6196825563273198,1.4204443658092352,0.19923819051808467
2012-12-11,0.4322198548448952,2.4322198548448952,0.7413298751268953,1.6503414680986799,1.4096075680701108,0.2407339000285691
2012-12-12,0.4193200109305639,2.419320010930564,0.8613307193041062,1.7075898035486836,1.3846349330999475,0.32295487044873616
2012-12-13,0.42913516871306,2.42913516871306,0.8774962948591583,1.7418264247118025,1.3975003936167008,0.34432603109510174
2012-12-14,0.4348605188071524,2.4348605188071524,0.8338132245485452,1.7272126501936607,1.4054786936458297,0.321733956547831
2012-12-17,0.4296124090422584,2.4296124090422584,0.9472766109850363,1.796015853823733,1.392349746662983,0.4036661071607499
2012-12-18,0.4345219500991977,2.4345219500991977,1.0069125912892325,1.8488276814873583,1.395339455451281,0.4534882260360773
2012-12-19,0.4354539658556096,2.4354539658556096,0.9810487427679906,1.8323855141481509,1.398216140202495,0.4341693739456558
2012-12-20,0.43527187499544695,2.435271874995447,0.9703191249786087,1.8248523511455117,1.3983712720157475,0.4264810791297642
2012-12-21,0.44394673286821273,2.4439467328682127,0.8856024892963985,1.7835406666605962,1.4152573337478946,0.36828333291270154
2012-12-24,0.44592199186882553,2.4459219918688255,0.9030505460441374,1.8011820107171765,1.4167925733517566,0.38438943736542
2012-12-26,0.446506600487778,2.446506600487778,0.8765917543086537,1.7810080523723752,1.4206835158905966,0.36032453648177865
2012-12-27,0.4425759131539646,2.4425759131539646,0.8241238027090589,1.7342705161107523,1.4182722052595353,0.315998310851217
2012-12-28,0.4424628962384851,2.442462896238485,0.8100071351566811,1.7267074548912342,1.4167779415474024,0.3099295133438318
2012-12-31,0.4232626229624614,2.4232626229624614,0.9500591516812329,1.7822680149943548,1.3835115261098878,0.398756488884467
2013-01-02,0.40862018963951563,2.4086201896395156,1.1247500731224482,1.8733476057866787,1.3547108095225613,0.5186367962641174
2013-01-03,0.4059590417251453,2.4059590417251453,1.2347736735020165,1.9488614517156444,1.3429501742308774,0.605911277484767
2013-01-04,0.4069375785383311,2.406937578538331,1.2511717579252846,1.9616387785072247,1.344930473106099,0.6167083054011258
2013-01-07,0.4082849545728262,2.408284954572826,1.228592719887116,1.9501366167898164,1.3463096677642254,0.603826949025591
2013-01-08,0.40484759676753335,2.4048475967675333,1.1836436465046054,1.911295557135893,1.3431606870333779,0.5681348701025151
2013-01-09,0.3975214262252518,2.3975214262252518,1.189990454515926,1.8997456558460606,1.3325527813330567,0.5671928745130039
2013-01-10,0.3946513733891823,2.3946513733891823,1.2547264517768504,1.941435846242302,1.323862660338797,0.617573185903505
2013-01-11,0.3986658400435701,2.39866584004357,1.2068509640817275,1.9160494437401736,1.332291865615518,0.5837575781246556
2013-01-14,0.39614027301890786,2.396140273018908,1.2094637023625125,1.909217792407038,1.3309240030278784,0.5782937893791595
2013-01-15,0.39871634334622463,2.3987163433462246,1.1543502731301878,1.8738622143988397,1.3387412833865386,0.5351209310123011
2013-01-16,0.40103972548445377,2.4010397254844538,1.1212379792084075,1.8575063967299532,1.341926234878869,0.5155801618510842
2013-01-17,0.40657580119527026,2.4065758011952703,1.184350802300865,1.9162699882251666,1.3449433308822634,0.5713266573429032
2013-01-18,0.4073736082249262,2.407373608224926,1.1440252758178149,1.888552328231086,1.349037552790704,0.5395147754403822
2013-01-22,0.402457367917858,2.402457367917858,1.1438564667674287,1.8768225077875083,1.3428206537206915,0.5340018540668168
2013-01-23,0.40160685685614084,2.401606856856141,1.1381781455574727,1.870774342429629,1.3417449200999965,0.5290294223296326
2013-01-24,0.40397352586841784,2.403973525868418,1.1549759252113043,1.8918020159284026,1.3409686311607594,0.5508333847676432
2013-01-25,0.4120253313087474,2.4120253313087474,1.3009201645943165,2.009291287351127,1.3480180657311358,0.6612732216199912
2013-01-28,0.4159125440907978,2.415912544090798,1.3170717620553347,2.030763487830666,1.3515203034170358,0.6792431844136302
2013-01-29,0.40582266176481596,2.405822661764816,1.3874121480365655,2.0580023447815687,1.33436586407708,0.7236364807044888
2013-01-30,0.39467971815459,2.39467971815459,1.414285740636978,2.0560086334351624,1.3143988655945698,0.7416097678405926
2013-01-31,0.39412497225224286,2.394124972252243,1.410360210479535,2.051989048101325,1.3147374173049413,0.7372516307963837
2013-02-01,0.38257020662372376,2.3825702066237238,1.4920144410682683,2.082254448846799,1.2956891196740405,0.7865653291727586
2013-02-04,0.37914006717558735,2.3791400671755873,1.4329806886869214,2.033214481704309,1.2932036872397272,0.7400107944645817
2013-02-05,0.38261800317840944,2.3826180031784094,1.4780803267869782,2.0742326504663775,1.294339902877512,0.7798927475888655
2013-02-06,0.3781305450580952,2.378130545058095,1.4343104926979384,2.0306407326063405,1.2923296605887813,0.7383110720175592
2013-02-07,0.3802409962235469,2.380240996223547,1.3995138130642024,2.011286533547496,1.2958980236476507,0.7153885098998454
2013-02-08,0.37944215180439755,2.3794421518043976,1.414835438056178,2.0211172346581994,1.2936851069246207,0.7274321277335787
2013-02-11,0.38884796088114015,2.38884796088114,1.3873874175680143,2.0213516975920576,1.3094113324879109,0.7119403651041467
2013-02-12,0.39039137715448113,2.390391377154481,1.4308145916532036,2.054990931432298,1.309816806501285,0.7451741249310131
2013-02-13,0.3928603554697734,2.3928603554697734,1.4975511522046778,2.1057620185050174,1.3117731288862489,0.7939888896187686
2013-02-14,0.3905204135451097,2.3905204135451097,1.4155465054418244,2.042949868099092,1.3121195486766735,0.7308303194224184
2013-02-15,0.393060816782981,2.393060816782981,1.4195750215654463,2.051946298715238,1.31522693814625,0.7367193605689879
2013-02-19,0.39335300490918,2.39335300490918,1.460331759061873,2.0810579352539587,1.3142927749209992,0.7667651603329595
2013-02-20,0.39000914148367904,2.390009141483679,1.4409689402256154,2.060962355459011,1.3089506362433034,0.7520117192157076
2013-02-21,0.3878863724024537,2.3878863724024537,1.4048968251608498,2.030282558374621,1.3086044682737241,0.7216780901008968
2013-02-22,0.3874704145933823,2.3874704145933823,1.3803499732997055,2.011333026651869,1.309382918936645,0.7019501077152241
2013-02-25,0.39047300263255913,2.390473002632559,1.23398387532857,1.9137959099446278,1.3208269018324648,0.592969008112163
2013-02-26,0.3883581063170958,2.3883581063170958,1.239198212459872,1.9110916158486106,1.3193605308791623,0.5917310849694484
2013-02-27,0.37737108100755457,2.3773710810075546,1.3188922550676425,1.9411154868233864,1.3016313633984677,0.6394841234249187
2013-02-28,0.3759645862508325,2.3759645862508325,1.29196810415388,1.9217964318654612,1.2983328439574837,0.6234635879079775
2013-03-01,0.3803509145087425,2.3803509145087425,1.2271931932671825,1.8854053643227686,1.3077229879895147,0.5776823763332539
2013-03-04,0.37694723020010734,2.3769472302001073,1.2741813061904868,1.9091555822123207,1.3023216894440008,0.6068338927683199
2013-03-05,0.37833624106411357,2.3783362410641136,1.2975021923789196,1.9310315748312294,1.300969916159948,0.6300616586712815
2013-03-06,0.37716622239920206,2.377166222399202,1.3701708491612852,1.980131100195337,1.295241304609298,0.6848897955860389
2013-03-07,0.37773258204654603,2.377732582046546,1.4620758982329827,2.0470479223672413,1.2919825439344228,0.7550653784328185
2013-03-08,0.37342541734089707,2.373425417340897,1.5849577315021515,2.1280790963062417,1.2780400977165889,0.8500389985896528
2013-03-11,0.37407746357234295,2.374077463572343,1.5797432742347794,2.126877565190648,1.2779143954112004,0.8489631697794475
2013-03-12,0.3774791805526867,2.3774791805526867,1.517997897761468,2.0872486307323754,1.2883777407553847,0.7988708899769907
2013-03-13,0.3810976102910324,2.3810976102910324,1.5049104792408006,2.0887606414357696,1.291577902725476,0.7971827387102937
2013-03-14,0.37549074092871493,2.375490740928715,1.5339240725630248,2.095899318118555,1.2825464506879214,0.8133528674306334
2013-03-15,0.37125056724054595,2.371250567240546,1.4795956275663134,2.0467388180276256,1.2796187054977493,0.7671201125298763
2013-03-18,0.37592388180048,2.37592388180048,1.3847439521939,1.9905281613197139,1.2906466276348538,0.6998815336848601
2013-03-19,0.37945406573746965,2.3794540657374696,1.312178047626925,1.9445725449527422,1.3012759953032649,0.6432965496494774
2013-03-20,0.3735285319921733,2.3735285319921733,1.4027935039379162,1.9959914786737014,1.2882089701813542,0.7077825084923473
2013-03-21,0.3844807447729277,2.3844807447729277,1.3304349303207417,1.9701733005060877,1.305944043137739,0.6642292573683488
2013-03-22,0.388064640221808,2.388064640221808,1.2965508282558238,1.9537499720832374,1.3129145505311095,0.6408354215521279
2013-03-25,0.3845455505348756,2.3845455505348756,1.3027459207636003,1.9500463488888453,1.3074566017701088,0.6425897471187365
2013-03-26,0.3849892393568446,2.3849892393568446,1.284695278535569,1.9371144251128791,1.3094855109362935,0.6276289141765856
2013-03-27,0.3864400161129886,2.3864400161129886,1.1981354666846968,1.8776895730427945,1.3166835561008494,0.5610060169419451
2013-03-28,0.39089071152887556,2.3908907115288756,1.1925040197007304,1.8849913055696665,1.322390021876907,0.5626012836927596
2013-04-01,0.3893275021330638,2.3893275021330638,1.1748771498102446,1.8713901572608964,1.31926432304782,0.5521258342130764
2013-04-02,0.3868938246888618,2.386893824688862,1.2297000544597534,1.9024617390454979,1.315405253879598,0.5870564851658999
2013-04-03,0.3848770793098186,2.3848770793098186,1.1469890666540143,1.838884734724882,1.3167564805733738,0.5221282541515082
2013-04-04,0.389857708620136,2.389857708620136,1.0502938245313946,1.7816727270373645,1.3283462767879928,0.4533264502493717
2013-04-05,0.4160254594079227,2.4160254594079227,0.8799831538835456,1.7174433556104352,1.3759553253524959,0.3414880302579393
2013-04-08,0.4108044654953247,2.4108044654953247,0.9568625028436908,1.761204606776438,1.3643460775787308,0.39685852919770714
2013-04-09,0.4068584056510467,2.4068584056510467,0.9844278451171622,1.7717401259336967,1.3569306341590603,0.41480949177463633
2013-04-10,0.4009583164686479,2.400958316468648,1.096999329660873,1.8381769225566706,1.3435341885709762,0.49464273398569447
2013-04-11,0.4029119377888133,2.4029119377888133,1.0583499294801468,1.818554503232338,1.3451646339571692,0.4733898692751688
2013-04-12,0.4134896724496251,2.413489672449625,0.9150709988498429,1.7415639099143332,1.3665937800607424,0.3749701298535908
2013-04-15,0.4201166805718408,2.420116680571841,0.8537935478815935,1.7129805441972539,1.3791432893171933,0.33383725488006055
2013-04-16,0.4163591148130319,2.416359114813032,0.9174510384096997,1.7492183805707833,1.3712392452207844,0.37797913534999883
2013-04-17,0.42339449749359837,2.4233944974935984,0.8666073910927934,1.7270723025143198,1.3850679757453566,0.3420043267689632
2013-04-18,0.4324639459669104,2.4324639459669104,0.8146225393573139,1.7117887309501545,1.399224851832434,0.31256387911772054
2013-04-19,0.4328885357296208,2.432888535729621,0.8313078892180292,1.7254175409133936,1.3982241663761585,0.32719337453723507
2013-04-22,0.42787337317649765,2.4278733731764977,0.8364264866172029,1.7174902171764517,1.3912160231244552,0.3262741940519964
2013-04-23,0.42583485251897635,2.4258348525189763,0.8597269283330964,1.7307514293836406,1.3860652524403594,0.3446861769432812
2013-04-24,0.42540623440167735,2.4254062344016774,0.8508739178880287,1.7218093857653043,1.3875474240276187,0.33426196173768563
2013-04-25,0.4211666334501114,2.4211666334501114,0.8852588626903257,1.7377772983008666,1.3789379336159224,0.35883936468494415
2013-04-26,0.42178660883274155,2.4217866088327415,0.8225044584920638,1.693711779057101,1.3842957881430922,0.30941599091400884
2013-04-29,0.41602650445144107,2.416026504451441,0.8372734122209251,1.6927393418156045,1.3739399016804792,0.3187994401351253
2013-04-30,0.41082954485011847,2.4108295448501185,0.8671230466351356,1.7025029162106646,1.3651330275905538,0.33736988862011086
2013-05-01,0.4164187046075529,2.416418704607553,0.784103421680044,1.6551159679677785,1.3782342491243098,0.2768817188434687
2013-05-02,0.41372149668970337,2.4137214966897034,0.7919630992542381,1.656270712119876,1.372826847711548,0.28344386440832814
2013-05-03,0.4073049497160195,2.4073049497160195,0.9982244068639616,1.7883944894899029,1.3529284080409636,0.4354660814489393
2013-05-06,0.40165824271036676,2.4016582427103668,1.0554813531643523,1.8172708188326114,1.3416222052703235,0.47564861356228794
2013-05-07,0.40249731102078457,2.4024973110207846,1.0806572198690017,1.8355795685779157,1.3423831688666314,0.49319639971128426
2013-05-08,0.40528800581105706,2.405288005811057,1.0496443631113124,1.8195111529377994,1.3481374717199457,0.4713736812178537
2013-05-09,0.4062255211679968,2.406225521167997,1.045800820031583,1.8187724775199243,1.349818452431375,0.46895402508854933
2013-05-10,0.40693508448215354,2.4069350844821535,1.1779688406772788,1.9193385939088063,1.3398837711728273,0.579454822735979
2013-05-13,0.40653729018366214,2.406537290183662,1.2111231405843084,1.9411337661868056,1.3378437078913985,0.603290058295407
2013-05-14,0.3975811761062218,2.397581176106222,1.3049115602840509,1.9876201383638514,1.3213362065779666,0.6662839317858849
2013-05-15,0.39909519996609966,2.3990951999660997,1.2798214814327284,1.9731878594895518,1.324352814330244,0.6488350451593077
2013-05-16,0.3996530132939675,2.3996530132939675,1.166451507244485,1.8924397870903236,1.3318453702346333,0.5605944168556902
2013-05-17,0.3940726024093184,2.3940726024093184,1.3114037755563874,1.9830220977342283,1.3166520478438097,0.6663700498904186
2013-05-20,0.3900452955316549,2.390045295531655,1.3505340762656664,2.0017588961080928,1.3093781835714202,0.6923807125366725
2013-05-21,0.39320475246720754,2.3932047524672075,1.2991518489168072,1.9724521189103288,1.3165608390589878,0.655891279851341
2013-05-22,0.39493070411904085,2.394930704119041,1.428366345648156,2.0720061536017007,1.310021779647284,0.7619843739544168
2013-05-23,0.3988037647177496,2.3988037647177496,1.41700022067187,2.0725732758883644,1.3164305218272536,0.7561427540611108
2013-05-24,0.40409160325236115,2.404091603252361,1.3797089073970517,2.0582824115517626,1.3251800091549049,0.7331024023968578
2013-05-28,0.40968047091528703,2.409680470915287,1.5895110013119762,2.218001441446683,1.3241100749115675,0.8938913665351154
2013-05-29,0.42212075383724645,2.4221207538372465,1.5007028373089808,2.185359193745394,1.3433127774119284,0.8420464163334656
2013-05-30,0.42019637737205073,2.4201963773720507,1.5059441507570082,2.1850891027236727,1.3397857256337042,0.8453033770899685
2013-05-31,0.4261297142634888,2.426129714263489,1.5457609527431346,2.225490025961129,1.3475587100514723,0.8779313159096567
2013-06-03,0.4202247467535063,2.4202247467535063,1.5329669329770113,2.2023403427317145,1.3412780696636633,0.8610622730680513
2013-06-04,0.4214814735222401,2.42148147352224,1.5624198286016675,2.2268734563225916,1.3409842191542758,0.8858892371683158
2013-06-05,0.4248912087807408,2.424891208780741,1.4920799804098293,2.18279573150763,1.3511392523992787,0.8316564791083514
2013-06-06,0.4309598626335944,2.4309598626335944,1.4339753234276262,2.1559498837558397,1.3609599689587608,0.7949899147970789
2013-06-07,0.441556526383474,2.441556526383474,1.5458496434556297,2.2614780126008687,1.3701052068419461,0.8913728057589225
2013-06-10,0.44395856868237793,2.443958568682378,1.5986521268931337,2.305893063411014,1.3684025473695294,0.9374905160414846
2013-06-11,0.45006703796782865,2.4500670379678287,1.5511861270242102,2.2835597190797228,1.3796812223593469,0.9038784967203759
2013-06-12,0.45312389690956323,2.4531238969095632,1.6021854395086184,2.3278655721139594,1.3817961657744076,0.9460694063395518
2013-06-13,0.4483217986837875,2.4483217986837875,1.5396589826728757,2.27392841353151,1.3772574130178872,0.8966710005136229
2013-06-14,0.4206445873005453,2.4206445873005453,1.5484806159104192,2.219127141263907,1.3373409645523582,0.8817861767115489
2013-06-17,0.4103985177405072,2.410398517740507,1.6661870369742857,2.27974362710358,1.320359535223166,0.959384091880414
2013-06-18,0.4106072954812543,2.4106072954812543,1.6735792344534435,2.286753484013122,1.3194744269236103,0.9672790570895118
2013-06-19,0.48028301459257605,2.480283014592576,1.6416000907211057,2.4278724408657304,1.419681390210779,1.0081910506549514
2013-06-20,0.48691470381287516,2.486914703812875,1.7423547738224805,2.51611125513515,1.4213500058453699,1.09476124928978
2013-06-21,0.5272253090162717,2.5272253090162717,1.7643441596811087,2.6220811056367515,1.478526235811755,1.1435548698249964
2013-06-24,0.5422808201860274,2.5422808201860274,1.806444682336938,2.6834297015742647,1.5003367238890213,1.1830929776852435
2013-06-25,0.5320275460014798,2.53202754600148,1.8762077156208719,2.709285713286227,1.4811441904756073,1.2281415228106196
2013-06-26,0.5250771043285312,2.525077104328531,1.8269900632098466,2.661961026348066,1.4736849442443856,1.1882760821036806
2013-06-27,0.5073867532302714,2.5073867532302714,1.7886349984865593,2.593736339868609,1.4520257621930466,1.1417105776755625
2013-06-28,0.5158994473447773,2.5158994473447773,1.8186747361499425,2.6348330476153645,1.4650596794074444,1.16977336820792
2013-07-01,0.5045321369472724,2.5045321369472724,1.8175682997645755,2.612651478377426,1.4421669023413457,1.1704845760360805
2013-07-02,0.507187213706425,2.507187213706425,1.7906900267533246,2.598692871978896,1.4499496181071692,1.1487432538717268
2013-07-03,0.5195849564312915,2.5195849564312915,1.8071263272462375,2.6393327798566717,1.4654468208562204,1.1738859590004513
2013-07-05,0.5455421061194112,2.5455421061194112,2.056007738768093,2.8797104254142716,1.4890114292821492,1.3906989961321223
2013-07-08,0.5126281267284263,2.5126281267284263,2.0448385101405435,2.799548491035633,1.4416714382406652,1.357877052794968
2013-07-09,0.5061310446738574,2.5061310446738574,2.0546057663115285,2.7895491668196457,1.4323113812448818,1.357237785574764
2013-07-10,0.5108479394902705,2.5108479394902705,2.100178617802152,2.8341453930641727,1.4364358963938655,1.3977094966703072
2013-07-11,0.4630939794354578,2.463093979435458,2.104567025018234,2.726951732261578,1.368420060835183,1.358531671426395
2013-07-12,0.47834069983247574,2.4783406998324757,2.0654385962696526,2.7326085481458664,1.3921543143706354,1.340454233775231
2013-07-15,0.4750812600809944,2.4750812600809944,2.013561490815727,2.6895169922188846,1.3887443393064596,1.300772652912425
2013-07-16,0.46794699191123,2.46794699191123,2.0082412305502544,2.6715330419252235,1.3772449844589134,1.29428805746631
2013-07-17,0.44747387704897257,2.4474738770489726,2.0337251008668993,2.640202905789664,1.350379769119181,1.289823136670483
2013-07-18,0.4404942945687438,2.440494294568744,2.128618343853386,2.6917810344306146,1.3374221421466237,1.3543588922839909
2013-07-19,0.44131273650040015,2.4413127365004,2.044662482665956,2.6316164863885962,1.34316711255841,1.2884493738301863
2013-07-22,0.44042813041214934,2.4404281304121493,2.0444522988358838,2.62931497422267,1.341481825687978,1.287833148534692
2013-07-23,0.4337497713134155,2.4337497713134155,2.104979864994325,2.6589230004924422,1.3266769215823937,1.3322460789100485
2013-07-24,0.44123329238027864,2.4412332923802786,2.1989417596311345,2.7452037307948634,1.3291601399677144,1.416043590827149
2013-07-25,0.43171749500602985,2.43171749500603,2.2286182209901675,2.746071057214886,1.3156432790255557,1.4304277781893302
2013-07-26,0.4316019150616448,2.431601915061645,2.1920106944647504,2.720046672402943,1.3201256775631864,1.3999209948397566
2013-07-29,0.42580597302218237,2.4258059730221824,2.257705446894498,2.7547276587749048,1.3075605773363685,1.4471670814385362
2013-07-30,0.42600705510551506,2.426007055105515,2.2795046435366952,2.7726289483721183,1.30604909271878,1.4665798556533383
2013-07-31,0.43213018790186375,2.4321301879018637,2.2294351359943008,2.7498356413038954,1.3179943436083486,1.4318412976955468
2013-08-01,0.4428351928987446,2.4428351928987446,2.4150921962009306,2.909255417451022,1.3241953864198146,1.5850600310312075
2013-08-02,0.40325271144354247,2.4032527114435425,2.373845239563252,2.7861758014565634,1.2709038737944183,1.5152719276621451
2013-08-05,0.4044493390917232,2.404449339091723,2.415666982885732,2.820280577631261,1.2685630529467151,1.5517175246845458
2013-08-06,0.4050263424766829,2.405026342476683,2.4206091200080593,2.8229944404999596,1.270181504992001,1.5528129355079585
2013-08-07,0.41045396265270284,2.410453962652703,2.3277352711000816,2.76976508998288,1.2809505536184123,1.4888145363644676
2013-08-08,0.41408954884233395,2.414089548842334,2.2844000632781913,2.7458011173871704,1.2888089126397022,1.4569922047474682
2013-08-09,0.4189500808464146,2.4189500808464146,2.2561756245426494,2.7371473161358093,1.2965422917113727,1.4406050244244366
2013-08-12,0.4235296884909481,2.423529688490948,2.2879630836098066,2.769987580340445,1.3043117933436736,1.4656757869967714
2013-08-13,0.44709107651257796,2.447091076512578,2.3714159854473387,2.8860547261936667,1.3318144594680619,1.5542402667256048
2013-08-14,0.44615964830997434,2.4461596483099743,2.3721250310691104,2.8826734538291285,1.3325998956938905,1.550073558135238
2013-08-15,0.4588922395108348,2.458892239510835,2.411622578526437,2.939958895648194,1.3483366448240524,1.5916222508241418
2013-08-16,0.46487781221016355,2.4648778122101636,2.50315251396413,3.021918530194351,1.3504785253889444,1.6714400048054066
2013-08-19,0.46924119142621734,2.4692411914262173,2.5442777124965303,3.0641528418492094,1.3516417511237855,1.712511090725424
2013-08-20,0.45422272214585924,2.4542227221458592,2.511738147248691,3.0030070194771974,1.33580219479021,1.6672048246869875
2013-08-21,0.48419413411371437,2.4841941341137144,2.493183219006948,3.0604514132242038,1.3770314696972035,1.6834199435270003
2013-08-22,0.5287149290509952,2.528714929050995,2.373529897664529,3.076728325538538,1.4442694650903798,1.6324588604481582
2013-08-23,0.5312417606765898,2.53124176067659,2.2550542254728647,2.9952154698201796,1.4555424421259155,1.539673027694264
2013-08-26,0.5191799964727686,2.5191799964727686,2.2406360101944287,2.9573039324334083,1.4393513905758097,1.5179525418575985
2013-08-27,0.5123760503376662,2.512376050337666,2.1528987660343546,2.876642959672895,1.4362991867170516,1.4403437729558433
2013-08-28,0.5237673072802043,2.5237673072802043,2.2088706298054444,2.9443536116637548,1.4468750423699754,1.4974785692937793
2013-08-29,0.5284282690240083,2.5284282690240083,2.139291570081461,2.907103886048371,1.455816419673005,1.4512874663753659
2013-08-30,0.5365412965293146,2.5365412965293146,2.1672310660105207,2.944937177737678,1.4672417448813102,1.4776954328563676
2013-09-03,0.5350604502055809,2.535060450205581,2.2950456175038205,3.0320575002851755,1.4581952688316395,1.573862231453536
2013-09-04,0.5672236183847161,2.567223618384716,2.2363370445795105,3.0607681793241706,1.5059971803823535,1.554770998941817
2013-09-05,0.6099525612346888,2.6099525612346888,2.221475685404519,3.143234631712762,1.5675944755205766,1.5756401561921856
2013-09-06,0.5782081703002753,2.5782081703002753,2.243997536779201,3.0925686878749046,1.519281632556711,1.5732870553181937
2013-09-09,0.5489103742477521,2.548910374247752,2.2935412124592336,3.062778388940214,1.4756253184493817,1.5871530704908323
2013-09-10,0.5688866028351836,2.5688866028351836,2.31448885617265,3.1171777255479154,1.5068943197252653,1.61028340582265
2013-09-11,0.547370306287382,2.547370306287382,2.3096928445794696,3.068329067434802,1.4742203731342067,1.5941086943005953
2013-09-12,0.5483393008893298,2.54833930088933,2.3023878412700274,3.0657130667525925,1.4753159046634379,1.5903971620891546
2013-09-13,0.5591421325036645,2.5591421325036645,2.2335224194432506,3.042839195735321,1.493333156482825,1.5495060392524962
2013-09-16,0.5095037031391527,2.5095037031391527,2.3830596946393126,3.0368459667577965,1.4174235463190514,1.619422420438745
2013-09-17,0.5022314183559491,2.502231418355949,2.3711855360713177,3.0154669394064,1.4056399502853567,1.6098269891210435
2013-09-18,0.42886535783032187,2.428865357830322,2.366416474926531,2.842232545765738,1.3000824536690707,1.5421500920966673
2013-09-19,0.44377099311763146,2.4437709931176315,2.416436728658768,2.913427628374659,1.320677580859485,1.592750047515174
2013-09-20,0.4554841279070363,2.4554841279070363,2.369806942513982,2.9063255488489874,1.340129895124798,1.5661956537241895
2013-09-23,0.4493110937357603,2.4493110937357603,2.33735714402507,2.869568037699446,1.3309181648146984,1.5386498728847475
2013-09-24,0.4560180027533285,2.4560180027533285,2.2385584959615628,2.8120534713059944,1.3467617690276612,1.4652917022783332
2013-09-25,0.44976953834141575,2.4497695383414158,2.2047399309553466,2.7711731759150404,1.3420759699272955,1.429097205987745
2013-09-26,0.4490048227383667,2.4490048227383667,2.2451433026214804,2.8013614831632787,1.335775266282656,1.4655862168806226
2013-09-27,0.4349883848822067,2.4349883848822067,2.2651225468172083,2.782291688693822,1.3160791084697059,1.466212580224116
2013-09-30,0.4333489796249772,2.433348979624977,2.2715087134244634,2.784478799452256,1.3137000343462213,1.4707787651060347
2013-10-01,0.4436328860338179,2.443632886033818,2.266469227296385,2.8027451876208396,1.3302663328154667,1.4724788548053729
2013-10-02,0.4246859689552984,2.4246859689552984,2.2872408308506547,2.775445321459667,1.3013920939391854,1.4740532275204814
2013-10-03,0.4184595612295059,2.418459561229506,2.2948386640532377,2.7649205514109063,1.2939564321079122,1.470964119302994
2013-10-04,0.4355936714020032,2.4355936714020032,2.3094052257229603,2.8125565282924603,1.3190598170688161,1.4934967112236441
2013-10-07,0.4466582290758634,2.4466582290758634,2.2444923840465645,2.7892648466102425,1.3387620319705367,1.4505028146397059
2013-10-08,0.4622665788361857,2.4622665788361857,2.2143987456946927,2.7944391131859394,1.36617869455547,1.4282604186304695
2013-10-09,0.4491069521561659,2.449106952156166,2.28386956072932,2.8158442511805584,1.3452095636439787,1.4706346875365797
2013-10-10,0.4461800521208783,2.4461800521208783,2.346406964682261,2.856376806445382,1.339010282554569,1.517366523890813
2013-10-11,0.4318327136787996,2.4318327136787996,2.392024770373796,2.853211275042219,1.3180993911612293,1.5351118838809898
2013-10-15,0.4207655259608085,2.4207655259608085,2.5018123916142194,2.9084647945332973,1.2959948380124724,1.612469956520825
2013-10-16,0.4178410427268755,2.4178410427268755,2.4160708263735327,2.84293967895192,1.2940672423195743,1.5488724366323456
2013-10-17,0.41234468601220264,2.4123446860122026,2.3114785262475,2.7554544613031293,1.2907698936979162,1.4646845676052132
2013-10-18,0.41446879814439797,2.414468798144398,2.2854827642648647,2.7476916686114325,1.2882174621964149,1.4594742064150177
2013-10-21,0.41734775175141614,2.417347751751416,2.321997435301249,2.778896777515475,1.2922729381937237,1.4866238393217515
2013-10-22,0.41002151147179156,2.4100215114717916,2.208807260343619,2.68049636036803,1.287568155521518,1.392928204846512
2013-10-23,0.4160905542992097,2.4160905542992097,2.146481780832218,2.648368631239643,1.298489060985311,1.3498795702543318
2013-10-24,0.4245530155167003,2.4245530155167003,2.14881353378075,2.6694824459387356,1.3122557594601247,1.3572266864786109
2013-10-25,0.42008797467958914,2.420087974679589,2.153886164941337,2.659624235221188,1.3083664109759623,1.3512578242452256
2013-10-28,0.4111729597238085,2.4111729597238085,2.2055169676738604,2.677302105102999,1.2912691948173287,1.38603291028567
2013-10-29,0.4083136567036245,2.4083136567036245,2.195058430788057,2.6645028771442445,1.2868859123043435,1.377616964839901
2013-10-30,0.4102878257852609,2.410287825785261,2.2183702603661946,2.687728148478402,1.2880258851982145,1.3997022632801874
2013-10-31,0.40523810062326326,2.4052381006232633,2.2668210920372545,2.7126617749736623,1.2779592589994209,1.4347025159742415
2013-11-01,0.41199873661965114,2.411998736619651,2.363794804051164,2.8001945606330416,1.283229540365593,1.5169650202674487
2013-11-04,0.4034626037670872,2.403462603767087,2.37176455300205,2.7851744493676454,1.270883717376623,1.5142907319910224
2013-11-05,0.3937100414800021,2.393710041480002,2.49577938984023,2.8528624653992822,1.2515003051070794,1.6013621602922028
2013-11-06,0.37230370072313157,2.3723037007231316,2.5293390986699933,2.8263139901938175,1.2205080705858788,1.6058059196079386
2013-11-07,0.37070787205376554,2.3707078720537655,2.4675856400074156,2.7790704889841593,1.2204574785387117,1.5586130104454476
2013-11-08,0.3800559177072742,2.380055917707274,2.656347575453376,2.93693731455232,1.2233940133037802,1.71354330124854
2013-11-12,0.3951681637242519,2.395168163724252,2.6599447091740434,2.972192384116404,1.2463819541923409,1.7258104299240633
2013-11-13,0.3738809517543462,2.373880951754346,2.6603628773537498,2.9235737421301202,1.2163325744537468,1.7072411676763735
2013-11-14,0.3536885969956387,2.3536885969956387,2.633871755472166,2.85815480396738,1.1887199593793922,1.6694348445879879
2013-11-15,0.36274842732547263,2.3627484273254726,2.63211141916471,2.878430083199147,1.2026547514804136,1.6757753317187334
2013-11-18,0.35608241878565394,2.356082418785654,2.5978387663613365,2.8369927490773605,1.1964601484400639,1.6405326006372967
2013-11-19,0.3653028974095438,2.365302897409544,2.625476844871562,2.878973001901265,1.2071696248178998,1.6718033770833653
2013-11-20,0.33200615671434797,2.332006156714348,2.8727234157297428,2.981717134298761,1.1485194483948684,1.8331976859038928
2013-11-21,0.3299967489344464,2.3299967489344464,2.8684817779573866,2.9754545217821198,1.1457606009111765,1.8296939208709433
2013-11-22,0.3435832149728366,2.3435832149728366,2.7621848760197647,2.9297224367888455,1.1684608493333275,1.761261587455518
2013-11-25,0.3434270526985035,2.3434270526985035,2.7436640089135427,2.9144323497501383,1.1700921809285152,1.7443401688216231
2013-11-26,0.33955731100256514,2.339557311002565,2.7141912078203294,2.8814634937900094,1.1688786207509132,1.7125848730390962
2013-11-27,0.33923712679919227,2.3392371267991923,2.766701884465336,2.9230576798428833,1.1634912645145017,1.7595664153283816
2013-11-29,0.33955861731965875,2.3395586173196588,2.7870465491339225,2.938223282957662,1.1623483279683677,1.7758749549892943
2013-12-02,0.34940138929617426,2.3494013892961743,2.8455270278955744,3.003825548759295,1.174656485024872,1.829169063734423
2013-12-03,0.3389364725991797,2.3389364725991797,2.8408107370360867,2.976111521709737,1.1596494740762775,1.8164620476334596
2013-12-04,0.3447042411018515,2.3447042411018515,2.924619469224176,3.047342240881851,1.165991182314428,1.881351058567423
2013-12-05,0.35880335562536736,2.3588033556253674,2.927513929329699,3.08400201659271,1.1838781425866907,1.9001238740060191
2013-12-06,0.37231521338843265,2.3723152133884327,2.8739354782793196,3.07623696424438,1.2050596927982982,1.871177271446082
2013-12-09,0.3806564546122395,2.3806564546122395,2.8187847585140293,3.0571618195788672,1.2188501555422564,1.8383116640366108
2013-12-10,0.3761213322832191,2.376121332283219,2.7463647206805,2.9939216846906023,1.2158720228831892,1.778049661807413
2013-12-11,0.3788750374220893,2.3788750374220893,2.8075588411249033,3.0434193867935826,1.2176459155578827,1.8257734712356999
2013-12-12,0.3980284241116525,2.3980284241116525,2.803697740211067,3.0836098243827634,1.2446052960734522,1.8390045283093113
2013-12-13,0.4133501974928375,2.4133501974928375,2.727343045716136,3.0661859115569814,1.2692747706343588,1.7969111409226226
2013-12-16,0.4046444517404666,2.4046444517404666,2.7754638216530427,3.080560693176862,1.2546186890484368,1.8259420041284251
2013-12-17,0.39868251352546125,2.3986825135254612,2.736958914570595,3.037581905690122,1.2495287306039387,1.7880531750861832
2013-12-18,0.3963404591505242,2.396340459150524,2.8093636417142545,3.0877742314059433,1.2435882706497974,1.844185960756146
2013-12-19,0.43793077847571027,2.4379307784757103,2.7393656302904557,3.135703671002409,1.3029111131687454,1.8327925578336637
2013-12-20,0.4885762025294724,2.4885762025294724,2.4990045004646504,3.079680055684814,1.3863876316090766,1.6932924240757372
2013-12-23,0.4895264041477656,2.4895264041477656,2.5597487963804717,3.1253493507204166,1.3849102804675366,1.74043907025288
2013-12-24,0.495524532458818,2.495524532458818,2.6241299116614005,3.1842550318433025,1.3882326673466554,1.796022364496647
2013-12-26,0.49512940477347733,2.4951294047734773,2.6432275589442824,3.195383882811458,1.3885275727554325,1.8068563100560253
2013-12-27,0.49322751773374485,2.493227517733745,2.6567455196239997,3.2042854166979917,1.3832987357348885,1.8209866809631032
2013-12-30,0.484831403277024,2.484831403277024,2.6417836419048193,3.1744727119321845,1.37262330630242,1.8018494056297645
2013-12-31,0.485971847712813,2.485971847712813,2.72011493546745,3.2349198062808973,1.369806458196332,1.8651133480845652
2014-01-02,0.47769489536551646,2.4776948953655165,2.68630921113264,3.1923215194231256,1.3570600618952648,1.8352614575278607
2014-01-03,0.5013880282802532,2.501388028280253,2.6165210620127226,3.1905391173405384,1.3994876814287054,1.791051435911833
2014-01-06,0.4827532689173193,2.4827532689173193,2.6355714754982955,3.161835495025263,1.3692495105898728,1.7925859844353902
2014-01-07,0.48608433239446036,2.4860843323944604,2.585931787333612,3.1333992549997234,1.3758356497147621,1.7575636052849613
2014-01-08,0.5359072759187118,2.535907275918712,2.4921217079038254,3.1773810593106213,1.4522415066361065,1.7251395526745148
2014-01-09,0.5408981435047604,2.5408981435047604,2.4161637409024035,3.135788803064817,1.4615578665476425,1.6742309365171746
2014-01-10,0.4964021989296352,2.496402198929635,2.416324817019982,3.038511045175532,1.3958251826583579,1.642685862517174
2014-01-13,0.4821345618299109,2.482134561829911,2.4204683176045343,3.0088455663312077,1.3762181062607364,1.6326274600704713
2014-01-14,0.5137121801363165,2.5137121801363165,2.366736875194281,3.041663083665523,1.425129011854681,1.616534071810842
2014-01-15,0.5305596484784036,2.5305596484784036,2.3321364921799272,3.0561932576026205,1.4489469131716137,1.6072463444310068
2014-01-16,0.5280708477559148,2.528070847755915,2.2870914348778086,3.016210276115953,1.4492470212049813,1.5669632549109715
2014-01-17,0.52816190024636,2.52816190024636,2.249755588320422,2.9925188046565974,1.446798392951522,1.5457204117050753
2014-01-21,0.5480266137049004,2.5480266137049004,2.199578300229687,2.9986204881385823,1.4825180599792243,1.516102428159358
2014-01-22,0.5701442100304774,2.5701442100304774,2.1689352293405815,3.029006888977697,1.5132829161806398,1.5157239727970573
2014-01-23,0.531260667124041,2.531260667124041,2.1809805958269717,2.950474234516982,1.4573356105232054,1.4931386239937767
2014-01-24,0.5299590211338536,2.5299590211338536,2.1289998743415843,2.9079954950900953,1.4609389246469418,1.4470565704431535
2014-01-27,0.5301288788029286,2.5301288788029286,2.178140234477972,2.942390162460975,1.4582423203392536,1.4841478421217214
2014-01-28,0.5147653365153282,2.514765336515328,2.2157140705434504,2.9349811644821058,1.4336811403338972,1.5013000241482086
2014-01-29,0.508419136570792,2.508419136570792,2.1251873072737837,2.8557959536781565,1.4291592997025948,1.4266366539755617
2014-01-30,0.518978605001319,2.518978605001319,2.1317476149961685,2.884304070307389,1.446954629855457,1.437349440451932
2014-01-31,0.5076447607004422,2.507644760700442,2.095834317413182,2.8347970027958302,1.4311630802848878,1.4036339225109424
2014-02-03,0.49457866268998707,2.494578662689987,2.045261620605265,2.7687214713781882,1.4165945474160868,1.3521269239621014
2014-02-04,0.48777957728443333,2.4877795772844333,2.116467036322124,2.803791209522844,1.4025808012566887,1.4012104082661552
2014-02-05,0.488120024800466,2.488120024800466,2.192715444423605,2.8613060813667825,1.3969868188376882,1.4643192625290944
2014-02-06,0.49404954715508786,2.494049547155088,2.2194620821863484,2.89113546537186,1.4077784872779764,1.4833569780938836
2014-02-07,0.47656236890709636,2.4765623689070964,2.2446131117730346,2.866555948020325,1.38385653580596,1.4826994122143649
2014-02-10,0.47779420722453736,2.4777942072245374,2.233692717632497,2.8641045560780722,1.3832056680260496,1.4808988880520226
2014-02-11,0.5038840987180375,2.5038840987180375,2.2183925453667293,2.909725106021496,1.423236414005507,1.486488692015989
2014-02-12,0.5126299116727857,2.5126299116727857,2.2422841574615173,2.9479695055523516,1.432178628603341,1.5157908769490105
2014-02-13,0.49262996319157537,2.4926299631915754,2.2167486221050705,2.8857072837971014,1.4047984481349334,1.480908835662168
2014-02-14,0.499659310887985,2.499659310887985,2.2075280619337327,2.8975566058848434,1.4125130109840027,1.4850435949008407
2014-02-18,0.4828646408589172,2.4828646408589172,2.2227271385454337,2.8723112712179275,1.3870091008615815,1.485302170356346
2014-02-19,0.5008454132334528,2.5008454132334528,2.195681058252431,2.8901483566941364,1.4175044948236297,1.4726438618705067
2014-02-20,0.513133888373769,2.513133888373769,2.190199236826187,2.9157418705277176,1.4335468175357418,1.4821950529919758
2014-02-21,0.5141223320796922,2.514122332079692,2.156083258090449,2.896191743854029,1.4347588720387277,1.4614328718153013
2014-02-24,0.524807916291131,2.524807916291131,2.135697841958045,2.9031906614905783,1.45290443951472,1.4502862219758583
2014-02-25,0.5202335348159011,2.520233534815901,2.0804627486532166,2.8524041466125394,1.4506361126222245,1.401768033990315
2014-02-26,0.5115828071011173,2.5115828071011173,2.05764431187869,2.820295169290595,1.4348877105087614,1.3854074587818337
2014-02-27,0.5171194800337613,2.5171194800337613,2.0081999681197455,2.796614415862322,1.4475942486805515,1.3490201671817703
2014-02-28,0.5324946300910263,2.5324946300910263,1.9761653828840942,2.8092030241912718,1.4720564305420236,1.3371465936492481
2014-03-03,0.5213676071328628,2.521367607132863,1.9357984798924655,2.751960700420666,1.4615585583862316,1.2904021420344343
2014-03-04,0.5296359105305193,2.5296359105305193,2.0458346780162184,2.851772601100365,1.4638414972966185,1.3879311038037465
2014-03-05,0.530658853748621,2.530658853748621,2.042552060448182,2.850217351090373,1.4674024748786523,1.3828148762117207
2014-03-06,0.5392073991038551,2.539207399103855,2.075181845768343,2.8923830882134465,1.4780523160732755,1.414330772140171
2014-03-07,0.5669711082690796,2.5669711082690796,2.061821543846179,2.9461579106953693,1.5153892627104137,1.4307686479849555
2014-03-10,0.5611136513104196,2.5611136513104196,2.070128409139663,2.9376592529597265,1.5071290066262415,1.430530246333485
2014-03-11,0.565972134821294,2.565972134821294,2.0264618715512803,2.916494509390604,1.5173280307964698,1.3991664785941342
2014-03-12,0.5638687861687384,2.5638687861687384,1.957473211342295,2.8658910630984593,1.5137828317963564,1.352108231302103
2014-03-13,0.5500893247970762,2.550089324797076,1.909839455970383,2.7995291781193257,1.4986193685547848,1.3009098095645408
2014-03-14,0.5669956385078336,2.5669956385078336,1.8455425313685758,2.791903295379519,1.5271290847456476,1.2647742106338715
2014-03-17,0.5747767184007486,2.5747767184007486,1.8853409752575594,2.8373762190637546,1.5353863009994144,1.3019899180643402
2014-03-18,0.5608257629520157,2.5608257629520157,1.9062727632776593,2.8199272232951467,1.5149877481516576,1.304939475143489
2014-03-19,0.6624759003793077,2.6624759003793077,1.7244876976750874,2.9156279044897238,1.6688105046518191,1.2468173998379046
2014-03-20,0.6488304284834463,2.6488304284834463,1.770114061940605,2.922118533149244,1.6439297337889325,1.2781887993603116
2014-03-21,0.6726896767661543,2.6726896767661543,1.6380342329676978,2.882525834985893,1.6845077589470807,1.1980180760388124
2014-03-24,0.7035910937930048,2.7035910937930048,1.5176935589751288,2.86494206209747,1.735219347417482,1.129722714679988
2014-03-25,0.6982695071794076,2.6982695071794076,1.5508096715580422,2.878163482891066,1.7268976678770769,1.1512658150139892
2014-03-26,0.6769417167565397,2.6769417167565397,1.5578288570396097,2.8379226295815156,1.6946654495236424,1.1432571800578732
2014-03-27,0.6983731556455446,2.6983731556455446,1.443802684730704,2.8060306510285646,1.7298046989932792,1.0762259520352855
2014-03-28,0.7111237317390664,2.7111237317390664,1.4666132205683464,2.8509267275617667,1.7467496788567598,1.1041770487050069
2014-03-31,0.6914456419585004,2.6914456419585004,1.5471697934294557,2.866359350417305,1.7156285296592915,1.1507308207580136
2014-04-01,0.6767737647484431,2.676773764748443,1.6435886079694981,2.902386012619354,1.6874517599061982,1.2149342527131557
2014-04-02,0.70099399668144,2.70099399668144,1.6490109644855604,2.958845287965386,1.7230818170152888,1.235763470950097
2014-04-03,0.7012442415911266,2.7012442415911266,1.619123755714302,2.942101323815639,1.720878173310294,1.2212231505053448
2014-04-04,0.6728840737277171,2.672884073727717,1.624283415074622,2.879276465524015,1.6821058598651872,1.1971706056588276
2014-04-07,0.6697728711556898,2.66977287115569,1.5838333494473549,2.844001970858019,1.6812094749322282,1.1627924959257907
2014-04-08,0.6713104623059145,2.6713104623059145,1.5475412118693104,2.8196701988451887,1.6853997035441342,1.1342704953010545
2014-04-09,0.6368501628130439,2.636850162813044,1.6871276054410647,2.8458293136262185,1.6281574774246899,1.2176718362015286
2014-04-10,0.6246267131565908,2.624626713156591,1.632257402306955,2.7779690196646283,1.6147199356098045,1.1632490840548237
2014-04-11,0.623215288134384,2.623215288134384,1.617478901999597,2.7631009532149684,1.6135326956828804,1.149568257532088
2014-04-14,0.6427583447692289,2.642758344769229,1.5691014756598882,2.7732984608336078,1.6430432891119089,1.1302551717216989
2014-04-15,0.6642435064459988,2.664243506445999,1.479273538437262,2.7578078983498298,1.6778397793842759,1.079968118965554
2014-04-16,0.6932525423902742,2.6932525423902742,1.4039646785093005,2.769495921837537,1.7247529082546569,1.0447430135828801
2014-04-17,0.7092269394751956,2.7092269394751956,1.4794415608414475,2.8622149507117634,1.7404775489778113,1.121737401733952
2014-04-21,0.6998946925115757,2.6998946925115757,1.507230467704984,2.860309912657804,1.7268840091207776,1.1334259035370264
2014-04-22,0.7174741321257496,2.7174741321257496,1.4432862254592695,2.8547040599653206,1.7539946803109852,1.1007093796543355
2014-04-23,0.7095032726479094,2.7095032726479094,1.4241987954621003,2.823834904438206,1.743080990463896,1.0807539139743099
2014-04-24,0.715741286773266,2.715741286773266,1.4102811727018985,2.8277411049647263,1.7538814722749434,1.073859632689783
2014-04-25,0.7211327255499924,2.7211327255499924,1.36335204705572,2.8064848478808644,1.7635510346328498,1.0429338132480146
2014-04-28,0.7144223785047412,2.714422378504741,1.4152941733252025,2.8274441078928345,1.7524364743945835,1.075007633498251
2014-04-29,0.7124453769156212,2.712445376915621,1.4278011203083025,2.8304780549967736,1.7483464449674302,1.0821316100293434
2014-04-30,0.6894735712281896,2.6894735712281896,1.4527759080156475,2.7975904340852553,1.71426298499936,1.0833274490858953
2014-05-01,0.6918313622834482,2.691831362283448,1.375691422487538,2.747595503259537,1.7218234773068541,1.025772025952683
2014-05-02,0.7208309308070273,2.7208309308070273,1.2417415820172906,2.715972591528688,1.768526683301575,0.9474459082271132
2014-05-05,0.7185866278006543,2.7185866278006543,1.2816113682958807,2.739495390773179,1.764079567394749,0.97541582337843
2014-05-06,0.7288953683465103,2.7288953683465103,1.2124453547293257,2.712819179000007,1.7806676418838745,0.9321515371161324
2014-05-07,0.7086267912424713,2.7086267912424713,1.2752298414259506,2.713210063184444,1.749738144532334,0.9634719186521101
2014-05-08,0.6864338935193679,2.686433893519368,1.3410368640446961,2.7093624593745185,1.7152112701945448,0.9941511891799737
2014-05-09,0.6870742482309087,2.6870742482309087,1.3542757377166623,2.7207071070894533,1.716173160917338,1.0045339461721152
2014-05-12,0.6920099563311801,2.69200995633118,1.3898456528285053,2.7576812872399037,1.7205103266996173,1.0371709605402863
2014-05-13,0.6793292799080248,2.679329279908025,1.3692325967661922,2.7138712588459555,1.7040303662166723,1.0098408926292832
2014-05-14,0.6750276524748564,2.6750276524748564,1.2743731949521546,2.637780110550042,1.7018561604299092,0.9359239501201326
2014-05-15,0.6777123226980937,2.6777123226980937,1.205477419866214,2.5908578670483027,1.7121966388289749,0.8786612282193278
2014-05-16,0.6789818599577604,2.6789818599577604,1.2340631728336202,2.6160733007384245,1.711347505677007,0.9047257950614174
2014-05-19,0.6577884974775294,2.6577884974775294,1.3391667608285154,2.6452899837405432,1.6747477930046129,0.9705421907359304
2014-05-20,0.6487964657716745,2.6487964657716745,1.3342277453882296,2.6200404151316783,1.6638175131568,0.9562229019748782
2014-05-21,0.6444312553376683,2.6444312553376683,1.3937242523542874,2.651170701008568,1.6540535593156196,0.9971171416929485
2014-05-22,0.6553273131934656,2.6553273131934656,1.3821198153466163,2.667296900806712,1.670430197756953,0.9968667030497589
2014-05-23,0.6507170668102074,2.6507170668102074,1.3712859014833807,2.6492960194399107,1.6641631607977574,0.9851328586421533
2014-05-27,0.6614459949704123,2.6614459949704123,1.3107851626357654,2.630923970757663,1.6819325255362638,0.948991445221399
2014-05-28,0.6590931596607632,2.659093159660763,1.205320885812009,2.548175278049505,1.686548605980031,0.8616266720694739
2014-05-29,0.6680949365891884,2.6680949365891884,1.1906344548940329,2.5579505662495032,1.6994153300218584,0.8585352362276448
2014-05-30,0.6762748412861903,2.6762748412861903,1.2034949061218159,2.5860820513769527,1.7098220747355564,0.8762599766413963
2014-06-02,0.6922496652024428,2.692249665202443,1.239189060299462,2.646407717320449,1.7321029647157886,0.9143047526046606
2014-06-03,0.6958336327620636,2.6958336327620636,1.3212087014918428,2.7143103403468776,1.732345279034504,0.9819650613123736
2014-06-04,0.6888596005510301,2.68885960055103,1.371775373307086,2.735990996712955,1.7198019977951555,1.0161889989177995
2014-06-05,0.6836430831844993,2.6836430831844993,1.3604805055079225,2.7159249093455045,1.714950561918629,1.0009743474268755
2014-06-06,0.6995935288908512,2.6995935288908512,1.3224192724761963,2.723013378953895,1.7394510470814777,0.9835623318724172
2014-06-09,0.7169119796260439,2.716911979626044,1.2856349569125491,2.7355201366098894,1.7641261794077006,0.9713939572021888
2014-06-10,0.7244706872600677,2.7244706872600677,1.2931245053787137,2.756726000442775,1.773281230064696,0.9834447703780791
2014-06-11,0.7144504827857112,2.714450482785711,1.3293124714401738,2.7594370010322127,1.757932296218131,1.0015047048140817
2014-06-12,0.7126996868537585,2.7126996868537585,1.2443502371098365,2.6945229264492423,1.7602071413520681,0.9343157850971742
2014-06-13,0.7317342001777405,2.7317342001777405,1.2105629920010692,2.711518919144327,1.787497046707564,0.9240218724367633
2014-06-16,0.7462562545857292,2.746256254585729,1.1620598029546496,2.7074373143618247,1.8108479226674412,0.8965893916943835
2014-06-17,0.7587070219506007,2.7587070219506007,1.2038137729797977,2.7647780325088602,1.8261447266309132,0.938633305877947
2014-06-18,0.7438449278949797,2.7438449278949797,1.1861459696257484,2.7163580370734635,1.8071362713407657,0.9092217657326978
2014-06-19,0.719585987473291,2.719585987473291,1.3064302292642616,2.747896888065996,1.7671032428134696,0.9807936452525265
2014-06-20,0.7297318736533196,2.7297318736533196,1.2588405372295064,2.736687859911423,1.7830530757296719,0.953634784181751
2014-06-23,0.7381087224171203,2.7381087224171203,1.22751414203454,2.7329596128731706,1.7971316288062316,0.935827984066939
2014-06-24,0.7403496548909843,2.7403496548909843,1.1674400388749575,2.695261002531717,1.8027817375267496,0.8924792650049673
2014-06-25,0.7376219366731203,2.7376219366731203,1.1327566896870227,2.668668923545492,1.7980925552678773,0.8705763682776146
2014-06-26,0.7281442125138184,2.7281442125138184,1.112162970271834,2.6318596634602414,1.78758409407896,0.8442755693812813
2014-06-27,0.7176430157744083,2.7176430157744083,1.161790862633942,2.644503069956099,1.7691676618531604,0.8753354081029385
2014-06-30,0.7158811671740537,2.7158811671740537,1.1563589589805972,2.6345894769834843,1.769466718380246,0.8651227586032384
2014-07-01,0.7158671718061349,2.715867171806135,1.226456627813052,2.6838072250842964,1.7654608682921769,0.9183463567921195
2014-07-02,0.7230656600505423,2.7230656600505423,1.2875836992965208,2.74235756077461,1.7710413124349034,0.9713162483397066
2014-07-03,0.745680633689151,2.745680633689151,1.2389227477278286,2.755959315754016,1.805786419760697,0.9501728959933191
2014-07-07,0.7625471568629614,2.7625471568629614,1.1401954642982748,2.723307346608206,1.834539863511158,0.8887674830970478
2014-07-08,0.7645922731563388,2.764592273156339,1.0487717639391674,2.6636168848582957,1.8395496929703696,0.8240671918879261
2014-07-09,0.7608504932782854,2.7608504932782854,1.0474549549392886,2.652415139854843,1.8370602274271053,0.8153549124277375
2014-07-10,0.750988803400741,2.750988803400741,1.055111063137188,2.6392893868341187,1.823272926318238,0.8160164605158808
2014-07-11,0.7527754155790003,2.7527754155790003,1.017699044863659,2.6159731964216406,1.8283089611816588,0.7876642352399819
2014-07-14,0.7658101803948565,2.7658101803948565,1.0128036493562735,2.6433437351919578,1.8454277102308196,0.7979160249611381
2014-07-15,0.7800305951519544,2.7800305951519544,0.9751962109641328,2.6467683092177445,1.8674635077057127,0.7793048015120319
2014-07-16,0.793455703790297,2.793455703790297,0.920319527001535,2.6349797394991636,1.8905508938202213,0.7444288456789423
2014-07-17,0.7818110556155808,2.781811055615581,0.8392302943854144,2.5551076525590477,1.8750114213225677,0.68009623123648
2014-07-18,0.8027560125042434,2.8027560125042434,0.8152226264024574,2.581292678995987,1.9082087825996776,0.6730838963963093
2014-07-21,0.8196781502486061,2.819678150248606,0.7416973484074196,2.565683240106461,1.9366205537341235,0.6290626863723374
2014-07-22,0.8079052800214868,2.8079052800214868,0.7703827483088679,2.5611453552955608,1.9179318147475866,0.6432135405479742
2014-07-23,0.8031463459485977,2.8031463459485977,0.7801818015970934,2.5572090329222252,1.910821096805281,0.6463879361169442
2014-07-24,0.8221607006416356,2.8221607006416356,0.786270503682907,2.6050244339172868,1.935794546409453,0.6692298875078337
2014-07-25,0.8255965769524636,2.8255965769524636,0.7067743520104095,2.5549658626776752,1.9448891210797044,0.6100767415979709
2014-07-28,0.834823574912317,2.834823574912317,0.71842055315755,2.584483245742286,1.9569416169088976,0.6275416288333886
2014-07-29,0.8376260488224041,2.837626048822404,0.6539231798030647,2.5444518340577127,1.9632821924658528,0.5811696415918599
2014-07-30,0.8470901914390154,2.8470901914390154,0.773713187545642,2.648132583627322,1.9750040417684067,0.6731285418589152
2014-07-31,0.8348336887356922,2.834833688735692,0.8249493873173215,2.6642540332582265,1.9512848137977716,0.7129692194604549
2014-08-01,0.7999132027231823,2.7999132027231823,0.8461929011963996,2.6033925166886482,1.9021046852735675,0.7012878314150808
2014-08-04,0.7887516943996182,2.7887516943996182,0.8699136221165453,2.5920363916164684,1.8864023649335653,0.7056340266829031
2014-08-05,0.7961861221165165,2.7961861221165165,0.8275590686215386,2.5826443254158176,1.8955747639061842,0.6870695615096334
2014-08-06,0.7949538382276913,2.7949538382276913,0.8199491887135748,2.5737542129187587,1.895044754442532,0.6787094584762268
2014-08-07,0.7837272388383383,2.7837272388383383,0.7795712676639477,2.518433124161848,1.882703142750749,0.6357299814110988
2014-08-08,0.799579631323553,2.799579631323553,0.7429423688423062,2.524054679260702,1.9089890708776527,0.6150656083830492
2014-08-11,0.7955636568530657,2.7955636568530657,0.7621613822013078,2.5288987383767045,1.9010158577022895,0.627882880674415
2014-08-12,0.7900489893345437,2.7900489893345437,0.8140449902043123,2.551612670727871,1.8929455985968806,0.6586670721309904
2014-08-13,0.768901746452201,2.768901746452201,0.8333803596386158,2.5212044458896385,1.8583622220305644,0.6628422238590741
2014-08-14,0.7792582120663916,2.7792582120663916,0.7562815272902341,2.489944435348859,1.877977428351462,0.611967006997397
2014-08-15,0.7888456879188013,2.7888456879188013,0.6415647137101148,2.427451276188599,1.897651200084936,0.5298000761036632
2014-08-18,0.7873930164543204,2.7873930164543204,0.7174648613949666,2.4778420021961294,1.8920072229631069,0.5858347792330225
2014-08-19,0.7866974177792798,2.78669741777928,0.7438999265446542,2.4938104709475177,1.8899350592055213,0.6038754117419964
2014-08-20,0.8175459529225293,2.8175459529225293,0.6812428168836577,2.515500226484275,1.9372229673708403,0.5782772591134349
2014-08-21,0.8233833602653853,2.8233833602653853,0.6292259613179336,2.4937202358683734,1.946127981782674,0.5475922540856994
2014-08-22,0.852149280422072,2.852149280422072,0.529395970268487,2.4866280196432253,1.991769389578067,0.4948586300651583
2014-08-25,0.8684100847006526,2.8684100847006526,0.4485845655574865,2.464942750585203,2.0176075534637015,0.4473351971215016
2014-08-26,0.8547578759033634,2.8547578759033634,0.5031636894862306,2.4731188349362254,1.9954723639303495,0.4776464710058759
2014-08-27,0.8562714846827504,2.8562714846827504,0.4541852703290057,2.44000137355219,2.0019612164744247,0.43804015707776545
2014-08-28,0.8515752618179349,2.851575261817935,0.42639786281251446,2.4143080317636065,1.9935629809495992,0.42074505081400737
2014-08-29,0.847416502408695,2.847416502408695,0.4596756785042335,2.429785794202325,1.9872653445246973,0.4425204496776278
2014-09-02,0.850309090593452,2.850309090593452,0.5661355922442617,2.5066365537581814,1.9888839856390832,0.5177525681190982
2014-09-03,0.854840828772705,2.854840828772705,0.5368234110720467,2.4985298700687677,1.99527357516522,0.5032562949035477
2014-09-04,0.8534281484473709,2.853428148447371,0.597816710498396,2.5389438056750926,1.9887649965015453,0.5501788091735473
2014-09-05,0.8387230328410027,2.8387230328410027,0.6576646163026538,2.5491790833667674,1.9655671696472943,0.5836119137194731
2014-09-08,0.854724479182714,2.854724479182714,0.6279679427044318,2.5610123694300126,1.9906972506660863,0.5703151187639264
2014-09-09,0.8791097860764623,2.8791097860764623,0.5696090783166525,2.5752334559404697,2.025382966234633,0.5498504897058365
2014-09-10,0.8754170961781789,2.875417096178179,0.6378338885270649,2.614514634035537,2.016414049607451,0.598100584428086
2014-09-11,0.8766412494218834,2.8766412494218834,0.6451837768903523,2.623912140082029,2.0185253312419857,0.6053868088400431
2014-09-12,0.8632168588381646,2.8632168588381646,0.8051487519486145,2.70739228940465,1.992379000463485,0.7150132889411651
2014-09-15,0.8511605661434452,2.851160566143445,0.8157797090937242,2.6879893084333566,1.975080432144098,0.7129088762892586
2014-09-16,0.8353272174459185,2.8353272174459185,0.8691287884645522,2.6933860386093205,1.947461173955031,0.7459248646542895
2014-09-17,0.8552662453438238,2.855266245343824,0.8386983664678453,2.7122202905658543,1.9792159648929966,0.7330043256728578
2014-09-18,0.8756118779565938,2.875611877956594,0.7953800695946454,2.7292696182184955,2.0095227369028463,0.7197468813156491
2014-09-19,0.8879028702542406,2.8879028702542406,0.6852258660859816,2.678003203018877,2.0321119628114435,0.6458912402074337
2014-09-22,0.873713276938151,2.873713276938151,0.6973000887332121,2.655481330723619,2.011398043998185,0.6440832867254342
2014-09-23,0.8738828369602132,2.873882836960213,0.6540294304829102,2.624796324838614,2.0137227566692544,0.6110735681693598
2014-09-24,0.8806229047621024,2.8806229047621024,0.6816164861007703,2.6597181789909157,2.0218518480891814,0.6378663309017343
2014-09-25,0.8678750398712936,2.8678750398712936,0.6324837901283891,2.5993080816012637,2.0041090873364555,0.5951989942648082
2014-09-26,0.8954294473187083,2.8954294473187083,0.5863977847653388,2.623836969505339,2.0477346559515333,0.5761023135538057
2014-09-29,0.8882909251430746,2.8882909251430746,0.5506923297185962,2.5832936622551683,2.0391756337222127,0.5441180285329557
2014-09-30,0.8834733663022938,2.883473366302294,0.5948359859871966,2.601669017816866,2.031342781954522,0.570326235862344
2014-10-01,0.86920334099268,2.86920334099268,0.4835759489591718,2.493837224007153,2.015832026045796,0.4780051979613571
2014-10-02,0.8608119582106362,2.860811958210636,0.5558170993651981,2.526423755385616,1.9989655466601879,0.5274582087254283
2014-10-03,0.8927726105581826,2.8927726105581826,0.45970077417221145,2.5238519831602293,2.0525773305448336,0.4712746526153957
2014-10-06,0.8715685433157176,2.8715685433157176,0.5009713809743905,2.5088421711586806,2.019165775382784,0.4896763957758967
2014-10-07,0.8641488483356063,2.8641488483356063,0.4223801804080827,2.4358794442591973,2.0138080038685966,0.42207144039060074
2014-10-08,0.8107284518825963,2.8107284518825963,0.5772366177004509,2.432558846515383,1.9292418597634056,0.5033169867519773
2014-10-09,0.8193883932615371,2.819388393261537,0.5382798827830699,2.4227056658421176,1.9452956365397656,0.477410029302352
2014-10-10,0.8175955558359043,2.8175955558359043,0.5023545535274856,2.3949501748735536,1.9436353557974895,0.4513148190760641
2014-10-14,0.7914217010473408,2.7914217010473408,0.4364111899912704,2.2923455864086506,1.91123818778608,0.3811073986225706
2014-10-15,0.7539654525350237,2.7539654525350237,0.48544960225872025,2.24052237630517,1.861271813480701,0.3792505628244691
2014-10-16,0.7599383011495782,2.759938301149578,0.49211185725716833,2.2589703451675023,1.8672736883700491,0.39169665679745314
2014-10-17,0.7688118682776413,2.7688118682776413,0.5369628830867224,2.3094786082746657,1.874873021158654,0.4346055871160117
2014-10-20,0.7622656155589542,2.7622656155589542,0.5196235798908404,2.284877232315851,1.867480322645773,0.4173969096700778
2014-10-21,0.7561833784933345,2.7561833784933345,0.5996811639029236,2.3274362945755094,1.856011540251572,0.4714247543239374
2014-10-22,0.766663439753767,2.766663439753767,0.5901855297994718,2.3426310105750834,1.8720783776699583,0.47055263290512506
2014-10-23,0.7828489674348695,2.7828489674348695,0.6052320495931749,2.3905379143356997,1.8935165248987245,0.49702138943697527
2014-10-24,0.7817245634462999,2.7817245634463,0.6036065616772426,2.3883681020135747,1.8907645549525975,0.4976035470609772
2014-10-27,0.7801634361468359,2.780163436146836,0.5857037166961225,2.373952775416133,1.8881199592298514,0.4858328161862817
2014-10-28,0.7795788379948014,2.7795788379948014,0.6382969024175473,2.4076496500199394,1.8858847573955033,0.521764892624436
2014-10-29,0.8372425714078418,2.8372425714078418,0.49955422618375334,2.433958166124729,1.9746316739003078,0.45932649222442135
2014-10-30,0.8254001994886231,2.825400199488623,0.5174592794064008,2.4198109194157778,1.9581771348281796,0.4616337845875982
2014-10-31,0.8343495189018455,2.8343495189018455,0.5378498354139438,2.453085288563802,1.9687173655820855,0.4843679229817164
2014-11-03,0.8488782950518434,2.8488782950518434,0.49661145105382243,2.453974494655128,1.9929132592219203,0.46106123543320776
2014-11-04,0.8493654698257238,2.849365469825724,0.4698004485057181,2.4388267226884595,1.9910634237661975,0.44776329892226197
2014-11-05,0.8476757136676518,2.847675713667652,0.4917582139980743,2.4477446289461415,1.9890923712621948,0.4586522576839467
2014-11-06,0.8570724666036149,2.857072466603615,0.5152513704475483,2.483177255824253,2.002566024922788,0.48061123090146474
2014-11-07,0.8411903338323725,2.8411903338323725,0.44922911811930755,2.401844729410321,1.9837232139001597,0.4181215155101614
2014-11-10,0.851357371866257,2.851357371866257,0.5050374099544204,2.4602324758131355,1.9959740230775915,0.464258452735544
2014-11-12,0.8542324969454675,2.8542324969454675,0.48676201759417026,2.4551168164082497,2.000421118099758,0.45469569830849155
2014-11-13,0.8416306602619876,2.8416306602619876,0.5142505771417518,2.449341280316868,1.980115255885726,0.4692260244311419
2014-11-14,0.8384946710088386,2.8384946710088386,0.48402184643529056,2.419782403743144,1.9775095275794086,0.44227287616373534
2014-11-17,0.847567647382526,2.847567647382526,0.4850916200137716,2.4401450984561968,1.9934409354485916,0.4467041630076052
2014-11-18,0.8444378750871557,2.8444378750871557,0.4691651943870818,2.423383705202345,1.987167470986057,0.43621623421628786
2014-11-19,0.8527754396339517,2.8527754396339517,0.4968411430772104,2.4608930282137154,1.998525131004755,0.46236789720896043
2014-11-20,0.8525484293161938,2.852548429316194,0.4589477838370639,2.4348223127449033,2.001530398536373,0.4332919142085303
2014-11-21,0.8504759862577203,2.8504759862577203,0.4353321115269484,2.4148738641885084,1.998601319311329,0.41627254487717935
2014-11-24,0.8478242807872469,2.847824280787247,0.4229786764052461,2.399811792846489,1.9942967391787871,0.4055150536677019
2014-11-25,0.850485813795391,2.850485813795391,0.3486541992471732,2.3512743013896196,2.0035589864778416,0.347715314911778
2014-11-26,0.84618367999256,2.84618367999256,0.33227728035755977,2.3282212909598887,1.9996333544222091,0.3285879365376796
2014-11-28,0.835162401742064,2.835162401742064,0.271643465826358,2.2610460084388144,1.988246730649708,0.2727992777891064
2014-12-01,0.8324995713085279,2.832499571308528,0.3450584642329457,2.3080542344204793,1.9777442421998221,0.33030999222065716
2014-12-02,0.8533399945332683,2.8533399945332683,0.37498321675043034,2.3703626893292107,2.0092284691035243,0.3611342202256864
2014-12-03,0.865047772134659,2.865047772134659,0.339675221804705,2.3719261324857803,2.0257236662651494,0.3462024662206309
2014-12-04,0.8713064878764207,2.8713064878764207,0.25766422639449615,2.327557092305615,2.0409747167143197,0.28658237559129507
2014-12-05,0.9211976159660615,2.9211976159660615,0.18322141003460768,2.3774511228300046,2.1140913162273507,0.2633598066026539
2014-12-08,0.9451395669882423,2.9451395669882423,0.027127427270165594,2.3173758231272217,2.159425447555955,0.15795037557126657
2014-12-09,0.9305566130426932,2.930556613042693,0.021450148831943405,2.276491032056243,2.1445267849383285,0.13196424711791455
2014-12-10,0.9120900576763553,2.9120900576763553,0.008992076442228658,2.23183224198247,2.1163933353607494,0.11543890662172052
2014-12-11,0.9365406364851552,2.936540636485155,-0.03645251524284454,2.251329424226159,2.154586157864567,0.09674326636159192
2014-12-12,0.9112019545448149,2.911201954544815,-0.0931985693310966,2.1587147261664086,2.120203332343376,0.03851139382303259
2014-12-15,0.9415402862410005,2.9415402862410005,-0.15799810385125523,2.1785961857939884,2.1647176250885183,0.013878560705470111
2014-12-16,0.9366455883393989,2.936645588339399,-0.2132714366061501,2.1228191007606965,2.1689666654214026,-0.04614756466070613
2014-12-17,0.9581819674799803,2.9581819674799803,-0.16590879532690073,2.203561316799094,2.19551511770455,0.008046199094544182
2014-12-18,0.9631615741075379,2.963161574107538,-0.06643858505893752,2.2853097670874902,2.1970331464598836,0.08827662062760666
2014-12-19,0.9769188156328994,2.9769188156328994,-0.16823813305922686,2.239097866902995,2.2250186095997604,0.01407925730323445
2014-12-22,0.9835628630095137,2.9835628630095137,-0.19064242180629343,2.2350884893013006,2.2361492370065053,-0.001060747705204701
2014-12-23,0.9943531490962059,2.994353149096206,-0.08679239331408883,2.3293613998132128,2.247964004196269,0.08139739561694359
2014-12-24,1.0085965990978139,3.008596599097814,-0.12990311652902564,2.3315312032578044,2.271176675582829,0.06035452767497551
2014-12-26,1.0137319920545558,3.0137319920545558,-0.1699634856500536,2.313277994170298,2.2798572028442927,0.03342079132600517
2014-12-29,0.9951956400884789,2.995195640088479,-0.16572283887856099,2.278636229766726,2.2509149489934432,0.027721280773282952
2014-12-30,0.9822772308643763,2.9822772308643763,-0.15718503880227574,2.2580211764198355,2.2308228984621237,0.02719827795771179
2014-12-31,0.9635062615670869,2.963506261567087,-0.1254909295469715,2.241293478273977,2.2000755116364266,0.04121796663755051
2015-01-02,0.9584119380051348,2.958411938005135,-0.19458132279995555,2.1818785368375817,2.192463087222426,-0.010584550384844515
2015-01-05,0.9711752594454062,2.971175259445406,-0.3572294771256712,2.088020109160962,2.223376802965041,-0.13535669380407933
2015-01-06,0.9471843176758057,2.9471843176758057,-0.37766567190260036,2.022795940866298,2.186682238844982,-0.1638862979786837
2015-01-07,0.9366495161882717,2.9366495161882717,-0.35437442280720655,2.015999693473054,2.171694947652289,-0.15569525417923513
2015-01-08,0.9261926092584787,2.9261926092584787,-0.24184175939870212,2.07928335987187,2.146398248121305,-0.06711488824943501
2015-01-09,0.9018462784342738,2.901846278434274,-0.2319858671735111,2.0333106678959343,2.108392777765421,-0.07508210986948649
2015-01-12,0.8882107238326995,2.8882107238326995,-0.2809585382602069,1.9683848611622905,2.092034497227481,-0.12364963606519042
2015-01-13,0.8793797930838458,2.879379793083846,-0.260069303064812,1.960557050424574,2.0824221570056753,-0.12186510658110139
2015-01-14,0.8641945642382822,2.8641945642382822,-0.2790990226902881,1.9166622778807907,2.0624027911143292,-0.14574051323353854
2015-01-15,0.8179595863332025,2.8179595863332025,-0.25476316779062014,1.8375179086189235,1.9924438629452392,-0.15492595432631573
2015-01-16,0.8583058503589527,2.8583058503589527,-0.2913918054657363,1.8940849850970713,2.0578988719026237,-0.1638138868055523
2015-01-20,0.8804740078311859,2.880474007831186,-0.37118347964918197,1.8838568139881833,2.09292688922031,-0.20907007523212684
2015-01-21,0.8794851895453526,2.8794851895453526,-0.2939877708758223,1.94109904661315,2.083557607629314,-0.14245856101616394
2015-01-22,0.8983627880624248,2.8983627880624248,-0.3285015852665176,1.95903958330436,2.111191214340767,-0.15215163103640728
2015-01-23,0.89658600015904,2.89658600015904,-0.44138323982625716,1.8737792890052467,2.1163636908681434,-0.24258440186289665
2015-01-26,0.8994116493778357,2.8994116493778357,-0.41795108947608717,1.8968503391800933,2.116398503336937,-0.21954816415684353
2015-01-27,0.8929723869534385,2.8929723869534385,-0.39978582906647664,1.8920389222859018,2.1102386651568024,-0.2181997428709006
2015-01-28,0.8691549420294891,2.869154942029489,-0.4665064850612084,1.7938516142050653,2.07767493723352,-0.2838233230284548
2015-01-29,0.8692181413496023,2.8692181413496023,-0.39406846799326756,1.8484978178303757,2.068413400009008,-0.2199155821786325
2015-01-30,0.8353583766271591,2.835358376627159,-0.3993176357034689,1.7627536627936413,2.0284198801395825,-0.2656662173459412
2015-02-02,0.8318712314036212,2.831871231403621,-0.3699773857397619,1.774458312421987,2.0214285000453356,-0.24697018762334855
2015-02-03,0.8572188349577026,2.8572188349577026,-0.3118375847084498,1.8719186300790085,2.054958889316656,-0.18304025923764744
2015-02-04,0.8616096148974499,2.86160961489745,-0.3211903755930323,1.8771506492573569,2.059736585970179,-0.1825859367128222
2015-02-05,0.8576952635276065,2.8576952635276065,-0.2733102128051066,1.9011911243281954,2.0520734705786157,-0.1508823462504203
2015-02-06,0.942791212991505,2.942791212991505,-0.3698464588478576,2.01139171458426,2.182235655626059,-0.17084394104179923
2015-02-09,0.9490052941357519,2.949005294135752,-0.38723662527137304,2.0158626170008334,2.189077546710408,-0.17321492970957486
2015-02-10,0.9498571487301319,2.949857148730132,-0.3249582979002805,2.062258943663026,2.1862500821590833,-0.12399113849605747
2015-02-11,0.9501642326899855,2.9501642326899855,-0.32165564879100605,2.0679551009117496,2.1833340979903424,-0.11537899707859278
2015-02-12,0.931326812246553,2.931326812246553,-0.2727857525259523,2.0635679002246747,2.1548726693323084,-0.09130476910763363
2015-02-13,0.9253592988342199,2.92535929883422,-0.18794595296975425,2.1077826025588817,2.143109226556157,-0.03532662399727515
2015-02-17,0.9419639098281678,2.941963909828168,-0.0666371533427017,2.2311833164368764,2.160993857356364,0.07018945908051233
2015-02-18,0.8995326635294703,2.8995326635294703,-0.03633486586398016,2.1624792504182797,2.0980923615003357,0.06438688891794397
2015-02-19,0.9166572396685986,2.9166572396685986,-0.01577789941773533,2.2126467263222307,2.1242719711163063,0.08837475520592442
2015-02-20,0.9320689149628762,2.9320689149628762,-0.039332792972319286,2.2264622538262606,2.151008781549056,0.07545347227720445
2015-02-23,0.9169913648348533,2.9169913648348533,-0.0938519018804973,2.1612936163622596,2.123717599187244,0.037576017175015686
2015-02-24,0.8904051263312702,2.8904051263312702,-0.10939009376134656,2.0891823396029356,2.0912462827202285,-0.0020639431172928546
2015-02-25,0.9021508419419106,2.9021508419419106,-0.19017402078596812,2.056021184252055,2.112153017294028,-0.056131833041973334
2015-02-26,0.9346234840660514,2.9346234840660514,-0.2113988636749058,2.1125274080403345,2.160199145542219,-0.04767173750188469
2015-02-27,0.9219564516213268,2.921956451621327,-0.20682555463932228,2.086931548004455,2.143310003106537,-0.05637845510208184
2015-03-02,0.9292306175978169,2.929230617597817,-0.11729336421228309,2.1678713241359557,2.1465191012079354,0.021352222928020304
2015-03-03,0.9421192594485319,2.942119259448532,-0.09955452458404013,2.2076947906652835,2.1651511121983056,0.04254367846697793
2015-03-04,0.9328929883541903,2.9328929883541903,-0.07691084823164607,2.205002281584676,2.1502684302214736,0.0547338513632023
2015-03-05,0.9191074563878772,2.919107456387877,-0.05755248586404127,2.1886474272252268,2.129981784843182,0.05866564238204486
2015-03-06,0.9486887509423845,2.9486887509423845,0.05190358004093687,2.32459436557428,2.168306706746035,0.15628765882824514
2015-03-09,0.9414866552417323,2.9414866552417323,0.0029644398254116133,2.275522254602694,2.160609635996612,0.11491261860608226
2015-03-10,0.9351291459297322,2.935129145929732,-0.05931282196621712,2.216917829716402,2.1555549869281543,0.06136284278824755
2015-03-11,0.9421035201863894,2.9421035201863894,-0.11946293249298678,2.189142202239567,2.169669485272211,0.01947271696735564
2015-03-12,0.9251004816955373,2.9251004816955373,-0.07221467650764657,2.1859819489508108,2.1439004844436593,0.042081464507151445
2015-03-13,0.9328418719866889,2.932841871986689,-0.06743671620407188,2.205494027532609,2.1577162003386277,0.04777782719398127
2015-03-16,0.9260104018093145,2.9260104018093145,-0.07990117635618832,2.180282216706132,2.148660793096003,0.031621423610129096
2015-03-17,0.9405862153217015,2.9405862153217015,-0.18361826020974048,2.133062259615595,2.178710075581601,-0.04564781596600609
2015-03-18,0.8806435968111366,2.8806435968111366,-0.17401811530971623,2.015086214070695,2.0913565654808033,-0.07627035141010818
2015-03-19,0.9152107322005527,2.9152107322005527,-0.2147550874795381,2.057455762175636,2.144055244787564,-0.08659948261192785
2015-03-20,0.890477468701917,2.890477468701917,-0.2089206382739064,2.0080283038764635,2.1072829451949926,-0.09925464131852912
2015-03-23,0.8760551899286924,2.8760551899286924,-0.17802837454606624,1.9981849330874706,2.0839868217878736,-0.08580188870040306
2015-03-24,0.8733208061527833,2.8733208061527833,-0.22937276109812932,1.9561997873303338,2.0830825648707347,-0.1268827775404009
2015-03-25,0.8866874709526904,2.8866874709526904,-0.2067117429787939,2.0025179889792755,2.1017211972472705,-0.099203208267995
2015-03-26,0.8892833309470909,2.889283330947091,-0.08161799696632999,2.095721297029022,2.100846148823879,-0.005124851794857221
2015-03-27,0.8805049618449594,2.8805049618449594,-0.14796671412579476,2.0336011284341606,2.08979059497929,-0.05618946654512946
2015-03-30,0.8657755785849695,2.8657755785849695,-0.08250195491861967,2.0467997293973266,2.0631795046053467,-0.016379775208020142
2015-03-31,0.8561912763729609,2.856191276372961,-0.09469371897612411,2.018131533439157,2.052785327257418,-0.03465379381826095
2015-04-01,0.8498086616957679,2.849808661695768,-0.17086075035943948,1.9493292969567877,2.047425703066784,-0.09809640610999626
2015-04-02,0.8454968462007066,2.8454968462007066,-0.09401769272143157,1.9959907071298166,2.0358553733425655,-0.03986466621274887
2015-04-03,0.8136432541904988,2.8136432541904988,-0.10124729936617438,1.9229229246864403,1.9897225205549431,-0.06679959586850281
2015-04-06,0.8182128995903355,2.8182128995903355,-0.014316886821132302,1.9957100197842959,1.990756966710225,0.004953053074070901
2015-04-07,0.8343898346416125,2.8343898346416125,-0.09759031189486134,1.9720726851779502,2.017541525859019,-0.04546884068106882
2015-04-08,0.837638545239539,2.837638545239539,-0.08332650821161103,1.9910057847856404,2.0174298802713153,-0.026424095485674925
2015-04-09,0.8508169277040558,2.850816927704056,-0.04288033825227866,2.0478509626266783,2.0369328004978193,0.010918162128858988
2015-04-10,0.8642439449886439,2.864243944988644,-0.0964908321879101,2.0376510676426087,2.060092667689416,-0.022441600046807064
2015-04-13,0.8455317209375686,2.8455317209375686,-0.052241153279325214,2.028375902556655,2.0301019218999765,-0.0017260193433217275
2015-04-14,0.8353951565912823,2.8353951565912823,-0.07856457674448691,1.9881321386637052,2.0162572695142744,-0.028125130850569224
2015-04-15,0.8213708757950577,2.8213708757950577,-0.03394822252758001,1.9897715688184037,1.9932780746937517,-0.003506505875348065
2015-04-16,0.8061874257602284,2.8061874257602284,0.0019910441323196526,1.9806674616972613,1.9713210854271561,0.00934637627010515
2015-04-17,0.8237517681849198,2.82375176818492,-0.09487258275122445,1.9491547641441347,2.0009035263986474,-0.05174876225451275
2015-04-20,0.8253061938095811,2.825306193809581,-0.05463850773393841,1.976616111209542,2.0037358287340377,-0.027119717524495712
2015-04-21,0.8223223726317634,2.8223223726317634,-0.005145642304745346,2.0083694169436743,1.993073836181264,0.015295580762410221
2015-04-22,0.8334017424405822,2.833401742440582,0.0672645778535379,2.0826908543232405,2.0071333184354487,0.0755575358877918
2015-04-23,0.8215756195779065,2.8215756195779065,0.04563045813336353,2.042553583381915,1.9902080900411525,0.05234549334076255
2015-04-24,0.8121328451566363,2.8121328451566363,0.043007621938763174,2.018225218608683,1.9792298602471037,0.03899535836157919
2015-04-27,0.8290049472572711,2.829004947257271,-0.011116990271209382,2.017462279436406,2.007253311966827,0.010208967469579111
2015-04-28,0.8324028202249636,2.8324028202249636,0.06833761352808865,2.082044345643071,2.006939707639007,0.07510463800406386
2015-04-29,0.8254661112765724,2.8254661112765724,0.18455827664044455,2.1513509856121082,1.988805441677012,0.16254554393509624
2015-04-30,0.8278277887814056,2.8278277887814056,0.1642980220102308,2.1409848331014634,1.9929915854177216,0.14799324768374178
2015-05-01,0.8456754063419751,2.845675406341975,0.22145868123430246,2.221587874280347,2.0154419816467675,0.20614589263357974
2015-05-04,0.8283302090717619,2.828330209071762,0.331393590822469,2.2593269054004717,1.9855037101370738,0.2738231952633978
2015-05-05,0.8449362672266787,2.8449362672266787,0.3047851735902154,2.2795687937900815,2.0072830126016514,0.27228578118843005
2015-05-06,0.8433689280463064,2.8433689280463064,0.405733141560467,2.343160703503653,2.0043673110824263,0.3387933924212265
2015-05-07,0.8537428591965686,2.8537428591965686,0.27261688816852114,2.273057354317085,2.024095301230768,0.24896205308631725
2015-05-08,0.8232575206956412,2.823257520695641,0.3380329695815618,2.2541947220006406,1.978484496773535,0.27571022522710553
2015-05-11,0.839016612247999,2.839016612247999,0.464102187887963,2.376402045886862,1.9981506127035964,0.3782514331832656
2015-05-12,0.825911779182853,2.825911779182853,0.5039811555878884,2.3787689335751443,1.9730294737142668,0.40573945986087745
2015-05-13,0.8040346918628316,2.8040346918628316,0.6014127789510209,2.4030473546107256,1.935896396956335,0.46715095765439063
2015-05-14,0.7868140579998233,2.7868140579998233,0.5821912997572483,2.3536759250304637,1.9128342314076079,0.44084169362285586
2015-05-15,0.7921204179708603,2.7921204179708603,0.438778821291125,2.260883517127872,1.9267049904348406,0.3341785266930313
2015-05-18,0.803147440292264,2.803147440292264,0.5299863783368917,2.348863760558511,1.937494255103468,0.411369505455043
2015-05-19,0.8320503802595525,2.8320503802595525,0.5041855095203687,2.390837853609423,1.9826965831685635,0.40814127044085957
2015-05-20,0.809819478525533,2.809819478525533,0.5525718033390588,2.376066799521305,1.9485584758874523,0.4275083236338526
2015-05-21,0.8139326742271891,2.813932674227189,0.4301935207489529,2.2990868103301265,1.959796177578087,0.3392906327520395
2015-05-22,0.8387302915065433,2.8387302915065433,0.3996416825255604,2.328899340788942,1.9972274569777126,0.33167188381122914
2015-05-26,0.8447349353338787,2.8447349353338787,0.2632803220238662,2.2442798725084283,2.012589461467921,0.23169041104050736
2015-05-27,0.851961140499391,2.851961140499391,0.23640045304163038,2.241274611478915,2.0241831256750413,0.2170914858038735
2015-05-28,0.8344333382659208,2.834433338265921,0.2923540617147511,2.2436784017978355,1.9972325759480554,0.24644582584978014
2015-05-29,0.8232763505260934,2.8232763505260934,0.3092064815391673,2.230518069995662,1.9813917767845157,0.24912629321114643
2015-06-01,0.8368752583095613,2.8368752583095613,0.36045882547789887,2.2965423781508743,1.9962201846193355,0.3003221935315388
2015-06-02,0.8414992713485958,2.841499271348596,0.4671088261594649,2.385007644888099,1.9979286587172964,0.3870789861708024
2015-06-03,0.8520623380851902,2.85206233808519,0.6016469104762576,2.504421971058454,2.0088649737221167,0.4955569973363372
2015-06-04,0.8503916128380062,2.8503916128380062,0.4943410453524497,2.425141515079961,2.010458005910403,0.41468350916955776
2015-06-05,0.8845422101636053,2.8845422101636053,0.5325839847393317,2.5240998032873434,2.060212399490457,0.4638874037968863
2015-06-08,0.8687350142784709,2.868735014278471,0.5587132575636229,2.509995904113003,2.0368692523493306,0.4731266517636725
2015-06-09,0.8694712892755874,2.8694712892755874,0.6008306313845999,2.540656667404203,2.034370546091165,0.5062861213130376
2015-06-10,0.8775636882486779,2.877563688248678,0.6777732781068542,2.611882937204243,2.0425248581650486,0.5693580790391946
2015-06-11,0.8818969371039813,2.8818969371039813,0.5151809198900703,2.5035859531159677,2.058851309495923,0.4447346436200448
2015-06-12,0.8941425903742974,2.8941425903742974,0.4820271893251653,2.5041959718512605,2.0817464690397873,0.4224495028114732
2015-06-15,0.8785790137095759,2.878579013709576,0.48213634380947656,2.472576678716486,2.0564810021183724,0.4160956765981134
2015-06-16,0.8708007886226383,2.8708007886226383,0.4495160841001269,2.4316385498995707,2.0456615645935026,0.38597698530606817
2015-06-17,0.8385350905065607,2.8385350905065607,0.5486198498629449,2.4301029949621564,1.99842669099567,0.4316763039664864
2015-06-18,0.8354921865210869,2.835492186521087,0.6010735269853944,2.46589301491228,1.98750892883456,0.4783840860777202
2015-06-19,0.8307480353348069,2.830748035334807,0.48242743941238553,2.3714249457977603,1.9858845462574073,0.385540399540353
2015-06-22,0.8431833359730554,2.8431833359730554,0.6065965292539239,2.4863547133827995,1.996126102064774,0.4902286113180254
2015-06-23,0.8458826967895163,2.8458826967895163,0.6651575554581663,2.532824603902061,1.9983727103517603,0.5344518935503006
2015-06-24,0.8455357656183828,2.845535765618383,0.6199050106585631,2.5015795677894945,1.999054719992317,0.5025248477971775
2015-06-25,0.8522545927783298,2.85225459277833,0.6174756911654873,2.5165307860314448,2.008330346059336,0.508200439972109
2015-06-26,0.8478674520831753,2.8478674520831753,0.7622801476203103,2.607642351327674,1.995493986178521,0.6121483651491528
2015-06-29,0.8284022941724487,2.8284022941724487,0.5896261496176303,2.4459022437112035,1.9768604704218435,0.4690417732893599
2015-06-30,0.8277643240541508,2.827764324054151,0.6188755380937909,2.4636299728062427,1.9751872246190667,0.48844274818717603
2015-07-01,0.8361146147810601,2.83611461478106,0.7158673419609354,2.5499200918895752,1.9782273832672659,0.5716927086223094
2015-07-02,0.8083787101637867,2.8083787101637867,0.7489269265528602,2.5157943827643514,1.937335725144856,0.5784586576194954
2015-07-06,0.8034917567782038,2.803491756778204,0.6115010474736726,2.4088068769407514,1.9387929645528583,0.47001391238789303
2015-07-07,0.8123714194256273,2.8123714194256273,0.5370021010596804,2.374476436483806,1.957907203548921,0.4165692329348851
2015-07-08,0.8017623963546825,2.8017623963546825,0.4858979465693869,2.3187526346749845,1.9431709213979111,0.37558171327707335
2015-07-09,0.8044609881069036,2.8044609881069036,0.6312594410467565,2.4276803658329262,1.938188519211486,0.4894918466214402
2015-07-10,0.8279681427485741,2.827968142748574,0.7197654523578283,2.5344234702096307,1.9716910451382876,0.562732425071343
2015-07-13,0.8275151327336339,2.827515132733634,0.7517511807860879,2.556576182744789,1.9668310753104772,0.5897451074343116
2015-07-14,0.8155597636071157,2.8155597636071157,0.7316869560472421,2.5181233791251603,1.9506196075313837,0.5675037715937765
2015-07-15,0.8167830660474138,2.816783066047414,0.6356513752113369,2.4540766543867596,1.9561521200238476,0.49792453436291195
2015-07-16,0.84284086160811,2.84284086160811,0.5531571188960074,2.4509504932056005,1.9986831328471848,0.45226736035841575
2015-07-17,0.8577401239360043,2.8577401239360043,0.5009768220623725,2.4464745695251144,2.023014599788399,0.4234599697367156
2015-07-20,0.8773051204444933,2.8773051204444933,0.4702843997779187,2.4656785617621138,2.0524768883810776,0.4132016733810362
2015-07-21,0.8662611152645994,2.8662611152645994,0.46768519237122996,2.435113030707015,2.0409423540787506,0.39417067662826444
2015-07-22,0.8805394804136668,2.880539480413667,0.3882529201976599,2.4075926816570816,2.0652569327502377,0.34233574890684393
2015-07-23,0.8829485111280704,2.8829485111280704,0.29182344473764443,2.3466284450334283,2.072010990485533,0.27461745454789543
2015-07-24,0.8733454570774022,2.873345457077402,0.324502038757454,2.3487003648441362,2.056839168116554,0.29186119672758215
2015-07-27,0.8524710348127122,2.8524710348127122,0.32582868265795284,2.305390707456314,2.0261864335948006,0.2792042738615135
2015-07-28,0.8542624694963052,2.8542624694963052,0.36568910164382906,2.3360468846282014,2.026409494962133,0.30963738966606824
2015-07-29,0.857641954641192,2.857641954641192,0.40087402955051044,2.3672467455168054,2.0297074287388965,0.3375393167779088
2015-07-30,0.8771588089446922,2.8771588089446922,0.31845472186616686,2.3483738380721166,2.065290783131545,0.2830830549405716
2015-07-31,0.8512304978057834,2.8512304978057834,0.297871406534167,2.2786497829609695,2.029076169207554,0.24957361375341547
2015-08-03,0.8565199006161883,2.8565199006161883,0.2115833484041152,2.2272941259339873,2.0426407942720064,0.18465333166198095
2015-08-04,0.8955101124706744,2.8955101124706744,0.18612408849997664,2.289432097120091,2.102769442334674,0.1866626547854171
2015-08-05,0.9095600240945032,2.909560024094503,0.2141358326169538,2.3410033720797196,2.124441969424923,0.21656140265479662
2015-08-06,0.9008226187813086,2.9008226187813086,0.1731960292229866,2.2983189786205975,2.1075376128951837,0.19078136572541382
2015-08-07,0.9154141203077657,2.9154141203077657,0.05476576349178508,2.2368461391260213,2.1416655621670784,0.09518057695894289
2015-08-10,0.9082244823145018,2.908224482314502,0.16313438146057058,2.2999950681670187,2.1249577029285813,0.17503736523843738
2015-08-11,0.8845377898288405,2.8845377898288405,0.10608149701431557,2.210622537825,2.0914743551341304,0.11914818269086958
2015-08-12,0.8699752948167081,2.869975294816708,0.1612047544316797,2.216259990306309,2.069665312257655,0.146594678048654
2015-08-13,0.8887983085184565,2.8887983085184565,0.17927826203673503,2.2660965133738173,2.09608064531127,0.17001586806254743
2015-08-14,0.9011303073972918,2.901130307397292,0.16075471623189141,2.277913773276129,2.1158590744570844,0.16205469881904477
2015-08-17,0.895580858576924,2.895580858576924,0.1277910037663883,2.242778405980335,2.1100649115960266,0.13271349438430846
2015-08-18,0.8881494851924217,2.8881494851924217,0.21803382428957452,2.289002351581478,2.0951210248987433,0.19388132668273483
2015-08-19,0.8563721432154239,2.856372143215424,0.19055285534887023,2.201253126526096,2.0511705574454964,0.1500825690805998
2015-08-20,0.8715368261532994,2.8715368261532994,0.10691847341601646,2.170568237681725,2.0796521771737067,0.09091606050801815
2015-08-21,0.8402381821948737,2.8402381821948737,0.150309918687209,2.137966102068342,2.0262732450248957,0.11169285704344611
2015-08-24,0.8149643415236909,2.814964341523691,0.18159409757207357,2.1074972073686107,1.9880585618283386,0.11943864554027206
2015-08-25,0.827826448558536,2.827826448558536,0.3246238099632477,2.2304971377439133,2.0031342603279727,0.22736287741594063
2015-08-26,0.8048121965076085,2.8048121965076085,0.4952685438197735,2.302296648026252,1.958298061849826,0.34399858617642587
2015-08-27,0.8159923762859442,2.8159923762859442,0.4564478021433249,2.2977836526117845,1.9782341202997067,0.31954953231207783
2015-08-28,0.8430714279200053,2.8430714279200053,0.3709732452529382,2.29337756259671,2.021210964188892,0.2721665984078183
2015-08-31,0.8560950407260073,2.8560950407260073,0.3539874019327929,2.3076284284421735,2.042935820103869,0.2646926083383043
2015-09-01,0.8420050380392503,2.8420050380392503,0.3340414392503459,2.2645784376123066,2.0225971461157655,0.24198129149654113
2015-09-02,0.8469741201145311,2.846974120114531,0.3562485275230216,2.292884440835473,2.027378277299514,0.2655061635359588
2015-09-03,0.8431376320152033,2.8431376320152033,0.33519502412248814,2.2685692019180737,2.0263262425334676,0.24224295938460605
2015-09-04,0.8475505889937658,2.847550588993766,0.2535005163652211,2.219010271732973,2.037465398738754,0.18154487299421884
2015-09-08,0.8592062790574424,2.8592062790574424,0.30776324020004964,2.282389833994213,2.0498453264744576,0.23254450751975542
2015-09-09,0.8598872654460479,2.859887265446048,0.3007265797831167,2.2768085522843156,2.0527705597889185,0.22403799249539702
2015-09-10,0.8527539774339701,2.85275397743397,0.371202439294533,2.313513529788412,2.038454302932121,0.27505922685629125
2015-09-11,0.8423293643905865,2.8423293643905865,0.36316052283609235,2.2828931581112712,2.028518268122207,0.2543748899890641
2015-09-14,0.837675206604878,2.837675206604878,0.36942217086384455,2.2713912206179647,2.023782735751934,0.24760848486603093
2015-09-15,0.85596923509069,2.85596923509069,0.4728781169596621,2.3771564925962743,2.0467143690713123,0.33044212352496194
2015-09-16,0.8526771315002861,2.852677131500286,0.5147532407617659,2.3978856422655808,2.040679475324175,0.3572061669414057
2015-09-17,0.8088194938487909,2.808819493848791,0.5061877910109107,2.3081428109615123,1.9740003428762039,0.33414246808530845
2015-09-18,0.8031652994632346,2.8031652994632346,0.4000357808052337,2.2259890524238406,1.9617766406151331,0.26421241180870747
2015-09-21,0.8075425579881319,2.807542557988132,0.4885024296187681,2.2965778257010827,1.9607203396868969,0.33585748601418586
2015-09-22,0.7967214726233856,2.7967214726233856,0.421261463024857,2.227008339860995,1.9475061759533299,0.27950216390766514
2015-09-23,0.8026303278444225,2.8026303278444225,0.4231627021544564,2.2432693338758303,1.953998778474663,0.2892705554011672
2015-09-24,0.8034145494281901,2.80341454942819,0.37651010840015564,2.2150462924338092,1.9566653239144383,0.258380968519371
2015-09-25,0.808671375246206,2.808671375246206,0.4172784003983083,2.2552871176964966,1.962623147054547,0.2926639706419496
2015-09-28,0.8102166043346699,2.81021660433467,0.3044945995217323,2.1764309674141726,1.9746828920767907,0.20174807533738193
2015-09-29,0.7926040903927642,2.7926040903927642,0.2845964311343616,2.1254819836685503,1.9498999912144948,0.1755819924540556
2015-09-30,0.7848751426744975,2.7848751426744975,0.32314386581425314,2.1374795950952428,1.9337815854184217,0.20369800967682106
2015-10-01,0.7918490560635654,2.7918490560635654,0.2900195587548646,2.1273858951993163,1.9474104551620621,0.1799754400372542
2015-10-02,0.7587481547077317,2.7587481547077317,0.3008413153194669,2.069721070956613,1.8950046300370427,0.17471644091957028
2015-10-05,0.7663793080102046,2.7663793080102046,0.39081194556055854,2.146323664478984,1.9058604857029018,0.24046317877608225
2015-10-06,0.7700271553737323,2.7700271553737323,0.35074629343199426,2.1252934459497723,1.912558774351904,0.2127346715978684
2015-10-07,0.7796649444959947,2.7796649444959947,0.3492275577646078,2.148380694889528,1.9209661068917494,0.2274145879977787
2015-10-08,0.7795222355054534,2.7795222355054534,0.4170316480156129,2.193432669271508,1.920978553220379,0.2724541160511291
2015-10-09,0.7972236300318585,2.7972236300318585,0.36238410276116717,2.1913583316689813,1.9517489235596286,0.23960940810935272
2015-10-13,0.7799718052003364,2.7799718052003364,0.32511315099543525,2.129838667597904,1.9247190603005104,0.20511960729739354
2015-10-14,0.7568231596587687,2.7568231596587687,0.2989192881331575,2.0647590356799337,1.8941799300048183,0.17057910567511536
2015-10-15,0.7763837977847672,2.776383797784767,0.30693408728679605,2.1110495607910362,1.9215204611425862,0.18952909964845
2015-10-16,0.7866424575241489,2.786642457524149,0.2886219740004332,2.1183229318629713,1.939742995456661,0.1785799364063103
2015-10-19,0.7802426959640805,2.7802426959640805,0.3172524401877166,2.1269324504287677,1.9282115008564593,0.19872094957230835
2015-10-20,0.7926236632919519,2.792623663291952,0.3442220093235042,2.1714623051053286,1.9445480776547535,0.2269142274505751
2015-10-21,0.7920702849766812,2.792070284976681,0.2845972106998893,2.126754753157484,1.9470198385664153,0.17973491459106872
2015-10-22,0.7951186470853564,2.7951186470853564,0.2762304287449435,2.128753543711869,1.9571130492930149,0.1716404944188541
2015-10-23,0.8094333053657081,2.809433305365708,0.31393976687875047,2.1862286177557624,1.9721092683336556,0.21411934942210675
2015-10-26,0.8116283831359397,2.8116283831359397,0.267685861588687,2.1565695854844384,1.9797772407105108,0.1767923447739277
2015-10-27,0.7977457968029675,2.7977457968029675,0.2823604133050397,2.1356231447577487,1.960666527564688,0.17495661719306077
2015-10-28,0.8424663495176397,2.8424663495176397,0.2297454351644559,2.189531609059525,2.0296668758676435,0.15986473319188166
2015-10-29,0.8504187379790586,2.8504187379790586,0.32387933063831387,2.274596293671749,2.036803378119084,0.23779291555266502
2015-10-30,0.8631322066626659,2.863132206662666,0.24826007291790764,2.2452505490283636,2.062725889420549,0.1825246596078145
2015-11-02,0.8789966753991649,2.878996675399165,0.25995029692557003,2.285933521492181,2.087587313067091,0.19834620842509
2015-11-03,0.8825305826040442,2.882530582604044,0.30495650406421815,2.3227259998402037,2.0923108196175706,0.23041518022263308
2015-11-04,0.9152653348541548,2.915265334854155,0.22035908113302005,2.3304256518800734,2.14511116364877,0.18531448823130336
2015-11-05,0.910235077930647,2.910235077930647,0.25382862898673286,2.343783717473909,2.1339840506400685,0.20979966683384044
2015-11-06,0.9409713292197459,2.940971329219746,0.29334249451139005,2.4319475678258926,2.1838106426401316,0.24813692518576103
2015-11-09,0.9438957461574695,2.9438957461574695,0.316013593467666,2.4534011037120886,2.188157867429705,0.2652432362823838
2015-11-10,0.9295278696415501,2.92952786964155,0.33662108168586613,2.4357629231150306,2.1691109896422183,0.26665193347281235
2015-11-12,0.9310499875263609,2.931049987526361,0.34272972308976124,2.442337309193419,2.170437605748564,0.27189970344485515
2015-11-13,0.9087322857467335,2.9087322857467335,0.35579206175587075,2.4027618852747605,2.1369621366536715,0.265799748621089
2015-11-16,0.8976836742550525,2.8976836742550525,0.37233691620656817,2.3890695185521285,2.119971219697833,0.2690982988542956
2015-11-17,0.9075156026168543,2.9075156026168543,0.3131799152623942,2.3678690166838736,2.139288179329655,0.2285808373542184
2015-11-18,0.9202391638520488,2.920239163852049,0.2992440914226875,2.385180327135196,2.156060958421616,0.22911936871357996
2015-11-19,0.9199231752648345,2.9199231752648345,0.26358165334388994,2.3571297399950017,2.156718414447408,0.20041132554759367
2015-11-20,0.9238766227128394,2.9238766227128394,0.28327078881504963,2.374521371856554,2.1643949617238887,0.21012641013266542
2015-11-23,0.9279408277197199,2.92794082771972,0.24300249865380286,2.3547286521403366,2.1694705378975545,0.18525811424278205
2015-11-24,0.9210259039469548,2.921025903946955,0.2485678535232556,2.340169714968983,2.16362667850886,0.17654303646012304
2015-11-25,0.928856996034721,2.928856996034721,0.22400029906357322,2.3372797725478076,2.1796706084854067,0.15760916406240089
2015-11-27,0.9201980281249007,2.9201980281249007,0.23712511086863852,2.3272691107338987,2.1664594150031866,0.16080969573071213
2015-11-30,0.9308135729196394,2.9308135729196394,0.19964039516881105,2.319636796577619,2.1886501346777,0.13098666189991892
2015-12-01,0.9204158668209779,2.920415866820978,0.13793455396736531,2.254208702696652,2.1761326018188556,0.0780761008777966
2015-12-02,0.9378642309008249,2.937864230900825,0.12585842517253854,2.2816019985634344,2.2025190940172825,0.07908290454615186
2015-12-03,0.9451294594121649,2.945129459412165,0.3291135012686093,2.4418306203553466,2.2073309584883902,0.23449966186695637
2015-12-04,0.9523860555142463,2.9523860555142463,0.2286355300509988,2.3878442143828553,2.2234608533670013,0.16438336101585405
2015-12-07,0.9565290395388324,2.9565290395388324,0.1449641945388933,2.332883543761165,2.2391881662209667,0.09369537754019808
2015-12-08,0.9493474891384928,2.9493474891384928,0.1874541392653133,2.3409599665717518,2.230011207360658,0.1109487592110936
2015-12-09,0.9317386955274145,2.9317386955274145,0.21275632516235898,2.3196276160732343,2.2039751082229344,0.1156525078502999
2015-12-10,0.9469220501889382,2.946922050188938,0.19557471741009547,2.3426884956625993,2.2229417069896957,0.11974678867290356
2015-12-11,0.912084794871312,2.912084794871312,0.14914060113263705,2.2335344660783187,2.175998414424312,0.05753605165400666
2015-12-14,0.9388942203841388,2.938894220384139,0.22136809512931732,2.337277024498784,2.213737666997817,0.12353935750096712
2015-12-15,0.9512264930476775,2.9512264930476775,0.2404833501355652,2.3800632845690517,2.2268920291095275,0.15317125545952415
2015-12-16,0.974915503613083,2.974915503613083,0.2105735204935617,2.4086442275140874,2.26181316941494,0.14683105809914743
2015-12-17,0.985165450775245,2.985165450775245,0.0717424444365764,2.3338627330572073,2.282673716490977,0.051189016566230094
2015-12-18,0.9702212537886048,2.970221253788605,0.053170655356017615,2.292085169852996,2.2607199299668577,0.03136523988613815
2015-12-21,0.9621108329088592,2.9621108329088592,0.08490160513858136,2.294307889783103,2.2487735209478963,0.045534368835206784
2015-12-22,0.9707654449600973,2.9707654449600973,0.11627729514403562,2.337570917995121,2.2548574223966,0.08271349559852137
2015-12-23,0.9701416121498205,2.9701416121498205,0.17023492134661478,2.3730326795098513,2.252457270116807,0.12057540939304445
2015-12-24,0.9782394876147222,2.9782394876147222,0.11603022791789375,2.3484303972220855,2.2697224467135015,0.07870795050858392
2015-12-28,0.9836780557665037,2.9836780557665037,0.08490746029439666,2.337285235930973,2.2799269181143758,0.05735831781659728
2015-12-29,0.9980196287456735,2.9980196287456735,0.15595614512656164,2.4180966477426593,2.2968965109848,0.12120013675785923
2015-12-30,0.9884875251616165,2.9884875251616165,0.1782191098910948,2.4159824836786052,2.279601974204851,0.13638050947375424
2015-12-31,0.9794973813318997,2.9794973813318997,0.16534853268489336,2.384121853084052,2.2729714574854545,0.1111503955985973
2016-01-04,0.9749458118807013,2.9749458118807013,0.12745030441010785,2.3465903345092736,2.2688176647490157,0.07777266976025787
2016-01-05,0.9668041711077535,2.9668041711077535,0.16718495749595963,2.3533324424652617,2.2543871991659805,0.09894524329928123
2016-01-06,0.9467260826973742,2.9467260826973742,0.11985214129869082,2.277376673705344,2.2260971423152798,0.051279531390064026
2016-01-07,0.9263441345428909,2.926344134542891,0.14537369651380194,2.250867475510482,2.195505192513578,0.055362282996904266
2016-01-08,0.912623122023632,2.912623122023632,0.15646719324905956,2.224405881473991,2.1795862534682113,0.044819628005779766
2016-01-11,0.9022787442022953,2.9022787442022953,0.23934907618223367,2.2651318641462126,2.157210896502989,0.10792096764322379
2016-01-12,0.9031822048369023,2.9031822048369023,0.15631087158602286,2.205946322412519,2.16515717553415,0.040789146878368765
2016-01-13,0.8957983513482795,2.8957983513482795,0.10943558640204287,2.1589104184169887,2.1544915108147475,0.004418907602241173
2016-01-14,0.8858855475677672,2.885885547567767,0.18044634947936,2.193603548458221,2.1321154234858843,0.06148812497233669
2016-01-15,0.8705778928047074,2.8705778928047074,0.12210169337842869,2.123575400648017,2.1102497280880295,0.013325672559987733
2016-01-19,0.8830435747116283,2.8830435747116283,0.10903480977077828,2.142656513694129,2.126622179951114,0.016034333743015328
2016-01-20,0.8670442620640202,2.86704426206402,0.07914901299089117,2.0904526694361483,2.1018347614232,-0.011382091987051535
2016-01-21,0.8617456492214828,2.861745649221483,0.12287601663328296,2.107854962083256,2.0945052739906584,0.0133496880925974
2016-01-22,0.879516351588002,2.879516351588002,0.12606161518561043,2.149636478282555,2.1186099612375853,0.031026517044969726
2016-01-25,0.8805628172139386,2.8805628172139386,0.06315390546837119,2.1060309798922905,2.123826748311485,-0.017795768419194502
2016-01-26,0.8692488320548009,2.869248832054801,0.08392114497156355,2.0951836946438886,2.108925338354233,-0.013741643710344142
2016-01-27,0.8625023508458405,2.8625023508458405,0.10855567250734621,2.097159390218485,2.098161692211477,-0.0010023019929921162
2016-01-28,0.8513194291875763,2.8513194291875763,0.11533835029669515,2.078842894479507,2.0809604742811985,-0.0021175798016912495
2016-01-29,0.825526771078799,2.825526771078799,0.11372634474137566,2.0236812509285045,2.044977018896933,-0.02129576796842869
2016-02-01,0.8479982743984138,2.847998274398414,0.09916546264373194,2.0591357693992665,2.0809092399810067,-0.021773470581740284
2016-02-02,0.822536770400113,2.822536770400113,0.02253285966816887,1.9539538476923062,2.046309633243383,-0.09235578555107682
2016-02-03,0.8054000356908944,2.8054000356908944,0.09269708205811633,1.9692636877147018,2.0153731416683454,-0.04610945395364352
2016-02-04,0.7985326633138534,2.7985326633138534,0.10044503879581246,1.958500942658367,2.0064359981310544,-0.04793505547268739
2016-02-05,0.8091773925954939,2.809177392595494,0.03948670591552328,1.936621614831393,2.02440801243759,-0.08778639760619678
2016-02-08,0.7933343999382991,2.793334399938299,-0.07091726292118694,1.8280144389569812,2.0070163315502705,-0.17900189259328925
2016-02-09,0.7991918064830053,2.7991918064830053,-0.10895984942401915,1.8135011261477174,2.012787588558597,-0.19928646241087944
2016-02-10,0.8076455738489976,2.8076455738489976,-0.1585790893769241,1.7933249491325847,2.0323235133163133,-0.23899856418372867
2016-02-11,0.8039061810348862,2.803906181034886,-0.26635842676641364,1.7191024428974737,2.024740367770968,-0.30563792487349417
2016-02-12,0.8228572987824165,2.8228572987824165,-0.16291603107953145,1.8305461578812254,2.0476584597853997,-0.2171123019041743
2016-02-16,0.8264155024744717,2.8264155024744717,-0.12554400521105546,1.8627042129697617,2.051370515552298,-0.18866630258253636
2016-02-17,0.8315146365921926,2.8315146365921926,-0.08483606803640553,1.9023898586446346,2.056892319075305,-0.15450246043067017
2016-02-18,0.8196556052658472,2.8196556052658472,-0.13203474961944717,1.8446861079700105,2.044460556461561,-0.19977444849155068
2016-02-19,0.8397019073212064,2.8397019073212064,-0.18271192663348046,1.8484906728208828,2.077451762584615,-0.2289610897637322
2016-02-22,0.8425252513955073,2.8425252513955073,-0.1719170177219942,1.8600577474639506,2.0827024486342047,-0.22264470117025414
2016-02-23,0.8329509642401796,2.8329509642401796,-0.17289007993140437,1.838373059674141,2.0706716505055356,-0.2322985908313946
2016-02-24,0.8322889726227629,2.832288972622763,-0.16555257050577854,1.8427936131088951,2.067695599308541,-0.22490198619964596
2016-02-25,0.8102132445955377,2.8102132445955377,-0.15704435725553667,1.8008747997637742,2.0359635325507277,-0.23508873278695352
2016-02-26,0.8438228203294216,2.8438228203294216,-0.16889321442253236,1.8578657116216013,2.0886144221987544,-0.23074871057715307
2016-02-29,0.8402782652661998,2.8402782652661998,-0.18007152507129298,1.8407971808830275,2.0873420899168207,-0.24654490903379322
2016-03-01,0.8649570148824921,2.864957014882492,-0.11331984210562052,1.9385122771455803,2.121308259609472,-0.18279598246389184
2016-03-02,0.8805565297841262,2.8805565297841262,-0.13985422106200684,1.9559451715056735,2.144713085022645,-0.1887679135169713
2016-03-03,0.8801707825894205,2.8801707825894205,-0.17436868287141905,1.9339790375398562,2.1421503205346095,-0.2081712829947533
2016-03-04,0.8953092690540956,2.8953092690540956,-0.13802560170951828,1.9894865774651627,2.1640639434524345,-0.1745773659872718
2016-03-07,0.912548484767413,2.912548484767413,-0.16494666830628435,2.0080978694344833,2.187297681201391,-0.17919981176690758
2016-03-08,0.8976324495740222,2.897632449574022,-0.24102260666895026,1.9222166327691148,2.1695536691726214,-0.24733703640350657
2016-03-09,0.9022806319637127,2.9022806319637127,-0.16716017433267316,1.9833295311637127,2.1739876510578906,-0.1906581198941779
2016-03-10,0.9284965107144174,2.9284965107144174,-0.1946141451471144,2.0229485806487615,2.2107805905023654,-0.18783200985360393
2016-03-11,0.9358893162572173,2.9358893162572173,-0.14379056980554017,2.0681045557961784,2.2245958557223817,-0.15649129992620336
2016-03-14,0.9376591621004025,2.9376591621004025,-0.16905056691375542,2.0558381477104715,2.2259902810474332,-0.17015213333696178
2016-03-15,0.9474731573650494,2.9474731573650494,-0.2066625826539219,2.0514234126547435,2.2419356099935217,-0.19051219733877822
2016-03-16,0.8934424746831411,2.893442474683141,-0.08435485824842304,2.0262163637656987,2.158524637341731,-0.13230827357603214
2016-03-17,0.8893934453914234,2.8893934453914234,-0.12028985418892235,1.9933741988342302,2.1515827730079353,-0.15820857417370515
2016-03-18,0.8716422744076908,2.871642274407691,-0.10948029415396321,1.9640984584688503,2.124064452304737,-0.1599659938358866
2016-03-21,0.879878253605419,2.879878253605419,-0.07732105055557348,2.0045382481550766,2.131708290798591,-0.1271700426435145
2016-03-22,0.896606927656368,2.896606927656368,-0.09410668041180825,2.0277478205034787,2.1581186860101553,-0.13037086550667665
2016-03-23,0.8846645381693108,2.884664538169311,-0.15563898579069924,1.9597771546692848,2.1441019844416966,-0.18432482977241182
2016-03-24,0.8918441246554316,2.8918441246554316,-0.13935951179213535,1.9851338535674268,2.1545919484728255,-0.16945809490539876
2016-03-28,0.8919196584525224,2.8919196584525224,-0.17684220647986182,1.960314598284586,2.154163767719286,-0.19384916943469999
2016-03-29,0.8534594621657767,2.8534594621657767,-0.17321515349202832,1.8872656643650154,2.0944236443293844,-0.20715797996436902
2016-03-30,0.827243082026051,2.827243082026051,-0.054315756136616544,1.91361142775253,2.053591465611417,-0.1399800378588869
2016-03-31,0.8101128735995218,2.8101128735995218,-0.07618994358385933,1.8599700080725978,2.0308039795985855,-0.17083397152598767
2016-04-01,0.828936122552058,2.828936122552058,-0.11964617296016544,1.867666280631809,2.0598038939265293,-0.19213761329472034
2016-04-04,0.8226347454877647,2.8226347454877647,-0.1352280482223449,1.8453249533812126,2.0489707547980665,-0.20364580141685384
2016-04-05,0.8167874302087981,2.816787430208798,-0.1926650997270536,1.7919458682110634,2.0440665071651116,-0.25212063895404824
2016-04-06,0.8209509693211778,2.820950969321178,-0.1552962008324701,1.8260067565364806,2.0482098831395303,-0.22220312660304975
2016-04-07,0.8049209384009473,2.8049209384009473,-0.2031187238883314,1.7605688274117708,2.025598734808014,-0.2650299073962432
2016-04-08,0.804302458659933,2.804302458659933,-0.17409006297127227,1.7816210667666543,2.021430030499819,-0.23980896373316485
2016-04-11,0.8036259757716913,2.8036259757716913,-0.16022445167828225,1.7893365713370162,2.019895164388348,-0.23055859305133164
2016-04-12,0.8198761174224316,2.8198761174224316,-0.12454404424636922,1.8472309690173776,2.0441688453149998,-0.19693787629762216
2016-04-13,0.8308398650952142,2.8308398650952142,-0.19453821434156238,1.8235166500612487,2.0607607806984087,-0.23724413063716
2016-04-14,0.844121604499815,2.844121604499815,-0.20247164004535279,1.8500732750608977,2.0770730775683552,-0.22699980250745755
2016-04-15,0.8305506199167354,2.8305506199167354,-0.21240324681672407,1.8152256465370542,2.058505217517783,-0.24327957098072894
2016-04-18,0.8343989910033898,2.8343989910033898,-0.20168680733735656,1.8341121641485392,2.060413275310492,-0.22630111116195262
2016-04-19,0.844634531511165,2.844634531511165,-0.2037055836716095,1.8521199826621253,2.0773608010675804,-0.22524081840545507
2016-04-20,0.8611980310676266,2.8611980310676266,-0.1749432975828631,1.9105602470431826,2.0963193899049495,-0.18575914286176687
2016-04-21,0.8651704787262879,2.865170478726288,-0.15848659292779144,1.9296803684985202,2.1013803787375362,-0.17170001023901604
2016-04-22,0.8693107257748025,2.8693107257748025,-0.13363003817104424,1.9546154680127885,2.108702275055314,-0.15408680704252564
2016-04-25,0.8714147196020363,2.8714147196020363,-0.11313760582815346,1.9718096103002218,2.1121307074836184,-0.14032109718339658
2016-04-26,0.8768227067756484,2.8768227067756484,-0.0813642647270747,2.0042549400516596,2.1185873429282767,-0.11433240287661706
2016-04-27,0.8707763357206275,2.8707763357206275,-0.16840899007886012,1.9266339637944119,2.11743936403039,-0.19080540023597803
2016-04-28,0.8476976949455235,2.8476976949455235,-0.14873066014490366,1.895471703474706,2.081660054003539,-0.18618835052883287
2016-04-29,0.8457423557684365,2.8457423557684365,-0.14611193720706717,1.8932700950575099,2.0807213121945165,-0.18745121713700663
2016-05-02,0.853609469475046,2.853609469475046,-0.09605841666363246,1.9449097662099957,2.0896341763445747,-0.14472441013457904
2016-05-03,0.8380288747764055,2.8380288747764055,-0.15637272716321204,1.870935395768215,2.067395438776166,-0.19646004300795084
2016-05-04,0.831921686397564,2.831921686397564,-0.1637599069717235,1.8533770504945868,2.058875275744576,-0.20549822524998929
2016-05-05,0.8236640094729673,2.8236640094729673,-0.19471565553781955,1.8159628557498635,2.0459968416611733,-0.23003398591130986
2016-05-06,0.8319788189216197,2.8319788189216197,-0.17318158511780068,1.8463844517986843,2.0594184745333686,-0.2130340227346843
2016-05-09,0.8177746308908773,2.8177746308908773,-0.16274181273173904,1.823680989929764,2.0381722760638508,-0.21449128613408686
2016-05-10,0.820203016688815,2.820203016688815,-0.1663876615462554,1.8237944021719037,2.0435352286661304,-0.21974082649422666
2016-05-11,0.828258133086635,2.828258133086635,-0.2226607194973047,1.8010053213583643,2.057850858338971,-0.25684553698060686
2016-05-12,0.8435537273943652,2.843553727394365,-0.23033498894357018,1.8274776122391356,2.080619385086292,-0.25314177284715655
2016-05-13,0.8472215778296182,2.847221577829618,-0.30798495648078594,1.7794350380115986,2.089953181937761,-0.31051814392616217
2016-05-16,0.8626232159224791,2.862623215922479,-0.29119047960167554,1.823897141332133,2.1112203577766575,-0.2873232164445245
2016-05-17,0.8785253348528137,2.8785253348528137,-0.32904350877259114,1.8256941498285761,2.1397264768215987,-0.3140323269930225
2016-05-18,0.9171897755295468,2.917189775529547,-0.2820442284220821,1.9391051125711616,2.1946524171334505,-0.2555473045622889
2016-05-19,0.9077447953097568,2.907744795309757,-0.2774580644470457,1.9204395221229487,2.1833415224650885,-0.26290200034213984
2016-05-20,0.9051631137832885,2.9051631137832885,-0.27351623419185467,1.914944959815189,2.181659509401766,-0.2667145495865768
2016-05-23,0.9093491268822795,2.9093491268822795,-0.29744373829135284,1.9058093266676712,2.19013445151502,-0.28432512484734884
2016-05-24,0.9202148799383849,2.920214879938385,-0.28866095196105546,1.9345227167436996,2.20720259756172,-0.27267988081802064
2016-05-25,0.9211781196687525,2.9211781196687525,-0.2816549399763333,1.9424928012874465,2.207725200783514,-0.2652323994960677
2016-05-26,0.9039181464578228,2.9039181464578228,-0.285514330751071,1.9041630561207372,2.1833204861536197,-0.2791574300328825
2016-05-27,0.9239574162007074,2.9239574162007074,-0.31593408848602955,1.9228151028952727,2.2156049160812765,-0.29278981318600383
2016-05-31,0.914991407826502,2.914991407826502,-0.30117274927637716,1.9156635994080555,2.204294096050173,-0.2886304966421176
2016-06-01,0.927609998525277,2.927609998525277,-0.33575802730902504,1.9178698012253808,2.222260704931237,-0.3043909037058561
2016-06-02,0.9265892064714834,2.9265892064714834,-0.39534382962749026,1.8729742752423872,2.2251403068553444,-0.3521660316129571
2016-06-03,0.8782977064780013,2.8782977064780013,-0.40406771858247037,1.7702053646734717,2.1515598923640407,-0.381354527690569
2016-06-06,0.8808888913685138,2.880888891368514,-0.3768718680644061,1.7940008119003614,2.1533247664429247,-0.3593239545425633
2016-06-07,0.8764237828474677,2.8764237828474677,-0.3889794208332087,1.7782213364770765,2.144743624073247,-0.36652228759617045
2016-06-08,0.8779937946620109,2.877993794662011,-0.41549713088268314,1.7662926918655775,2.1469186907994535,-0.38062599893387605
2016-06-09,0.8773714866685083,2.8773714866685083,-0.45020277345136606,1.7399175020779294,2.147946550381561,-0.4080290483036315
2016-06-10,0.8673640403985949,2.867364040398595,-0.4825886336652747,1.6963995714925617,2.135732089815662,-0.4393325183231003
2016-06-13,0.8498510836800222,2.849851083680022,-0.455223403838648,1.6779675798228744,2.1084130278649846,-0.43044544804211027
2016-06-14,0.8535142138961689,2.853514213896169,-0.4671506248348809,1.676897918030456,2.113129673276261,-0.4362317552458048
2016-06-15,0.8292097617353313,2.8292097617353313,-0.43111025430608096,1.6538588986595697,2.0732413668033365,-0.4193824681437668
2016-06-16,0.8404045691392632,2.840404569139263,-0.5017294460852852,1.6275570312083099,2.0933177009740302,-0.4657606697657204
2016-06-17,0.8401897651154826,2.8401897651154826,-0.4359690528818545,1.6748210280946751,2.0892436445101086,-0.41442261641543343
2016-06-20,0.8495817198680591,2.849581719868059,-0.39354551599843246,1.7210246179075765,2.1034504051098994,-0.3824257872023229
2016-06-21,0.8574456281017468,2.857445628101747,-0.36688646345884157,1.7574815954194027,2.1115168556728827,-0.35403526025348
2016-06-22,0.8531242741635872,2.853124274163587,-0.3816909986450594,1.7392684357124633,2.105103681768156,-0.3658352460556926
2016-06-23,0.8670777008435877,2.8670777008435877,-0.3379829684623643,1.798450532862658,2.1259453420881393,-0.32749480922548124
2016-06-24,0.8238891835684932,2.823889183568493,-0.4651841321044108,1.6244329461350675,2.0658974839900024,-0.4414645378549349
2016-06-27,0.815190460099565,2.815190460099565,-0.6032883604847603,1.510114183428941,2.059059195242095,-0.5489450118131538
2016-06-28,0.8181309255207978,2.818130925520798,-0.6245343679886028,1.5021176247442096,2.0618052396506603,-0.5596876149064507
2016-06-29,0.829440008331094,2.829440008331094,-0.6018938978117996,1.5431414338816767,2.0772357782581055,-0.5340943443764288
2016-06-30,0.814274997509159,2.814274997509159,-0.5703352963400148,1.5372049495268503,2.052512741037179,-0.5153077915103286
2016-07-01,0.8242855819769339,2.824285581976934,-0.6376929861361011,1.5089449263184078,2.071437438766055,-0.5624925124476472
2016-07-05,0.821377229426318,2.821377229426318,-0.7621432598664057,1.415363944915307,2.074531326663811,-0.659167381748504
2016-07-06,0.830128626360711,2.830128626360711,-0.7803122112453282,1.4205486317231235,2.086534589914688,-0.6659859581915646
2016-07-07,0.8305407070748743,2.8305407070748743,-0.7557965193284133,1.4349910417526972,2.090085844886064,-0.6550948031333668
2016-07-08,0.8405550734107514,2.8405550734107514,-0.8271807338842052,1.4015897599675602,2.1093433536556616,-0.7077535936881014
2016-07-11,0.8620765951858047,2.8620765951858047,-0.802565666635866,1.4648949472161388,2.1387665667822837,-0.6738716195661449
2016-07-12,0.8691663559138405,2.8691663559138405,-0.6868462916275204,1.5620778010001524,2.1431890990249145,-0.5811112980247621
2016-07-13,0.8724268016827068,2.872426801682707,-0.7615577764904469,1.5165176819002817,2.1516842834140135,-0.6351666015137318
2016-07-14,0.8679750285687504,2.8679750285687504,-0.6654860090861714,1.5738681514905277,2.14198585415253,-0.5681177026620023
2016-07-15,0.8804156257256821,2.880415625725682,-0.6120723517165647,1.6384408612833516,2.1568248202631586,-0.5183839589798069
2016-07-18,0.8700530756653997,2.8700530756653997,-0.5902477813394356,1.6302745628107234,2.1420212097184534,-0.5117466469077301
2016-07-19,0.8704905337982325,2.8704905337982325,-0.6371573926450562,1.59887413949387,2.1433981286049675,-0.5445239891110976
2016-07-20,0.8796900808153687,2.8796900808153687,-0.622860832639919,1.6290545691750262,2.1546918226377176,-0.5256372534626914
2016-07-21,0.8571080136097535,2.8571080136097535,-0.5840114955629572,1.6074628797998014,2.121328434748772,-0.5138655549489708
2016-07-22,0.8718680248955906,2.8718680248955906,-0.6121839046286714,1.6179963473316805,2.1449502389590536,-0.526953891627373
2016-07-25,0.8840750281172696,2.8840750281172696,-0.6482622659682074,1.6170394807361181,2.1634391744894703,-0.5463996937533522
2016-07-26,0.88865203482613,2.88865203482613,-0.6654168467799151,1.6106507854464602,2.17635283309228,-0.5657020476458199
2016-07-27,0.8765301300219264,2.8765301300219264,-0.703299252676671,1.5603901463927283,2.1574790944530933,-0.5970889480603649
2016-07-28,0.8716300288754617,2.8716300288754617,-0.6959846091250244,1.5555064464318302,2.150110372572847,-0.5946039261410168
2016-07-29,0.8495546135764478,2.849554613576448,-0.711546566973821,1.5007181815702864,2.1186413315608017,-0.6179231499905153
2016-08-01,0.8505096779143848,2.850509677914385,-0.6464491937965526,1.5493332704655742,2.1146070605986855,-0.5652737901331113
2016-08-02,0.8452106207866485,2.8452106207866485,-0.5787284052454433,1.5867074127497682,2.1029854943670037,-0.5162780816172354
2016-08-03,0.8388564440158923,2.8388564440158923,-0.5632128492167503,1.5832594468466104,2.0932425317808714,-0.509983084934261
2016-08-04,0.829939796963437,2.829939796963437,-0.5855614526658464,1.547809355472806,2.0824923329080476,-0.5346829774352415
2016-08-05,0.8696588828286025,2.8696588828286025,-0.585294322485792,1.6297826594526181,2.1413208985202146,-0.5115382390675964
2016-08-08,0.87738467035852,2.87738467035852,-0.6083565273740046,1.631176053697309,2.153766627569703,-0.5225905738723939
2016-08-09,0.8732090420749508,2.8732090420749508,-0.6592818008457977,1.5855035943783102,2.1510574823632713,-0.5655538879849611
2016-08-10,0.8593348462816834,2.8593348462816834,-0.6623069076663102,1.5533446478502992,2.1313208695327446,-0.5779762216824453
2016-08-11,0.88773110394661,2.88773110394661,-0.6471262659297627,1.6207299039689382,2.1738623854354078,-0.5531324814664695
2016-08-12,0.8731575371887139,2.873157537188714,-0.6743610492953582,1.5713212809688515,2.155066816188785,-0.5837455352199337
2016-08-15,0.8760517966117547,2.8760517966117547,-0.6288435878038161,1.6110855096758092,2.1544072058411343,-0.5433216961653251
2016-08-16,0.8877715034810869,2.887771503481087,-0.6319897975761544,1.6317150211676639,2.1729768793118573,-0.5412618581441935
2016-08-17,0.8853667296426657,2.8853667296426657,-0.6557662737443737,1.6126453370628768,2.1681760431869224,-0.5555307061240455
2016-08-18,0.8716433297707766,2.8716433297707766,-0.6518480384017895,1.5876080175526364,2.148136704999757,-0.5605286874471205
2016-08-19,0.8935785211115501,2.89357852111155,-0.6447470178255177,1.6371625631093638,2.1805045568461177,-0.5433419937367538
2016-08-22,0.8938402856250143,2.8938402856250143,-0.699159605573179,1.5974553791867323,2.1858383665999415,-0.5883829874132092
2016-08-23,0.8944026848917659,2.894402684891766,-0.706249577514825,1.5963504877098182,2.182890163369916,-0.5865396756600976
2016-08-24,0.8933418437309975,2.8933418437309975,-0.6956261973310172,1.596565324222734,2.184778504238411,-0.5882131800156771
2016-08-25,0.9027775351462743,2.9027775351462743,-0.6978063776424932,1.615971434867805,2.196076671458192,-0.5801052365903869
2016-08-26,0.9329115144584748,2.9329115144584748,-0.7172738777189478,1.665690540025706,2.241014105820958,-0.575323565795252
2016-08-29,0.9228401152984596,2.9228401152984596,-0.7678062546152056,1.6085098241865436,2.2298734582158612,-0.6213636340293176
2016-08-30,0.9257936702264189,2.925793670226419,-0.7706632931889041,1.614149099710781,2.234072777929981,-0.6199236782192001
2016-08-31,0.9305799940349289,2.930579994034929,-0.7690691625882868,1.6246601412535326,2.2443620934432693,-0.6197019521897367
2016-09-01,0.9270228040783053,2.9270228040783053,-0.7643934803394234,1.6200762150391983,2.2405462979440856,-0.6204700829048873
2016-09-02,0.9191365086339616,2.9191365086339616,-0.6922313642529172,1.6543120849547899,2.2230155931433484,-0.5687035081885585
2016-09-06,0.895454628553999,2.895454628553999,-0.7038964228550011,1.5981156125301847,2.1901952540683287,-0.592079641538144
2016-09-07,0.8991791457909564,2.8991791457909564,-0.7350630801059621,1.5834101894272794,2.1971668321040863,-0.6137566426768069
2016-09-08,0.9091267310823135,2.9091267310823135,-0.6465261272930176,1.6651146891913104,2.2087199291574686,-0.5436052399661582
2016-09-09,0.9146561101934836,2.9146561101934836,-0.5716901791632134,1.7262367439222652,2.218318053768572,-0.4920813098463066
2016-09-12,0.8987690100102519,2.898769010010252,-0.5314228275795907,1.7213913622824377,2.190915866592134,-0.4695245043096963
2016-09-13,0.9051765995876373,2.9051765995876373,-0.45845836227864467,1.7858650157750433,2.196375347608417,-0.4105103318333736
2016-09-14,0.8859924468211133,2.8859924468211133,-0.44733995996442744,1.753296189312924,2.1687981630612825,-0.4155019737483585
2016-09-15,0.8641687933570594,2.8641687933570594,-0.3595206758042728,1.7694485502022776,2.131632597205512,-0.36218404700323426
2016-09-16,0.8828880221549582,2.882888022154958,-0.4385720174798968,1.749535840940785,2.1633718916126976,-0.41383605067191254
2016-09-19,0.883505644200838,2.883505644200838,-0.43643609621538904,1.7537610098529004,2.162064081691608,-0.40830307183870773
2016-09-20,0.8835800328341961,2.883580032834196,-0.44621538772475455,1.7436731017047806,2.1658044444952322,-0.4221313427904516
2016-09-21,0.8892118697513389,2.889211869751339,-0.5087395495480438,1.7120210449636513,2.1736059679601247,-0.46158492299647347
2016-09-22,0.8920001032960698,2.89200010329607,-0.5768238083407962,1.6727196761676026,2.176739090858122,-0.5040194146905193
2016-09-23,0.8814850692267981,2.881485069226798,-0.5538032577392018,1.6675695252930556,2.160615931518842,-0.49304640622578644
2016-09-26,0.873415862482215,2.873415862482215,-0.5694807753404456,1.6389595440667881,2.150647844338905,-0.5116883002721171
2016-09-27,0.8785325851786183,2.8785325851786183,-0.6332796290733338,1.606894623503961,2.1591234070874474,-0.5522287835834865
2016-09-28,0.8826709849775405,2.8826709849775405,-0.6306811539323993,1.6173937114448644,2.16684521923327,-0.5494515077884057
2016-09-29,0.8781608585585019,2.878160858558502,-0.6297208622382184,1.60904864359987,2.162009753231048,-0.552961109631178
2016-09-30,0.8845352582759602,2.8845352582759602,-0.5934716720186284,1.6455414013173975,2.170808889726368,-0.5252674884089708
2016-10-03,0.9002828531560212,2.900282853156021,-0.5980112835034639,1.672796681658475,2.19672420121907,-0.523927519560595
2016-10-04,0.9018489620127426,2.9018489620127426,-0.5130642278140662,1.734307669246346,2.194281124347029,-0.4599734551006829
2016-10-05,0.9090902910493028,2.909090291049303,-0.4873614801554118,1.7679379375386428,2.202478615610471,-0.4345406780718284
2016-10-06,0.9184120748214752,2.9184120748214752,-0.4655355900963989,1.8016637572576915,2.217324736416658,-0.4156609791589665
2016-10-07,0.9093403996604685,2.9093403996604685,-0.47322652534059895,1.7773149706222418,2.2020529546404677,-0.42473798401822593
2016-10-11,0.920688681819307,2.920688681819307,-0.4511719993822716,1.8142613180639304,2.219640645989638,-0.4053793279257074
2016-10-12,0.9195468924776833,2.9195468924776833,-0.4318831351881878,1.8275877264870943,2.2138781116564448,-0.38629038516935044
2016-10-13,0.9104240889505384,2.9104240889505384,-0.45320817891577914,1.792452783069412,2.2032617973994566,-0.4108090143300447
2016-10-14,0.8967457322241863,2.8967457322241863,-0.3485453305399213,1.8403613229075826,2.174325984735984,-0.33396466182840134
2016-10-17,0.8909895487656634,2.8909895487656634,-0.37360815274475323,1.8133244682221372,2.165362591187462,-0.3520381229653249
2016-10-18,0.8841270725996146,2.8841270725996146,-0.3746846283512921,1.7972863568670898,2.1560289574483233,-0.35874260058123353
2016-10-19,0.8846374465519276,2.8846374465519276,-0.3609147255434797,1.8048853072065474,2.1609628840948734,-0.356077576888326
2016-10-20,0.8935524131959056,2.8935524131959056,-0.39904006873944686,1.80006350793665,2.170871799779456,-0.37080829184280595
2016-10-21,0.898230377360747,2.898230377360747,-0.43365579926981823,1.782282753958937,2.182003894748795,-0.399721140789858
2016-10-24,0.9001885832585756,2.9001885832585756,-0.40474896210518274,1.8098250838738377,2.1805435404326325,-0.3707184565587949
2016-10-25,0.9054088935709785,2.9054088935709785,-0.4301037008032198,1.801342186828323,2.1906431789796867,-0.3893009921513637
2016-10-26,0.9066329771123591,2.906632977112359,-0.3829778527378642,1.836215229125621,2.191699309141708,-0.355484080016087
2016-10-27,0.9082698043091888,2.908269804309189,-0.30787803716573947,1.8946276746749569,2.188714814546213,-0.29408713987125634
2016-10-28,0.8949624771814584,2.8949624771814584,-0.25770505068166516,1.9046632237251027,2.166066640276413,-0.2614034165513104
2016-10-31,0.8926574747621991,2.892657474762199,-0.2648724255876882,1.8902892745146127,2.16875272186306,-0.2784634473484473
2016-11-01,0.8833353637624519,2.883335363762452,-0.24510834531810666,1.8875820939373344,2.1518937819986874,-0.26431168806135297
2016-11-02,0.8729658026153473,2.8729658026153473,-0.2625999349582777,1.8533984666425711,2.1358753236907866,-0.28247685704821546
2016-11-03,0.864621226696201,2.864621226696201,-0.20784242010151432,1.8723709715810026,2.122641209412622,-0.2502702378316195
2016-11-04,0.8619529454859389,2.861952945485939,-0.251521296497363,1.8377691522639317,2.1201182935013043,-0.28234914123737265
2016-11-07,0.875448977046009,2.875448977046009,-0.22209105045873612,1.8874630800878571,2.1381955065520506,-0.25073242646419347
2016-11-08,0.8991680645229181,2.899168064522918,-0.22724383832961426,1.930010965628544,2.177279534034314,-0.24726856840577005
2016-11-09,0.910272393422801,2.910272393422801,0.047089829967719155,2.151767384331636,2.1788466381943707,-0.02707925386273491
2016-11-10,0.927383958760231,2.927383958760231,0.11198090923194526,2.235501187963139,2.202743406584066,0.03275778137907315
2016-11-14,0.9666423296325846,2.9666423296325846,0.11170876601159696,2.3171597354120674,2.261540406231411,0.055619329180656596
2016-11-15,0.9817569100698691,2.981756910069869,0.08050325639984912,2.326709566884791,2.286548099915562,0.040161466969228954
2016-11-16,0.9867018126716367,2.9867018126716367,0.04695596874869734,2.3174270639739074,2.2923477072596574,0.02507935671424999
2016-11-17,0.9855018028028439,2.985501802802844,0.155066479075745,2.387984989290262,2.286794738949702,0.10119025034056017
2016-11-18,1.004225815262231,3.004225815262231,0.17654755112966347,2.443348979098862,2.313478347408334,0.12987063169052782
2016-11-21,1.0062067420422984,3.0062067420422984,0.15221312195848746,2.429938089793846,2.317213653420061,0.11272443637378515
2016-11-22,0.9966672132914596,2.9966672132914596,0.17257021726884458,2.42059901275358,2.303355574809484,0.11724343794409631
2016-11-23,1.0285489637915646,3.0285489637915646,0.1325667848828478,2.4600040340659968,2.351696690884237,0.10830734318175983
2016-11-25,1.0292503245500981,3.029250324550098,0.1350766447878815,2.4643711601814524,2.353095937296966,0.11127522288448644
2016-11-28,1.0240485834281081,3.024048583428108,0.09038587354066951,2.42198048719773,2.3480658726372847,0.07391461456044546
2016-11-29,1.0217462325903988,3.0217462325903988,0.0730464190267921,2.406003868376648,2.345690088753635,0.0603137796230131
2016-11-30,1.0229303987100735,3.0229303987100735,0.1722956761962311,2.477713351498568,2.34314953434538,0.13456381715318821
2016-12-01,1.0275131742967005,3.0275131742967005,0.28280114010425894,2.56458186929776,2.343561745090265,0.22102012420749517
2016-12-02,1.0074785818144925,3.0074785818144925,0.27789263837819567,2.5172506294867003,2.316737864000596,0.20051276548610453
2016-12-05,1.0177796279952176,3.0177796279952176,0.22654681790133813,2.501649840703429,2.3347174599004386,0.16693238080299055
2016-12-06,1.0107100338316357,3.0107100338316357,0.2522465419784372,2.506264923356448,2.3221297867731616,0.1841351365832864
2016-12-07,0.9989827661637243,2.9989827661637243,0.2251332967677464,2.459938486187878,2.307301913656047,0.15263657253183105
2016-12-08,0.9916776223222321,2.991677622322232,0.34411930952297665,2.527015033781057,2.2921870761270657,0.23482795765399134
2016-12-09,1.0020966318906694,3.0020966318906694,0.4120457311078054,2.598009794243038,2.304368026382435,0.2936417678606027
2016-12-12,0.9984137909462447,2.9984137909462447,0.4372103321536551,2.6030387711647016,2.302078002151903,0.30096076901279867
2016-12-13,1.0118698145907743,3.0118698145907743,0.38450921563132656,2.5939649377016383,2.321688878260249,0.27227605944138933
2016-12-14,1.0640348023429205,3.0640348023429205,0.31146569735729024,2.64769752302623,2.403353867201147,0.24434365582508288
2016-12-15,1.091358807483747,3.091358807483747,0.3048734965139408,2.7097129212219078,2.4388431300694156,0.2708697911524922
2016-12-16,1.0748192296165868,3.074819229616587,0.35963134930867424,2.711923057104638,2.4126551056953374,0.2992679514093006
2016-12-19,1.067541277813664,3.067541277813664,0.28984729686709576,2.649751924625324,2.40337428991261,0.24637763471271423
2016-12-20,1.0671307428963352,3.0671307428963352,0.3305686338884546,2.6811697446469305,2.3970546860122015,0.28411505863472897
2016-12-21,1.066700872510566,3.066700872510566,0.29719288513930975,2.657594473480309,2.3995343009799175,0.2580601725003917
2016-12-22,1.0691920710366603,3.0691920710366603,0.2958825553720219,2.6638697788065757,2.4024948567542324,0.26137492205234336
2016-12-23,1.070162911090101,3.070162911090101,0.2872491376962216,2.6573009525715587,2.405736796136974,0.2515641564345845
2016-12-27,1.0791971690667523,3.0791971690667523,0.2971331790052223,2.678770712952806,2.421757910400132,0.2570128025526741
2016-12-28,1.0663174004591056,3.0663174004591056,0.2574059817662784,2.624109993282935,2.404199800953476,0.21991019232945863
2016-12-29,1.0413052348552583,3.0413052348552583,0.28988470369761865,2.5953919190486476,2.3652884487993644,0.23010347024928324
2016-12-30,1.0418602347280945,3.0418602347280945,0.2336293819610087,2.5563983184158414,2.370647308682186,0.18575100973365544
2017-01-03,1.0498913252199777,3.0498913252199777,0.20097009730482718,2.5469072722625934,2.385467215649963,0.1614400566126304
2017-01-04,1.046854154798531,3.046854154798531,0.216815247507252,2.550940541761302,2.376487953266442,0.17445258849486
2017-01-05,1.0316278167836757,3.0316278167836757,0.13248871702727616,2.463067337892341,2.355939665803011,0.10712767208932972
2017-01-06,1.0585148707472172,3.058514870747217,0.10801813059032783,2.503053247347027,2.3947427622761266,0.10831048507090024
2017-01-09,1.049683065799659,3.049683065799659,0.07144169720862203,2.459131676225555,2.3840638568513226,0.07506781937423224
2017-01-10,1.0454347234890484,3.0454347234890484,0.08499150300570824,2.4604497616262258,2.373896049355716,0.08655371227050956
2017-01-11,1.0511041706594426,3.0511041706594426,0.05846109917520392,2.4527345867967423,2.3876444204523315,0.06509016634441078
2017-01-12,1.0423159959122685,3.0423159959122685,0.06584147871007051,2.4398107607431254,2.372296852980397,0.06751390776272848
2017-01-13,1.0560629828210004,3.0560629828210004,0.07362381118335026,2.473346541103665,2.3939652854529703,0.07938125565069454
2017-01-17,1.0338736301556786,3.0338736301556786,0.04456015492157972,2.4078639605315755,2.3609592693402606,0.04690469119131491
2017-01-18,1.0648835727754395,3.0648835727754395,0.08156578201537634,2.498410451668084,2.4052667205917424,0.09314373107634166
2017-01-19,1.066904676467626,3.066904676467626,0.15242220922450578,2.5534694929902546,2.404224662320361,0.1492448306698937
2017-01-20,1.0535224249459247,3.0535224249459247,0.20114076122206592,2.5624866471202234,2.3833762560172214,0.1791103911030021
2017-01-23,1.0272503630196788,3.0272503630196788,0.16568007692341657,2.4864082522887876,2.341243573159693,0.1451646791290946
2017-01-24,1.0454225042756384,3.0454225042756384,0.2093189782309559,2.551492749643917,2.368872706237516,0.1826200434064007
2017-01-25,1.0549231111192618,3.054923111119262,0.2590156921553439,2.60979891974811,2.3776427531035025,0.2321561666446077
2017-01-26,1.0384975844043716,3.0384975844043716,0.29525495088659115,2.598170974434745,2.3546607471855663,0.2435102272491787
2017-01-27,1.043502427600707,3.043502427600707,0.2488757358810254,2.5747685230059973,2.3666061771275255,0.20816234587847182
2017-01-30,1.0395083803299237,3.0395083803299237,0.26450810947631753,2.5772536196816076,2.359857875912393,0.21739574376921444
2017-01-31,1.0334392452339003,3.0334392452339003,0.22436812352726365,2.532738111253786,2.3541688264488605,0.1785692848049254
2017-02-01,1.0447751071676592,3.044775107167659,0.22737202713935467,2.5603688592935048,2.368669929355675,0.19169892993782955
2017-02-02,1.0371429619511012,3.0371429619511012,0.23659152049045762,2.554007619299368,2.3539417895588652,0.2000658297405029
2017-02-03,1.0325866662801388,3.032586666280139,0.2740254869408516,2.566138522908509,2.348305175988782,0.2178333469197269
2017-02-06,1.0139010109513222,3.0139010109513222,0.22299314415673166,2.4933327561464638,2.3221091402111194,0.1712236159353444
2017-02-07,1.0183220296803484,3.0183220296803484,0.16875989104271927,2.4625687734269075,2.331637934022591,0.1309308394043165
2017-02-08,1.019866211240977,3.019866211240977,0.10451016921236489,2.4190819123698364,2.340440769654267,0.07864114271556932
2017-02-09,1.0312783709891775,3.0312783709891775,0.17221961327817192,2.4904060830199004,2.352944858419433,0.1374612246004676
2017-02-10,1.0354496816700518,3.035449681670052,0.1703138189014215,2.4987395285347103,2.35699123660056,0.1417482919341504
2017-02-13,1.0421879391724609,3.042187939172461,0.18246079336151588,2.520452763360396,2.3693003561753305,0.1511524071850654
2017-02-14,1.0673767799531042,3.067376779953104,0.17203899901380293,2.564636511862074,2.4083687423621534,0.15626776949992083
2017-02-15,1.0782069045282583,3.0782069045282583,0.18722608675095476,2.5966037728712315,2.4239999040237614,0.17260386884747003
2017-02-16,1.054030336758288,3.054030336758288,0.17771831220643186,2.5408210142994645,2.3872657508392425,0.15355526346022197
2017-02-17,1.047909344188021,3.047909344188021,0.1555031439425658,2.5116848979424367,2.3810075832822903,0.13067731466014632
2017-02-21,1.0498397207985555,3.0498397207985555,0.15978761802727526,2.516082750591794,2.386160611342258,0.129922139249536
2017-02-22,1.0501682376998431,3.050168237699843,0.14098206423718374,2.5059441892987504,2.384830390639491,0.12111379865925942
2017-02-23,1.038647489073746,3.038647489073746,0.12184592178180598,2.467155245346888,2.371533511385868,0.09562173396101992
2017-02-24,1.0226716942071974,3.0226716942071974,0.06411181138392852,2.396017248270077,2.3472838476604982,0.04873340060957876
2017-02-27,1.0464845465538772,3.0464845465538772,0.07309035553415155,2.4477827955761415,2.3836441805570847,0.06413861501905682
2017-02-28,1.0700278404023251,3.070027840402325,-0.006857798197717813,2.4405316455103123,2.4234468329195717,0.017084812590740572
2017-03-01,1.1022963191143944,3.1022963191143944,0.04389251468648059,2.540637608154225,2.4735297798751823,0.06710782827904271
2017-03-02,1.121327161541572,3.121327161541572,0.03996201492141349,2.5729710708334963,2.5074616165192376,0.0655094543142587
2017-03-03,1.1136003833776016,3.1136003833776016,0.054888441416498956,2.568238787238306,2.4943794203710787,0.07385936686722738
2017-03-06,1.1120789647794354,3.1120789647794354,0.06784780577243499,2.572630915970222,2.4932924686889577,0.07933844728126438
2017-03-07,1.1191838239956553,3.1191838239956553,0.046992506819833135,2.571721531592932,2.507078331469209,0.06464320012372315
2017-03-08,1.1375759677093136,3.1375759677093136,0.08697997629448606,2.633162367861975,2.537905564690379,0.0952568031715959
2017-03-09,1.1411312429305447,3.1411312429305447,0.1492332061170889,2.6830768193060694,2.5418343206825766,0.1412424986234928
2017-03-10,1.1340376343451872,3.1340376343451872,0.14241943906285837,2.6624814789204967,2.5319693085745767,0.13051217034592
2017-03-13,1.145465432517657,3.145465432517657,0.15978566516215942,2.6950793133884763,2.553243013366134,0.14183630002234215
2017-03-14,1.1494557166421977,3.1494557166421977,0.1169073955283495,2.6741217711288003,2.5607716996353367,0.11335007149346366
2017-03-15,1.1133386960612839,3.113338696061284,0.08907177777969455,2.5777905292104335,2.508231210194863,0.06955931901557033
2017-03-16,1.114966668150604,3.114966668150604,0.11996844620225833,2.6039853545692657,2.506168348061628,0.09781700650763758
2017-03-17,1.1093956055621774,3.1093956055621774,0.0958137104903809,2.5758128199179495,2.497145213396747,0.07866760652120242
2017-03-20,1.1032334401931614,3.1032334401931614,0.06668712158470003,2.543725055399856,2.4903692954124943,0.05335575998736175
2017-03-21,1.094757686314047,3.094757686314047,0.031295635790757004,2.5027924162114714,2.4791246452694287,0.023667770942042754
2017-03-22,1.0907939357756398,3.0907939357756398,0.00611098056067938,2.4788052886707344,2.4714150768257337,0.00739021184500066
2017-03-23,1.0899688711953104,3.0899688711953104,0.018911282810537333,2.4872026598083017,2.4697290130182177,0.017473646790084008
2017-03-24,1.092950574096946,3.092950574096946,-0.006366092937008183,2.473752049568029,2.4788558282537543,-0.005103778685725313
2017-03-27,1.0943969290236595,3.0943969290236595,-0.04151086848337737,2.4504900065501176,2.4822512616814207,-0.03176125513130312
2017-03-28,1.112219920834871,3.112219920834871,-0.03225064419314139,2.4915954636587268,2.5109212827608087,-0.019325819102081976
2017-03-29,1.1016184846475738,3.101618484647574,-0.05239408330389672,2.45670398385085,2.496581261017515,-0.03987727716666489
2017-03-30,1.101983902584852,3.101983902584852,-0.0006479498070643963,2.4954729471231896,2.491345750295916,0.004127196827273583
2017-03-31,1.0900664413797543,3.0900664413797543,0.006727138891074791,2.4734873076256383,2.4761904422024097,-0.0027031345767714043
2017-04-03,1.0720864064504099,3.07208640645041,-0.01362515802483033,2.4182946692929383,2.4512324786696533,-0.03293780937671498
2017-04-04,1.0668323118166896,3.0668323118166896,0.017582378803374876,2.4265092770538432,2.4412272422254566,-0.01471796517161339
2017-04-05,1.052914550390721,3.052914550390721,0.03650058065053319,2.4072390784951025,2.423233296514311,-0.015994218019208528
2017-04-06,1.0583203701880386,3.0583203701880386,0.029856179464955,2.413843210937706,2.431132116118948,-0.017288905181242153
2017-04-07,1.0897623045172118,3.089762304517212,-0.016363688190882186,2.4468273116954435,2.480026969272066,-0.033199657576622243
2017-04-10,1.0857226582310702,3.08572265823107,-0.025356178639327265,2.430969211586965,2.4760801408681496,-0.04511092928118465
2017-04-11,1.0615376777783432,3.061537677778343,-0.0395967830162931,2.3702600433375984,2.440562787778255,-0.07030274444065654
2017-04-12,1.0584017503870058,3.058401750387006,-0.06177522366663757,2.346742861144999,2.4382988859753554,-0.09155602483035619
2017-04-13,1.0447989189780422,3.0447989189780422,-0.08333472641207962,2.302062890969852,2.4198305745129134,-0.11776768354306144
2017-04-17,1.0469662382988574,3.0469662382988574,-0.05118495057017336,2.3308272406445627,2.4223834366136967,-0.091556195969134
2017-04-18,1.0284651418645225,3.0284651418645225,-0.11976092960423346,2.2429532960379914,2.397638516035039,-0.15468521999704743
2017-04-19,1.0361260209785605,3.0361260209785605,-0.09334703912391351,2.2798893402439413,2.4063447934063658,-0.12645545316242446
2017-04-20,1.0465009433291463,3.0465009433291463,-0.08269640695134983,2.310118524868219,2.4201951446198735,-0.11007661975165473
2017-04-21,1.0409419274084222,3.040941927408422,-0.07534379239713074,2.3036424511813447,2.412524536387395,-0.10888208520605014
2017-04-24,1.0520198118067832,3.052019811806783,-0.04352195202358233,2.3452674027290685,2.428597657457843,-0.08333025472877464
2017-04-25,1.0640865991766333,3.0640865991766333,0.018414383663377,2.409777265272103,2.4453787307583728,-0.035601465486269745
2017-04-26,1.0564870711233318,3.056487071123332,0.0030735621676654112,2.382410993841181,2.4357421185436334,-0.05333112470245238
2017-04-27,1.047805310380575,3.047805310380575,0.0023480094241850047,2.3651573463695716,2.4222386183244096,-0.05708127195483792
2017-04-28,1.0568516977324727,3.0568516977324727,-0.03262126763275486,2.3547138658328204,2.4422493265417016,-0.08753546070888119
2017-05-01,1.0548554005127002,3.0548554005127,0.02495508134096225,2.392465495781501,2.433696604758387,-0.04123110897688598
2017-05-02,1.0462005437697357,3.0462005437697357,0.0016362730216257226,2.35711473523828,2.4223024618884623,-0.06518772665018213
2017-05-03,1.0669057301920866,3.0669057301920866,-0.0024302148438661852,2.3955738084106613,2.4553129192620258,-0.05973911085136452
2017-05-04,1.072001121716582,3.072001121716582,0.031251127225737196,2.4293762543612005,2.4631961002419653,-0.03381984588076481
2017-05-05,1.0740015051496528,3.0740015051496528,0.016337341924218318,2.422387458380759,2.466886968714237,-0.044499510333477765
2017-05-08,1.071555605557247,3.071555605557247,0.07321178734076916,2.455584945099234,2.459476450606101,-0.003891505506866899
2017-05-09,1.086570781728181,3.086570781728181,0.06696514647669716,2.481260277805235,2.485229409720016,-0.003969131914780988
2017-05-10,1.0825681852221187,3.0825681852221187,0.08598585714812801,2.485299180700902,2.478325823630337,0.006973357070565012
2017-05-11,1.0801286562066998,3.0801286562067,0.07181267295226323,2.4694799009856063,2.477979648643342,-0.008499747657735757
2017-05-12,1.0533331703480648,3.053333170348065,0.06050497004211408,2.4061314755079475,2.4374429843137615,-0.031311508805814015
2017-05-15,1.0557948610186898,3.05579486101869,0.06919650164328583,2.4185752929285,2.439446337070637,-0.02087104414213714
2017-05-16,1.0548931651469466,3.0548931651469466,0.04932571082103809,2.402425899471631,2.438602585613002,-0.03617668614137104
2017-05-17,1.034776096386988,3.034776096386988,-0.041974072463592194,2.296270216219438,2.4117525463772926,-0.11548233015785447
2017-05-18,1.0449846833853336,3.0449846833853336,-0.06427391944660732,2.3011662871647864,2.4281650783613884,-0.12699879119660196
2017-05-19,1.0511422912153314,3.0511422912153314,-0.07901055446371963,2.3040943992740623,2.4377759399124463,-0.133681540638384
2017-05-22,1.0560130381071744,3.0560130381071744,-0.06960792341801891,2.3176994699169837,2.4499721965409385,-0.13227272662395473
2017-05-23,1.071012038371336,3.071012038371336,-0.06371590816772033,2.3541002604718484,2.4719043562552487,-0.11780409578340034
2017-05-24,1.055465104478568,3.055465104478568,-0.05940170058649308,2.324246931955638,2.4464743112390996,-0.12222737928346161
2017-05-25,1.058887222178324,3.058887222178324,-0.0813442209921047,2.314000668899896,2.456070460733515,-0.1420697918336189
2017-05-26,1.0662603088374745,3.0662603088374745,-0.10998271690449668,2.3125106178979826,2.4668875371624144,-0.15437691926443176
2017-05-30,1.0571485169775556,3.0571485169775556,-0.13368728710492972,2.272968780742758,2.456148405162282,-0.18317962441952407
2017-05-31,1.0638602674492859,3.063860267449286,-0.15921826535991768,2.266929987894035,2.4720053921377616,-0.2050754042437264
2017-06-01,1.0658034466096957,3.0658034466096957,-0.15678240463376447,2.272674473202122,2.473608994065847,-0.2009345208637252
2017-06-02,1.0556709030996245,3.0556709030996245,-0.21645981015977744,2.206092517101748,2.460587694223322,-0.25449517712157377
2017-06-05,1.057788984892504,3.057788984892504,-0.181914181540209,2.2344105237278726,2.46024675465204,-0.2258362309241675
2017-06-06,1.053708400278179,3.053708400278179,-0.22645723030642273,2.1940832264332037,2.45720701040881,-0.26312378397560643
2017-06-07,1.0672832722598642,3.067283272259864,-0.22282056798127803,2.222905996267913,2.4793509307536734,-0.25644493448576045
2017-06-08,1.072434385204616,3.072434385204616,-0.21649397779874535,2.237619885687341,2.4883865190850156,-0.2507666333976748
2017-06-09,1.0792619203465286,3.0792619203465286,-0.21477707098384835,2.251469923059358,2.4975332803574086,-0.24606335729805062
2017-06-12,1.0736094298689203,3.0736094298689203,-0.18841008049054198,2.2554046706334523,2.4870764810997845,-0.23167181046633223
2017-06-13,1.082306320248417,3.082306320248417,-0.2152779339844102,2.2521722547786216,2.5046001670606035,-0.2524279122819819
2017-06-14,1.081124878542198,3.081124878542198,-0.3045046173527526,2.186084322628389,2.50724544961611,-0.3211611269877208
2017-06-15,1.0884208151287993,3.0884208151287993,-0.3073426185431627,2.2007178623493178,2.517441537395791,-0.31672367504647303
2017-06-16,1.0864105413298084,3.0864105413298084,-0.320838789188711,2.1917583672969148,2.513688750435621,-0.32193038313870614
2017-06-19,1.1060161225969374,3.1060161225969374,-0.32706477288400304,2.2260034784874825,2.5440744042693177,-0.31807092578183527
2017-06-20,1.1033279607240765,3.1033279607240765,-0.37087980898078365,2.190255532469601,2.5418818563194066,-0.35162632384980563
2017-06-21,1.105529008186533,3.105529008186533,-0.3707391636996631,2.195846842685874,2.544246803105984,-0.34839996042011023
2017-06-22,1.0995214841355399,3.09952148413554,-0.37037622122883773,2.184757162655782,2.53532587304225,-0.35056871038646786
2017-06-23,1.0959829994099834,3.0959829994099834,-0.360020341323132,2.1850958063190498,2.5283302393774023,-0.34323443305835255
2017-06-26,1.0965892819536727,3.0965892819536727,-0.37137704371950386,2.178036713558392,2.5304029935250782,-0.35236627996668624
2017-06-27,1.1066161334575177,3.1066161334575177,-0.3020911358197611,2.2486284949528548,2.541910501029193,-0.29328200607633814
2017-06-28,1.088575476681374,3.088575476681374,-0.21809575044196539,2.270223943768104,2.5124256014566115,-0.24220165768850732
2017-06-29,1.0897239193378034,3.0897239193378034,-0.13791702061633782,2.325708972544419,2.5126055910432425,-0.18689661849882366
2017-06-30,1.1023961842983283,3.1023961842983283,-0.12832440268069423,2.3616207944423153,2.5305939464702507,-0.1689731520279354
2017-07-03,1.1150193518370735,3.1150193518370735,-0.10066426372425186,2.4075847345658272,2.5478824597414285,-0.14029772517560124
2017-07-05,1.1169263057993,3.1169263057993,-0.13909604122109664,2.383993026831033,2.5530002427657803,-0.1690072159347471
2017-07-06,1.1111185272513637,3.1111185272513637,-0.06122181830191753,2.4294279970436996,2.53834300393031,-0.10891500688661049
2017-07-07,1.11087738392472,3.11087738392472,-0.029194807855132066,2.4513223945581863,2.5368580309446473,-0.085535636386461
2017-07-10,1.1014183216498807,3.1014183216498807,-0.02504862915988415,2.4349933298094597,2.522318937649286,-0.08732560783982635
2017-07-11,1.0974966876802732,3.097496687680273,-0.029326950869082324,2.423774700937891,2.518116336072603,-0.09434163513471194
2017-07-12,1.0829039945775882,3.0829039945775882,-0.048781106333925184,2.3807650251627135,2.495437861703065,-0.11467283654035132
2017-07-13,1.0857744661721966,3.0857744661721966,-0.022086891051347646,2.4020774585990647,2.4997623401427798,-0.09768488154371502
2017-07-14,1.075099678991002,3.075099678991002,-0.021631528364770336,2.380446536097988,2.4822638426915073,-0.10181730659351951
2017-07-17,1.0723580605013794,3.0723580605013794,-0.03741717138363798,2.361968423815705,2.4790137241133827,-0.1170453002976779
2017-07-18,1.0722707155487825,3.0722707155487825,-0.10013743920979445,2.316785415868588,2.481025449591495,-0.16424003372290708
2017-07-19,1.071456221796769,3.071456221796769,-0.0874231137969681,2.3241379054143416,2.479476326814316,-0.15533842139997445
2017-07-20,1.070246266419968,3.070246266419968,-0.09343343690426087,2.317258793461013,2.477681699135589,-0.16042290567457584
2017-07-21,1.0699780485090145,3.0699780485090145,-0.13004100696970022,2.291781419454079,2.479419307035557,-0.18763788758147815
2017-07-24,1.0769713143575501,3.07697131435755,-0.12804584684693054,2.305674773947755,2.4907161183134874,-0.18504134436573239
2017-07-25,1.0921666343398186,3.0921666343398186,-0.06305677087028005,2.3850139598510265,2.5096860593914876,-0.1246720995404611
2017-07-26,1.063511157477489,3.063511157477489,-0.034839059293670704,2.3438562330294666,2.4665901033496707,-0.12273387032020411
2017-07-27,1.063322757476108,3.063322757476108,0.0013564435856436852,2.370231021253643,2.464383922459554,-0.09415290120591102
2017-07-28,1.0645573358113438,3.064557335811344,-0.031950564935543824,2.350624437841311,2.4670666655070823,-0.11644222766577128
2017-07-31,1.0687140758731708,3.068714075873171,-0.04125135388285894,2.3508748872177496,2.4764614507646576,-0.125586563546908
2017-08-01,1.0650819800749431,3.065081980074943,-0.08510778959847531,2.3108644831718266,2.473146151005157,-0.16228166783333053
2017-08-02,1.0736393886329907,3.0736393886329907,-0.103581394150694,2.316428202849104,2.4863168533810605,-0.16988865053195656
2017-08-03,1.0672498835447222,3.067249883544722,-0.13168515891130417,2.28429180506292,2.477938777328445,-0.19364697226552519
2017-08-04,1.0712864706835532,3.071286470683553,-0.09363585011622888,2.3182461085338084,2.4817663240865437,-0.16352021555273533
2017-08-07,1.07278842959796,3.07278842959796,-0.1063837661517133,2.310729266809204,2.4867538360505326,-0.1760245692413287
2017-08-08,1.0748295520183966,3.0748295520183966,-0.0767810860690159,2.3372625353940757,2.4869119050302695,-0.1496493696361938
2017-08-09,1.0712776994911728,3.071277699491173,-0.1317889875514151,2.293858957282181,2.483515795622814,-0.18965683834063318
2017-08-10,1.0694176741165649,3.069417674116565,-0.17989182001826087,2.254599290129462,2.4824677606774284,-0.22786847054796633
2017-08-11,1.051112398382152,3.051112398382152,-0.1443928928817373,2.2415970659370497,2.4561929217704233,-0.2145958558333736
2017-08-14,1.0594394185238478,3.059439418523848,-0.11602921195868765,2.2776606122219105,2.466587997395625,-0.18892738517371432
2017-08-15,1.0726742072148738,3.072674207214874,-0.09290641536627753,2.322940048015607,2.483596227240734,-0.1606561792251271
2017-08-16,1.062527958016556,3.062527958016556,-0.11892953651573457,2.2825288164716797,2.4696925640411593,-0.18716374756947962
2017-08-17,1.0615629450991406,3.0615629450991406,-0.1737133229389558,2.242571461582643,2.471884589111803,-0.22931312752916
2017-08-18,1.0639545226723541,3.063954522672354,-0.1800904618838497,2.2454091694802725,2.472722921005835,-0.22731375152556232
2017-08-21,1.0650964438324344,3.0650964438324344,-0.19367744836121759,2.2363618613940703,2.478646463162949,-0.24228460176887845
2017-08-22,1.0713642297090828,3.071364229709083,-0.16713313620792558,2.2695494824471765,2.4844095079611166,-0.21486002551394012
2017-08-23,1.0635906112472782,3.063590611247278,-0.20647047314636513,2.2230326127931725,2.4761738495514334,-0.25314123675826083
2017-08-24,1.0719002236141684,3.0719002236141684,-0.20145066294110636,2.244548852896782,2.487308296952299,-0.24275944405551675
2017-08-25,1.0742383040432024,3.0742383040432024,-0.2398448678205174,2.2204748458943566,2.493380342062189,-0.27290549616783233
2017-08-28,1.063196358691222,3.063196358691222,-0.2179576695448855,2.210482368766096,2.477641569550895,-0.26715920078479893
2017-08-29,1.0590865432726844,3.0590865432726844,-0.252688620459673,2.177812245588364,2.4739302056261847,-0.29611796003782054
2017-08-30,1.0674229943879574,3.0674229943879574,-0.2638002845637737,2.189373387177485,2.4851835162687657,-0.2958101290912807
2017-08-31,1.0659839795428532,3.065983979542853,-0.297807710622803,2.159977148614881,2.4863394701105026,-0.3263623214956217
2017-09-01,1.0684213254024506,3.0684213254024506,-0.24446646767908486,2.2019905708527636,2.4862120424743055,-0.2842214716215419
2017-09-05,1.0512770376008156,3.0512770376008156,-0.31845735722733437,2.114119728717764,2.4665883140306586,-0.3524685853128946
2017-09-06,1.0606094851572472,3.060609485157247,-0.3044002367305678,2.1466319130165847,2.4779908221207965,-0.33135890910421173
2017-09-07,1.0497950968944174,3.0497950968944174,-0.35430165213099896,2.0876514983673675,2.4658961190517426,-0.37824462068437503
2017-09-08,1.0511574212637171,3.051157421263717,-0.3490711522800325,2.0962312550996947,2.465717841268216,-0.3694865861685215
2017-09-11,1.067021118866684,3.067021118866684,-0.27911819131281,2.1754674431448717,2.487351332960758,-0.3118838898158862
2017-09-12,1.0754353391925164,3.0754353391925164,-0.25656410013128106,2.2103983877813174,2.4983075884550643,-0.2879092006737469
2017-09-13,1.0785850182128556,3.0785850182128556,-0.22783499527476936,2.236630500625972,2.500579980056421,-0.2639494794304489
2017-09-14,1.0930333445452192,3.093033344545219,-0.27445314385600383,2.233867021980738,2.525757379411302,-0.2918903574305638
2017-09-15,1.102940885185614,3.102940885185614,-0.2884688404607192,2.242456595881575,2.541827927498531,-0.29937133161695595
2017-09-18,1.1046570333857524,3.1046570333857524,-0.2453031207164802,2.27445775886987,2.545189710861444,-0.27073195199157407
2017-09-19,1.1070037630726048,3.107003763072605,-0.24064516841839367,2.2833526199511933,2.5476771573314725,-0.26432453738027917
2017-09-20,1.125923871572823,3.125923871572823,-0.24138628444803345,2.3201985225432025,2.575241460125337,-0.2550429375821346
2017-09-21,1.1295972376440027,3.1295972376440027,-0.2678692127752256,2.310619176898139,2.5814801625024555,-0.2708609856043167
2017-09-22,1.1249905640786295,3.1249905640786295,-0.2666493197083706,2.3004383676568687,2.575130177264147,-0.27469180960727835
2017-09-25,1.1208228860025855,3.1208228860025855,-0.3235966315735723,2.252946767536964,2.570552510393721,-0.3176057428567569
2017-09-26,1.127477332198616,3.127477332198616,-0.31482537309249814,2.273655902778789,2.5792733754974355,-0.3056174727186467
2017-09-27,1.1245739372657972,3.1245739372657972,-0.19917123726181263,2.3447789130243155,2.572680806287414,-0.2279018932630983
2017-09-28,1.1113555450201247,3.1113555450201247,-0.1530345849201571,2.3493344929839424,2.5517435251529643,-0.20240903216902195
2017-09-29,1.129071998528552,3.129071998528552,-0.18091903269443144,2.3670852805941047,2.5785293910215743,-0.21144411042746958
2017-10-02,1.1354513060914861,3.135451306091486,-0.18766844908056424,2.375232402286215,2.5882160500706166,-0.2129836477844016
2017-10-03,1.1285736196971037,3.1285736196971037,-0.18006975430581607,2.3648209634867072,2.5797265385101475,-0.21490557502344032
2017-10-04,1.128472872962334,3.128472872962334,-0.17660673783602787,2.3661423068251386,2.580568284137874,-0.2144259773127355
2017-10-05,1.1352231668713166,3.1352231668713166,-0.17045473485445806,2.3848738620715526,2.589258888254798,-0.2043850261832456
2017-10-06,1.145243658981915,3.145243658981915,-0.16751262505188969,2.4042003175703734,2.6072571271001164,-0.20305680952974292
2017-10-10,1.140143921165123,3.140143921165123,-0.18563832221668441,2.3805320105845427,2.6006677142309687,-0.22013570364642598
2017-10-11,1.1430876141244575,3.1430876141244575,-0.20052661333281652,2.3743165867993796,2.6062320564381145,-0.23191546963873488
2017-10-12,1.1477148731297966,3.1477148731297966,-0.23908950128768724,2.3570893934430064,2.614591766458382,-0.2575023730153756
2017-10-13,1.1452393777193102,3.14523937771931,-0.2987465898701296,2.3087093045683797,2.614623857604559,-0.3059145530361791
2017-10-16,1.167456927995655,3.167456927995655,-0.34117273053058383,2.325116342700665,2.647834804500855,-0.3227184618001897
2017-10-17,1.1749296316944893,3.1749296316944893,-0.3666268133184456,2.3245757135038008,2.6589390672746105,-0.3343633537708097
2017-10-18,1.175800674663666,3.175800674663666,-0.3080875982029836,2.3661270754802355,2.657650926581218,-0.29152385110098233
2017-10-19,1.174895389022165,3.174895389022165,-0.3250905127760433,2.3531378858233896,2.6575590027233242,-0.3044211168999347
2017-10-20,1.1806869066290204,3.1806869066290204,-0.25686907606414655,2.4133036384777373,2.66315644725556,-0.24985280877782268
2017-10-23,1.1709914488193043,3.1709914488193043,-0.24530518417226377,2.40187682390846,2.647805192348529,-0.24592836844006927
2017-10-24,1.1772072194301302,3.17720721943013,-0.19963424283101627,2.445645169654571,2.656078448342117,-0.21043327868754602
2017-10-25,1.173389439004822,3.173389439004822,-0.15463983000803116,2.4693237191006445,2.647875941073019,-0.17855222197237453
2017-10-26,1.1805451177780029,3.180545117778003,-0.14730047401684798,2.4869526530998654,2.659810276381477,-0.1728576232816117
2017-10-27,1.1743478830637102,3.17434788306371,-0.18053262646895263,2.4502870952464577,2.6537603742842917,-0.20347327903783397
2017-10-30,1.1677661765844114,3.1677661765844114,-0.23194502830154562,2.3994443241425194,2.6466699045609774,-0.247225580418458
2017-10-31,1.1786769621218127,3.1786769621218127,-0.25647284247091306,2.4033559043836576,2.6651336093538367,-0.26177770497017905
2017-11-01,1.1867573461632084,3.1867573461632084,-0.2926498984860064,2.3921170638061455,2.679658445857601,-0.2875413820514554
2017-11-02,1.1850575942724078,3.1850575942724078,-0.31142020944379967,2.374493333595684,2.6791777775006254,-0.3046844439049412
2017-11-03,1.1908049917001193,3.1908049917001193,-0.3528179125221773,2.355339914524063,2.6907848882471663,-0.33544497372310333
2017-11-06,1.1913623528493211,3.191362352849321,-0.37843414017654586,2.3367219989365084,2.6943911808255616,-0.35766918188905317
2017-11-07,1.1978028659692654,3.1978028659692654,-0.40768161733559394,2.327114619674303,2.7072357022928295,-0.3801210826185266
2017-11-08,1.2036066304989248,3.203606630498925,-0.3982256136405584,2.34570155961571,2.7149872444799614,-0.3692856848642516
2017-11-09,1.1920400361146548,3.192040036114655,-0.3427363576728544,2.3603744771874493,2.696064953178284,-0.3356904759908348
2017-11-10,1.1985411123254224,3.1985411123254224,-0.25296858762763996,2.436558370675094,2.7021789179900813,-0.2656205473149873
2017-11-13,1.2145803614383794,3.2145803614383794,-0.30225540758897607,2.433125690385021,2.729183694404943,-0.29605800401992166
2017-11-14,1.2152457882320533,3.2152457882320533,-0.33036942286423887,2.413232922096589,2.732984672290731,-0.31975175019414204
2017-11-15,1.2194227478401842,3.2194227478401842,-0.4178259182839734,2.3587791196837737,2.744263140916563,-0.38548402123278924
2017-11-16,1.2265827587472877,3.2265827587472877,-0.3802515456156872,2.397163575822483,2.7554186241560217,-0.3582550483335387
2017-11-17,1.2298038855214983,3.2298038855214983,-0.4149564323978465,2.3765204751237246,2.7636693387344957,-0.38714886361077117
2017-11-20,1.245709418856677,3.245709418856677,-0.4286747951578369,2.3995414784755336,2.78828332159621,-0.3887418431206764
2017-11-21,1.260131211677976,3.260131211677976,-0.4830237659457124,2.3910338749646822,2.811628018510073,-0.4205941435453906
2017-11-22,1.2370615041124005,3.2370615041124005,-0.46055139333029516,2.3574967266842872,2.7774527009730807,-0.4199559742887935
2017-11-24,1.2414199688304812,3.2414199688304812,-0.4474971261574785,2.374161131931476,2.784804567831901,-0.41064343590042496
2017-11-27,1.2370660523019303,3.2370660523019303,-0.45609318641874985,2.357886797509673,2.779463612044568,-0.42157681453489504
2017-11-28,1.2418840664725188,3.241884066472519,-0.4548236430488837,2.368520571397008,2.7866811940228717,-0.4181606226258636
2017-11-29,1.241810245443311,3.241810245443311,-0.3945471907608056,2.4100056379690584,2.7840991977417318,-0.37409355977267333
2017-11-30,1.2583588760874989,3.258358876087499,-0.38446751103534016,2.4532773468379268,2.8072413474044633,-0.35396400056653654
2017-12-01,1.2718960857017088,3.2718960857017088,-0.5049935310205118,2.3976286285148176,2.8330577453116588,-0.43542911679684115
2017-12-04,1.2855643636996419,3.285564363699642,-0.5332443431206824,2.404072626878384,2.855542387114043,-0.45146976023565877
2017-12-05,1.2981476485752417,3.2981476485752417,-0.5947031523962218,2.3838538771373283,2.8799435468623558,-0.49608966972502744
2017-12-06,1.2873510357375189,3.287351035737519,-0.6111288509447714,2.351365042288741,2.8632410803331254,-0.5118760380443845
2017-12-07,1.2827156407907943,3.2827156407907943,-0.5325553969141783,2.3978934544681807,2.851866151368412,-0.4539726969002311
2017-12-08,1.2792401040415768,3.279240104041577,-0.5047113151141045,2.408966654218017,2.847026039370606,-0.4380593851525889
2017-12-11,1.2924862066641047,3.2924862066641047,-0.5421253107619632,2.4093399895483425,2.8679659219272082,-0.45862593237886573
2017-12-12,1.2926215556511416,3.2926215556511416,-0.5118751988732764,2.428876855848415,2.8694835104518206,-0.44060665460340553
2017-12-13,1.2698265054293145,3.2698265054293145,-0.5047108799274267,2.387177869248575,2.8357661789737985,-0.4485883097252237
2017-12-14,1.2903032504915188,3.290303250491519,-0.5796895684346968,2.376337060252419,2.8698812990022815,-0.49354423874986253
2017-12-15,1.3071153491705623,3.3071153491705623,-0.632858840921739,2.37239385174253,2.8982873031930545,-0.5258934514505245
2017-12-18,1.2938097699567166,3.2938097699567166,-0.5308402307754223,2.4164242343538143,2.8736978388415158,-0.4572736044877015
2017-12-19,1.296031610036266,3.296031610036266,-0.4273584220948643,2.493493773903994,2.872316587842277,-0.378822813938283
2017-12-20,1.293793342519109,3.293793342519109,-0.36745811726262145,2.5298265181242887,2.8670625078708287,-0.33723598974654
2017-12-21,1.3057221638743144,3.3057221638743144,-0.4213281361839494,2.5166404300021186,2.8875794132122947,-0.37093898321017615
2017-12-22,1.3120982950148772,3.312098295014877,-0.4388200243824225,2.514388536092005,2.90014475996777,-0.38575622387576525
2017-12-26,1.3184410002269438,3.3184410002269438,-0.48628371020582106,2.4929589469175464,2.912069829739704,-0.41911088282215747
2017-12-27,1.316451669842312,3.316451669842312,-0.5602639741089197,2.4382018395065668,2.9122037516126325,-0.4740019121060657
2017-12-28,1.316570403549079,3.316570403549079,-0.5264612685192365,2.4592546733814995,2.9144008082164152,-0.4551461348349157
2017-12-29,1.3115938804554652,3.311593880455465,-0.5443387332149916,2.4363877317534652,2.90867425519715,-0.4722865234436848
2018-01-02,1.3174906301178204,3.3174906301178204,-0.48479726213814534,2.4881015464935867,2.915953434357433,-0.4278518878638464
2018-01-03,1.3249540853092725,3.3249540853092725,-0.5343188338980047,2.468949822071221,2.927906345990172,-0.45895652391895103
2018-01-04,1.341039677824316,3.341039677824316,-0.5733932985963488,2.4742951494938557,2.9537232555261537,-0.479428106032298
2018-01-05,1.3432963305546366,3.3432963305546366,-0.5514384831340902,2.4946585174713007,2.9560637956583173,-0.4614052781870166
2018-01-08,1.3431867301662948,3.3431867301662948,-0.5351551293078116,2.50548182430313,2.9557638784305187,-0.45028205412738886
2018-01-09,1.338190929577312,3.338190929577312,-0.426613630070547,2.5724139568368067,2.941975207537171,-0.36956125070036405
2018-01-10,1.3333374906332658,3.333337490633266,-0.40935123803798135,2.5737959088430786,2.934510922715946,-0.3607150138728672
2018-01-11,1.3381818106003323,3.3381818106003323,-0.4404323892050539,2.5612789168934103,2.9431715562681013,-0.3818926393746911
2018-01-12,1.353513000891006,3.353513000891006,-0.4684571707862233,2.5728783381139566,2.9685528202645206,-0.395674482150564
2018-01-16,1.3658510062545481,3.365851006254548,-0.5216118287524485,2.5605265550063163,2.989311615167305,-0.4287850601609886
2018-01-17,1.3800571790754361,3.380057179075436,-0.5280224590934912,2.5868349818215375,3.009685865782159,-0.42285088396062154
2018-01-18,1.376066530399818,3.376066530399818,-0.4348476638404746,2.6432446869416597,3.0000062867854695,-0.35676159984380984
2018-01-19,1.3870916279123975,3.3870916279123975,-0.44688363341991355,2.6587538922181864,3.015972422980999,-0.35721853076281285
2018-01-22,1.3906191298133521,3.390619129813352,-0.4345462397493032,2.6755573586492387,3.0199459156539064,-0.34438855700466764
2018-01-23,1.3796797176386804,3.3796797176386804,-0.44997825967185,2.6401356487217598,3.005872163023593,-0.3657365143018332
2018-01-24,1.3838451187117968,3.383845118711797,-0.4312724500878802,2.6612170937282817,3.0109876632117074,-0.34977056948342566
2018-01-25,1.3898294903276174,3.3898294903276174,-0.4902936565207301,2.630504827853856,3.0237057036215895,-0.39320087576773366
2018-01-26,1.411647112303502,3.411647112303502,-0.500725343275882,2.667252051800303,3.057657708444721,-0.39040565664441784
2018-01-29,1.410886354448838,3.410886354448838,-0.4431569212523758,2.706640991452888,3.053979524371516,-0.34733853291862804
2018-01-30,1.4066789708201917,3.4066789708201917,-0.38501582963683045,2.739172074985357,3.044402270510587,-0.3052301955252301
2018-01-31,1.4240225633863766,3.4240225633863766,-0.4445546304579162,2.7315985511550602,3.0748296814962117,-0.3432311303411515
2018-02-01,1.4264740597299053,3.4264740597299053,-0.3582800024773989,2.799510342500176,3.0722730489146164,-0.27276270641444045
2018-02-02,1.4112900185397592,3.411290018539759,-0.21975895321509809,2.8661074089313323,3.0433043188583166,-0.17719690992698434
2018-02-05,1.3799357066129225,3.3799357066129225,-0.21794359780729078,2.8005201699518354,2.998513231149003,-0.19799306119716764
2018-02-06,1.3949156198544053,3.3949156198544053,-0.247239614704438,2.8091224771470915,3.022521539470163,-0.2133990623230715
2018-02-07,1.3992297866606904,3.3992297866606904,-0.15821311705850638,2.875583840069665,3.02869639129475,-0.15311255122508483
2018-02-08,1.3869815173573308,3.3869815173573308,-0.0955521686855505,2.8918102508798325,3.00934271873006,-0.11753246785022764
2018-02-09,1.351718579229086,3.351718579229086,-0.00599538621925122,2.882816550649293,2.9536044074956878,-0.07078785684639488
2018-02-12,1.3801838736557457,3.3801838736557457,-0.048686505757264076,2.9103454320525817,3.001732544109484,-0.09138711205690253
2018-02-13,1.38141540490793,3.38141540490793,-0.09562683365440972,2.87511082354965,3.0075695729933964,-0.13245874944374636
2018-02-14,1.4193394519650262,3.419339451965026,-0.08371360611437995,2.96154434227082,3.0627698959137972,-0.10122555364297714
2018-02-15,1.4253430178975783,3.4253430178975783,-0.1260600169745949,2.9436356750153116,3.0745457465078085,-0.1309100714924969
2018-02-16,1.4242257178309288,3.4242257178309288,-0.1576141711653687,2.917594364047187,3.075281455519848,-0.15768709147266113
2018-02-20,1.4328933414762979,3.432893341476298,-0.173095464332214,2.9214946576970124,3.090434596055077,-0.16893993835806453
2018-02-21,1.4351944767599214,3.4351944767599214,-0.10110790745599374,2.9772737273297842,3.0896606478366695,-0.11238692050688526
2018-02-22,1.4274172407048233,3.4274172407048233,-0.10523857714662599,2.9572094591006195,3.079205161635427,-0.1219957025348073
2018-02-23,1.4250656240384956,3.4250656240384956,-0.16372018008651734,2.9091116627272156,3.0803299125547055,-0.1712182498274899
2018-02-26,1.4152759613732364,3.4152759613732364,-0.15965328561555836,2.8932582590887748,3.0641902254833706,-0.17093196639459585
2018-02-27,1.4418785738009596,3.4418785738009596,-0.183895403959061,2.9334204912317023,3.1031653934737267,-0.16974490224202432
2018-02-28,1.4426010093413382,3.442601009341338,-0.2272111633884939,2.9032238292857975,3.10822535293366,-0.20500152364786262
2018-03-01,1.4234974210253313,3.4234974210253313,-0.2519706089966456,2.843833417240793,3.082915071772373,-0.2390816545315797
2018-03-02,1.4329107717317555,3.4329107717317555,-0.20474452286733413,2.8972985187524314,3.0934469995628064,-0.19614848081037506
2018-03-05,1.43128838353217,3.43128838353217,-0.17197073703702515,2.91834382146381,3.088855288504535,-0.17051146704072506
2018-03-06,1.4371989808596801,3.43719898085968,-0.19387779253149162,2.914592741495292,3.099936264308157,-0.18534352281286504
2018-03-07,1.4385049473506122,3.438504947350612,-0.19461455630495683,2.9159006107295804,3.1015067978376587,-0.1856061871080783
2018-03-08,1.4382604920448863,3.4382604920448863,-0.23155059285045443,2.8882474352218437,3.1039722622856183,-0.2157248270637746
2018-03-09,1.4439129177046155,3.4439129177046155,-0.20525773499454925,2.918241717994831,3.110995740980158,-0.1927540229853273
2018-03-12,1.443341695029229,3.443341695029229,-0.24042774281318913,2.890088785701549,3.1143392897898967,-0.22425050408834757
2018-03-13,1.4411174063592007,3.4411174063592007,-0.2732312902685168,2.862848696485659,3.1124496981336693,-0.24960100164801036
2018-03-14,1.4454031596526065,3.4454031596526065,-0.3254646773078629,2.834491773118873,3.1218305162028814,-0.28733874308400864
2018-03-15,1.4551334182283675,3.4551334182283675,-0.3506613869290409,2.834952405620824,3.138659751249303,-0.3037073456284789
2018-03-16,1.462946553212742,3.462946553212742,-0.3348638866717444,2.862152866863619,3.149569540432118,-0.28741667356849865
2018-03-19,1.4636684568541511,3.463668456854151,-0.3292372348467829,2.8649729671907065,3.152436923794922,-0.28746395660421564
2018-03-20,1.4776799681819988,3.4776799681819988,-0.32711764761019824,2.8958659286085284,3.1719263652227756,-0.2760604366142472
2018-03-21,1.466699308371048,3.466699308371048,-0.277558410174672,2.9098803252616836,3.1530517217822687,-0.24317139652058506
2018-03-22,1.4636556159245515,3.4636556159245515,-0.3753055420388183,2.835391049778675,3.1520981047703,-0.3167070549916251
2018-03-23,1.4484081608505122,3.448408160850512,-0.33605233146298286,2.8306901169489587,3.12814591330136,-0.29745579635240116
2018-03-26,1.4658813479488124,3.4658813479488124,-0.35094901146680213,2.8565232862650722,3.154584198043256,-0.2980609117781836
2018-03-27,1.4465457145500835,3.4465457145500835,-0.3937094962730594,2.7846575330551064,3.129431948268704,-0.3447744152135974
2018-03-28,1.4591096239042614,3.4591096239042614,-0.4314376397883266,2.7827597364778036,3.15119795374262,-0.3684382172648162
2018-03-29,1.4584364338479467,3.4584364338479467,-0.482738800414908,2.7446944740188797,3.1529974885390804,-0.4083030145202007
2018-04-02,1.4455193739917007,3.4455193739917007,-0.44537980228112417,2.745231524647114,3.1316914500903206,-0.3864599254432064
2018-04-03,1.4646898684582688,3.4646898684582688,-0.43774913236497204,2.7907628450118214,3.1581703535671135,-0.36740750855529214
2018-04-04,1.469274054781586,3.469274054781586,-0.44546316621341164,2.7955945126205584,3.1641517868008684,-0.36855727418031003
2018-04-05,1.471757701393262,3.471757701393262,-0.4050006969913982,2.828730993838914,3.164827428907014,-0.33609643506810016
2018-04-06,1.4619237653933368,3.461923765393337,-0.46298189700052683,2.7682783466556575,3.153918177556382,-0.3856398309007245
2018-04-09,1.471559588385606,3.471559588385606,-0.48047336495537296,2.7769257848058904,3.1682065754387554,-0.391280790632865
2018-04-10,1.4817427134618022,3.481742713461802,-0.48659896061658214,2.7915306681330523,3.1844995127091513,-0.39296884457609904
2018-04-11,1.484261174828081,3.484261174828081,-0.5185028713152064,2.773229556590017,3.1909295831910423,-0.41770002660102534
2018-04-12,1.4993965508942289,3.499396550894229,-0.4874349937345719,2.8271179455263638,3.2108373182393635,-0.3837193727129997
2018-04-13,1.5062941078745595,3.5062941078745595,-0.5210103634264716,2.814077201687102,3.224984356917159,-0.41090715523005716
2018-04-16,1.5126662287446955,3.5126662287446955,-0.5264331375978402,2.8213301766380825,3.2365541047855753,-0.41522392814749276
2018-04-17,1.5183799067255457,3.5183799067255457,-0.5627708106347526,2.8043324667503637,3.2496826021904583,-0.4453501354400946
2018-04-18,1.521009857831288,3.521009857831288,-0.48419649104680396,2.8629324481546203,3.247806570041157,-0.3848741218865368
2018-04-19,1.528920715859396,3.528920715859396,-0.4348434650873485,2.9149983927347614,3.2599921860327594,-0.34499379329799806
2018-04-20,1.5373438457129254,3.5373438457129254,-0.3995132336164491,2.9563836020527954,3.272026155382292,-0.3156425533294964
2018-04-23,1.5503611130426478,3.550361113042648,-0.4091681724992222,2.9768275921296885,3.292220215519664,-0.3153926233899753
2018-04-24,1.53913939371202,3.53913939371202,-0.3483961990190134,2.9962931912271364,3.2731994223177465,-0.2769062310906101
2018-04-25,1.5336779915682435,3.5336779915682435,-0.28272228913255937,3.030354390558635,3.2617106585597364,-0.2313562680011012
2018-04-26,1.5356076777258423,3.5356076777258423,-0.3359368731546102,2.995521052170088,3.267879587760878,-0.27235853559079004
2018-04-27,1.5387996465692133,3.5387996465692133,-0.4028541358819493,2.9554598211906233,3.2755557171250738,-0.3200958959344504
2018-04-30,1.5423525509964264,3.5423525509964264,-0.43003564318771215,2.9410772838076187,3.2835411084262653,-0.34246382461864666
2018-05-01,1.5453763605265536,3.5453763605265536,-0.41193498395762385,2.9594944315239218,3.2847265664159417,-0.32523213489201996
2018-05-02,1.539172940460105,3.539172940460105,-0.39312380986666673,2.959526616963307,3.275909250175013,-0.3163826332117061
2018-05-03,1.5321030126787,3.5321030126787,-0.4047149078416621,2.9353480713588964,3.2664063107527457,-0.33105823939384926
2018-05-04,1.5121513737096635,3.5121513737096635,-0.29686093458257323,2.963456405485682,3.2339089727288526,-0.2704525672431708
2018-05-07,1.509391109717292,3.509391109717292,-0.27932817189345593,2.9709337257750748,3.229040254876697,-0.25810652910162224
2018-05-08,1.517173137405024,3.517173137405024,-0.2729650694523511,2.9925182905903944,3.239629184819545,-0.24711089422915045
2018-05-09,1.5244050760022212,3.524405076002221,-0.2520614980155349,3.0218533584620024,3.248608551007681,-0.22675519254567877
2018-05-10,1.53009532732451,3.53009532732451,-0.3090208495700133,2.994395961901362,3.2613442747389874,-0.2669483128376253
2018-05-11,1.5400925864875639,3.540092586487564,-0.3444549131932124,2.9878141758971175,3.278455889180348,-0.29064171328323063
2018-05-14,1.5435065573574356,3.5435065573574356,-0.3235196845697401,3.0104262511369604,3.2821289842740273,-0.27170273313706694
2018-05-15,1.5600871870092945,3.5600871870092945,-0.25934631797004926,3.090179615102661,3.3039694700809097,-0.21378985497824887
2018-05-16,1.573024250050672,3.573024250050672,-0.2873441164545669,3.099847197949165,3.3236754780996955,-0.22382828015053047
2018-05-17,1.5658552276787532,3.565855227678753,-0.23929518639349467,3.1195917607507075,3.3113529639270145,-0.19176120317630696
2018-05-18,1.5475049021465352,3.5475049021465352,-0.24240681823585897,3.075676350724972,3.2864407585707798,-0.21076440784580797
2018-05-21,1.546998882502347,3.546998882502347,-0.23897312035067086,3.074130035321597,3.286047438716358,-0.21191740339476084
2018-05-22,1.5471658468326837,3.5471658468326837,-0.23085221344596496,3.0782029645177635,3.288102422838831,-0.20989945832106738
2018-05-23,1.5236762178211052,3.523676217821105,-0.2379186375186748,3.0269905727177013,3.2520621786816815,-0.22507160596398013
2018-05-24,1.5395001074188421,3.539500107418842,-0.3594640675917251,2.9825916098783565,3.2773272343322644,-0.2947356244539079
2018-05-25,1.5297932575710256,3.5297932575710256,-0.39464295135610694,2.936098751595511,3.267565910585565,-0.33146715899005397
2018-05-29,1.463519922953072,3.463519922953072,-0.4230504474734751,2.7856667667542276,3.167274495059932,-0.38160772830570444
2018-05-30,1.5080978599751091,3.508097859975109,-0.4679358618956879,2.8423742296459222,3.2370195957239227,-0.3946453660780005
2018-05-31,1.513357473814331,3.513357473814331,-0.49395070100665306,2.833392661971216,3.248703253711889,-0.4153105917406732
2018-06-01,1.5363849933071414,3.5363849933071414,-0.47249802132358765,2.893577393830341,3.283316627318143,-0.38973923348780204
2018-06-04,1.5491657311229758,3.549165731122976,-0.4479406384601883,2.935176182790836,3.3020320297088777,-0.36685584691804163
2018-06-05,1.5390215911274048,3.5390215911274048,-0.45093752092782147,2.912692013986388,3.2872071637500353,-0.3745151497636474
2018-06-06,1.5499384886128027,3.5499384886128027,-0.3902157451445736,2.9760625979248405,3.302084870165361,-0.3260222722405204
2018-06-07,1.5426525077118,3.5426525077118,-0.43553847166444104,2.9283489157475744,3.294215912740166,-0.3658669969925916
2018-06-08,1.5413850687273154,3.5413850687273154,-0.42925772711335153,2.9307540961625547,3.291228770464947,-0.36047467430239255
2018-06-11,1.5499301608040845,3.5499301608040845,-0.41985483563241166,2.951829434777336,3.304438970219668,-0.352609535442332
2018-06-12,1.527765201176848,3.527765201176848,-0.3141443282323477,2.9798114473532267,3.2657415451890603,-0.2859300978358337
2018-06-13,1.545398338134067,3.545398338134067,-0.33127025656378706,2.999153836026016,3.293285416163718,-0.294131580137702
2018-06-14,1.541287912718289,3.541287912718289,-0.3870440902027479,2.9542977160428587,3.289492584814456,-0.3351948687715973
2018-06-15,1.5388701037072217,3.5388701037072217,-0.4031756403655975,2.9455013112930573,3.2854250645217054,-0.3399237532286481
2018-06-18,1.5329845029446219,3.532984502944622,-0.3749447975612039,2.9469652069832146,3.2762651275907344,-0.3292999206075198
2018-06-19,1.5210954123655256,3.5210954123655256,-0.38216666633317864,2.914485364541992,3.2607660787942394,-0.34628071425224727
2018-06-20,1.5279527488241733,3.5279527488241733,-0.34891557407190366,2.9530327603861553,3.268065678461454,-0.3150329180752989
2018-06-21,1.5226443435627992,3.522644343562799,-0.36914196010052835,2.9241100759612952,3.262171984707323,-0.33806190874602793
2018-06-22,1.5226301793286297,3.5226301793286297,-0.36740927936655154,2.92613400765801,3.2622833360403,-0.33614932838229006
2018-06-25,1.5134491938345818,3.5134491938345818,-0.37028234387811576,2.901489274002165,3.25175421305104,-0.3502649390488748
2018-06-26,1.5090485321919012,3.509048532191901,-0.35351735156331143,2.9081652691720974,3.242048176866935,-0.3338829076948375
2018-06-27,1.5053909550210207,3.5053909550210207,-0.41310923070342076,2.8573790937086643,3.2409063080041864,-0.38352721429552217
2018-06-28,1.513902211495001,3.513902211495001,-0.42532322464555206,2.868353687451801,3.25383453651421,-0.38548084906240865
2018-06-29,1.5167757016310155,3.5167757016310155,-0.4255635363627257,2.8743463852802087,3.255430206218126,-0.3810838209379175
2018-07-02,1.529753928784615,3.529753928784615,-0.4395338831880231,2.885164266588492,3.2793947567454778,-0.39423049015698597
2018-07-03,1.524229000595529,3.524229000595529,-0.4744814242198827,2.8489664867517606,3.2723745476761823,-0.42340806092442174
2018-07-05,1.5342628349964684,3.5342628349964684,-0.5094867746155711,2.844887439710723,3.2867883199989087,-0.44190088028818586
2018-07-06,1.5229208552872002,3.5229208552872002,-0.49641104138856074,2.8337326194605588,3.2669803746450565,-0.43324775518449776
2018-07-09,1.5381710277484402,3.53817102774844,-0.48840346380961996,2.868110325730522,3.2931998235339353,-0.42508949780341343
2018-07-10,1.5456635124541123,3.5456635124541123,-0.4950550198704238,2.8762868437708082,3.3052872755303078,-0.42900043175949953
2018-07-11,1.5359739924524618,3.535973992452462,-0.49496162835217206,2.8560325811621823,3.289640832258809,-0.4336082510966266
2018-07-12,1.5388157438712327,3.5388157438712327,-0.49082135724032927,2.8620702208556907,3.2954169470503403,-0.43334672619464953
2018-07-13,1.5336298417815826,3.5336298417815826,-0.5015586898389652,2.8413722984544854,3.2906931249301357,-0.4493208264756503
2018-07-16,1.5355720442111114,3.5355720442111114,-0.4765205071520051,2.862987538269819,3.2919946034216596,-0.4290070651518407
2018-07-17,1.5413413582798725,3.5413413582798725,-0.47449269281172146,2.873923562757669,3.3023333473042196,-0.42840978454655065
2018-07-18,1.545434049674725,3.545434049674725,-0.478311851668368,2.8799946975247614,3.3090399916203097,-0.42904529409554826
2018-07-19,1.5341792198271271,3.534179219827127,-0.4850830684542,2.8513711744215224,3.293406339411945,-0.4420351649904224
2018-07-20,1.5279315214610918,3.527931521461092,-0.3886853390645624,2.907854125070867,3.278060154063519,-0.37020602899265187
2018-07-23,1.5397104794594263,3.5397104794594263,-0.3205341318346626,2.979201087077912,3.2924295319772523,-0.3132284448993401
2018-07-24,1.5451954922601026,3.5451954922601026,-0.3660245156229003,2.9594649354073135,3.3017507621181124,-0.3422858267107989
2018-07-25,1.5443160472672126,3.5443160472672126,-0.3819264188457545,2.9468499204425482,3.2981193722136126,-0.3512694517710644
2018-07-26,1.5612470505650187,3.5612470505650187,-0.36374588747855086,2.9911458872714527,3.3257334998170056,-0.3345876125455529
2018-07-27,1.5624356130588914,3.5624356130588914,-0.4057764862174582,2.9649657152600764,3.329059743090719,-0.3640940278306428
2018-07-30,1.5576390210427604,3.5576390210427604,-0.36456332793416246,2.9849103271237856,3.320739460749603,-0.33582913362581746
2018-07-31,1.5602700722810674,3.5602700722810674,-0.4052499687083757,2.9577137061741086,3.3280684363305113,-0.37035473015640274
2018-08-01,1.562690219676675,3.562690219676675,-0.3445017504680816,3.0078530722952777,3.329475308721371,-0.32162223642609344
2018-08-02,1.5512482877732694,3.5512482877732694,-0.33397515834335945,2.991983012860433,3.3112288307986426,-0.3192458179382096
2018-08-03,1.5366795589364344,3.5366795589364344,-0.33383681701498125,2.960388112475876,3.290870904907309,-0.33048279243143286
2018-08-06,1.5353691841844643,3.5353691841844643,-0.3490051933552434,2.944449811973582,3.290992378362021,-0.34654256638843917
2018-08-07,1.547450161014762,3.547450161014762,-0.3346103910521774,2.978522373632989,3.308650146756727,-0.330127773123738
2018-08-08,1.547170047889665,3.547170047889665,-0.33771057572524477,2.974837553413782,3.308927980328731,-0.33409042691494895
2018-08-09,1.5412700260990952,3.5412700260990952,-0.3741236755073909,2.9392806492619425,3.30096628018431,-0.3616856309223673
2018-08-10,1.5271868716488513,3.5271868716488513,-0.41071481152153,2.8824338443997455,3.2847122537848232,-0.40227840938507775
2018-08-13,1.5260881490696079,3.526088149069608,-0.4082005254610519,2.882236427607865,3.2812453642342567,-0.3990089366263918
2018-08-14,1.5307563511756115,3.5307563511756115,-0.3951574690412327,2.89978746732397,3.288197237044062,-0.3884097697200919
2018-08-15,1.5205397281824098,3.52053972818241,-0.41278066397769564,2.865593321475409,3.2745925551980934,-0.40899923372268443
2018-08-16,1.5295427518288207,3.5295427518288207,-0.42617889154955035,2.875497015602045,3.28814455120217,-0.4126475356001249
2018-08-17,1.5345926497567781,3.534592649756778,-0.4485803845905809,2.8705638725640217,3.2972442949290586,-0.4266804223650369
2018-08-20,1.5201073796430755,3.5201073796430755,-0.470621392116108,2.826324559278404,3.275877522295859,-0.44955296301745484
2018-08-21,1.5296240040025104,3.5296240040025104,-0.4727356407603125,2.844336003618178,3.2889954657548137,-0.44465946213663576
2018-08-22,1.524195556309877,3.524195556309877,-0.49143963031941595,2.8206453394241953,3.280864709307266,-0.4602193698830708
2018-08-23,1.534325594116602,3.534325594116602,-0.5314901342457832,2.813656067334274,3.297633547539894,-0.48397748020562004
2018-08-24,1.5400044852228056,3.5400044852228056,-0.5421020603742699,2.8171077074010866,3.3067652011613333,-0.4896574937602467
2018-08-27,1.5434434966001902,3.54344349660019,-0.5079076076551283,2.844492996243896,3.3121222972656708,-0.4676293010217747
2018-08-28,1.5482918341992864,3.5482918341992864,-0.4736620208581859,2.8807542901969487,3.3164670170961834,-0.4357127268992347
2018-08-29,1.5641935945820826,3.5641935945820826,-0.5246291533815333,2.8769594103392,3.3440976807917586,-0.4671382704525584
2018-08-30,1.5534865243612863,3.5534865243612863,-0.5358637650446028,2.8489702502444847,3.3276807922230227,-0.478710541978538
2018-08-31,1.5415279963714852,3.541527996371485,-0.4845012071520882,2.857434877083534,3.3109506416990175,-0.4535157646154837
2018-09-04,1.544197527638893,3.544197527638893,-0.42882650099812114,2.8998303323190076,3.312766121471742,-0.4129357891527343
2018-09-05,1.541394108727733,3.541394108727733,-0.41897495995120826,2.9006162995814746,3.3090115273755814,-0.40839522779410675
2018-09-06,1.5355009710455008,3.5355009710455008,-0.42725307206382945,2.882003892095855,3.3009796244875083,-0.4189757323916532
2018-09-07,1.5616953878143285,3.5616953878143285,-0.41831889721647153,2.9393786513156193,3.3407397389226006,-0.4013610876069813
2018-09-10,1.5668091881290316,3.5668091881290316,-0.4472250702920859,2.9295893458585924,3.3501199480853896,-0.42053060222679717
2018-09-11,1.5756423121543044,3.5756423121543044,-0.40642046726082537,2.9744207778516674,3.3621615314804996,-0.3877407536288322
2018-09-12,1.5803408304942366,3.5803408304942366,-0.44383563962127903,2.957631673468226,3.3713898874337778,-0.41375821396555157
2018-09-13,1.5820504475658623,3.5820504475658623,-0.4432523172046525,2.960161698331484,3.375429273096684,-0.41526757476519993
2018-09-14,1.593004100597259,3.593004100597259,-0.43458040588628677,2.987175171005066,3.392482964437895,-0.4053077934328293
2018-09-17,1.5891745147815577,3.5891745147815577,-0.421972136314821,2.987616972978804,3.386597620280749,-0.39898064730194527
2018-09-18,1.5926432884358555,3.5926432884358555,-0.34196873861177846,3.049885640844619,3.3882000848705744,-0.33831444402595556
2018-09-19,1.5963683961868824,3.5963683961868824,-0.31576888086569754,3.075353112676459,3.393040228712275,-0.3176871160358159
2018-09-20,1.6027878829875917,3.6027878829875917,-0.347349261643247,3.0667782143143416,3.404957584784324,-0.3381793704699825
2018-09-21,1.6033656770406068,3.603365677040607,-0.3527987157326371,3.0628351925683295,3.4075836353946602,-0.34474844282633077
2018-09-24,1.6041809854016122,3.6041809854016122,-0.33852679949294195,3.0746579542043526,3.4084885970857592,-0.3338306428814066
2018-09-25,1.6107036565090702,3.61070365650907,-0.3337385356624618,3.090735452178893,3.418534637072389,-0.3277991848934958
2018-09-26,1.6044755682892173,3.6044755682892173,-0.36254221214953164,3.056513986281274,3.411793626355785,-0.35527964007451107
2018-09-27,1.6053589500863872,3.605358950086387,-0.37279671973570094,3.0508538491794783,3.4129379455093205,-0.3620840963298422
2018-09-28,1.5946599994919026,3.5946599994919026,-0.33918491141908147,3.050904642843418,3.397188998482848,-0.3462843556394297
2018-10-01,1.5918821297449242,3.591882129744924,-0.2780101446343979,3.0882576730391653,3.3899222526759276,-0.3016645796367623
2018-10-02,1.5928833181654625,3.5928833181654625,-0.3304935821622448,3.053132976152446,3.394141124622212,-0.3410081484697658
2018-10-03,1.6025195318811924,3.6025195318811924,-0.22133075555115278,3.1488968278853866,3.403133443833135,-0.2542366159477485
2018-10-04,1.6042152737880926,3.6042152737880926,-0.15337587962197352,3.1977429179816332,3.403183546790504,-0.2054406288088706
2018-10-05,1.6033606820007833,3.6033606820007833,-0.08908431714973375,3.241170783153313,3.399606912193823,-0.15843612904050985
2018-10-09,1.6071567844988905,3.6071567844988905,-0.14209712331347513,3.2095438223962556,3.409407457638154,-0.19986363524189832
2018-10-10,1.5953291819035265,3.5953291819035265,-0.08501228622845103,3.225055258622366,3.390009312344129,-0.16495405372176286
2018-10-11,1.596471739421208,3.596471739421208,-0.19995973630541286,3.1464830708085714,3.396673299116676,-0.2501902283081048
2018-10-12,1.5930181674845656,3.5930181674845656,-0.18095268506503048,3.1533141284063184,3.3911857672615313,-0.2378716388552129
2018-10-15,1.5962157488408941,3.596215748840894,-0.17197656538494144,3.164852043436924,3.3963405004438667,-0.23148845700694265
2018-10-16,1.6042223199632701,3.60422231996327,-0.2081197134116346,3.1559436363443765,3.4098529742020354,-0.2539093378576589
2018-10-17,1.6074225926863512,3.6074225926863512,-0.17045418119632183,3.187698932399439,3.4128809876133217,-0.22518205521388257
2018-10-18,1.598096578259515,3.598096578259515,-0.1610576322254209,3.174762749267724,3.3992442004051915,-0.2244814511374673
2018-10-19,1.6073910531327087,3.6073910531327087,-0.1444407875383913,3.20138033430367,3.4135173749350365,-0.2121370406313665
2018-10-22,1.6063021765809324,3.6063021765809324,-0.14860189735116336,3.1958789564896906,3.4122079914753933,-0.21632903498570277
2018-10-23,1.5958507381591929,3.595850738159193,-0.15335343328913487,3.171556497698018,3.3969288710286083,-0.22537237333059013
2018-10-24,1.570688880567019,3.570688880567019,-0.18021247696238696,3.101413231815731,3.3617879732474276,-0.2603747414316966
2018-10-25,1.5870064503862942,3.587006450386294,-0.18018670464294484,3.1359467010328115,3.38522956738498,-0.24928286635216867
2018-10-26,1.5605299974938625,3.5605299974938625,-0.1784839340099964,3.08052913365345,3.347803440884183,-0.26727430723073287
2018-10-29,1.563226938415319,3.563226938415319,-0.18599612829163803,3.079821434278501,3.3528099334203976,-0.2729884991418965
2018-10-30,1.5685380039069017,3.5685380039069017,-0.1471395426262596,3.1160152684783995,3.358591117298264,-0.2425758488198646
2018-10-31,1.5798857696765864,3.5798857696765864,-0.1240916613426557,3.155192666484993,3.374826487370284,-0.21963382088529082
2018-11-01,1.5694453233284449,3.569445323328445,-0.10844340382161466,3.144852896114884,3.3594363427234963,-0.2145834466086125
2018-11-02,1.5909344578193263,3.5909344578193263,-0.06404275830997452,3.218592056853496,3.3892715160779807,-0.1706794592244849
2018-11-05,1.5942053459853902,3.59420534598539,-0.10272786670214451,3.1982714245946386,3.3958971204307584,-0.19762569583611977
2018-11-06,1.6003997908438699,3.60039979084387,-0.09293818698576306,3.21739508262223,3.4054498547426864,-0.18805477212045618
2018-11-07,1.6102077762430795,3.6102077762430795,-0.11545807128675101,3.2201343825814615,3.421133378679053,-0.20099899609759175
2018-11-08,1.6228943542039573,3.6228943542039573,-0.12892622135968113,3.2364924566371838,3.441010800358267,-0.20451834372108335
2018-11-09,1.605650622963708,3.605650622963708,-0.13504490108096023,3.1972497838913627,3.4167456685103756,-0.21949588461901293
2018-11-13,1.5864948479482095,3.5864948479482095,-0.15312571361106952,3.144127738338578,3.3908351878049046,-0.2467074494663266
2018-11-14,1.5745083082402012,3.574508308240201,-0.14485229994330906,3.1243512976840893,3.3737810216104283,-0.249429723926339
2018-11-15,1.5642594502298621,3.564259450229862,-0.12782782459531328,3.1144165327319753,3.357362879402449,-0.24294634667047355
2018-11-16,1.5495799455462382,3.5495799455462382,-0.12658661742281963,3.0863905689680773,3.335714226635221,-0.24932365766714382
2018-11-19,1.5339450932517877,3.5339450932517877,-0.09734133303017112,3.075292033197752,3.3118483132378294,-0.23655628004007756
2018-11-20,1.542368595249176,3.542368595249176,-0.1260073615960473,3.0718172759173905,3.325710805397284,-0.2538935294798934
2018-11-21,1.5497090024924205,3.5497090024924205,-0.13411089584311187,3.0807638907452564,3.3379086022114643,-0.257144711466208
2018-11-23,1.5383064228215204,3.5383064228215204,-0.11905674370202979,3.0691311092280995,3.318775671232159,-0.2496445620040597
2018-11-26,1.5600825614031635,3.5600825614031635,-0.16612130054847363,3.077354956049697,3.3558284774140383,-0.27847352136434145
2018-11-27,1.5573374436224157,3.5573374436224157,-0.16765811639567874,3.069219192325764,3.3525320972054145,-0.28331290487965033
2018-11-28,1.579501330249066,3.579501330249066,-0.2854751891091003,3.036569424990178,3.3921826703551083,-0.35561324536493055
2018-11-29,1.5557662628783646,3.5557662628783646,-0.2118099434516898,3.032634262453111,3.3527004559815867,-0.32006619352847565
2018-11-30,1.5672690034754062,3.567269003475406,-0.2956054904520973,2.998675014966621,3.3745823448606274,-0.37590732989400655
2018-12-03,1.5618813582821218,3.561881358282122,-0.29488291213026097,2.982075422607017,3.3672638170717644,-0.3851883944647474
2018-12-04,1.564016195017338,3.564016195017338,-0.4230051683450897,2.900852399865111,3.3770732013572218,-0.476220801492111
2018-12-06,1.5525762483499896,3.5525762483499896,-0.43611956563221543,2.8689111335184396,3.3612180655581114,-0.4923069320396718
2018-12-07,1.5409028766283406,3.5409028766283406,-0.44236360901546146,2.8393202543564624,3.345025441587721,-0.5057051872312588
2018-12-10,1.546828877299987,3.546828877299987,-0.4699335234899884,2.831429370134725,3.355949415860826,-0.524520045726101
2018-12-11,1.5608445067718506,3.5608445067718506,-0.4449891122708589,2.8743804867677074,3.376205310149587,-0.5018248233818796
2018-12-12,1.568616827468869,3.568616827468869,-0.4464727542805482,2.8929833229831945,3.3881389666300885,-0.495155643646894
2018-12-13,1.5762572811981563,3.5762572811981563,-0.502349442918888,2.875760896350543,3.4015148687544636,-0.5257539724039204
2018-12-14,1.5726530357525377,3.5726530357525377,-0.5161908060064695,2.8624471348697167,3.3987039715883074,-0.5362568367185907
2018-12-17,1.554569955281842,3.554569955281842,-0.5109835010007444,2.8297308122004696,3.370352207574619,-0.5406213953741492
2018-12-18,1.5366799848428734,3.5366799848428734,-0.4980100885495151,2.8044885662534926,3.3412115582682578,-0.5367229920147651
2018-12-19,1.539863337236266,3.539863337236266,-0.589665849831368,2.7470881493812946,3.3503427124583443,-0.6032545630770496
2018-12-20,1.5562083496466066,3.5562083496466066,-0.6101093271631104,2.767542184861871,3.3748758645294274,-0.6073336796675566
2018-12-21,1.5357131217992652,3.5357131217992652,-0.5336346164116383,2.77847949871583,3.341332959541921,-0.5628534608260911
2018-12-24,1.508451610440364,3.508451610440364,-0.5197450245101587,2.7369281746785177,3.296164607307465,-0.5592364326289472
2018-12-26,1.528609977190321,3.528609977190321,-0.4774993438546469,2.8062484593208485,3.3260774851275645,-0.519829025806716
2018-12-27,1.4971697347105533,3.4971697347105533,-0.4354573081651676,2.769754859126611,3.279306740086008,-0.5095518809593971
2018-12-28,1.4793948755362933,3.4793948755362933,-0.44220283109232916,2.7275237844435845,3.2543658674291924,-0.526842082985608
2018-12-31,1.4628165458201927,3.4628165458201927,-0.43008022953119873,2.699931438067742,3.2316502840314225,-0.5317188459636806
2019-01-02,1.4707352217911698,3.4707352217911698,-0.5205734991867743,2.6523372710706132,3.245537866789933,-0.5932005957193196
2019-01-03,1.4207914566638777,3.4207914566638777,-0.5114520894835755,2.5605244249363057,3.167626558239261,-0.6071021333029551
2019-01-04,1.4706961034025277,3.4706961034025277,-0.5240474661439256,2.652313599082219,3.2419480940461765,-0.5896344949639576
2019-01-07,1.4900392967816138,3.490039296781614,-0.5389928114880549,2.681361334821101,3.2712747115410234,-0.5899133767199225
2019-01-08,1.5147840562303685,3.5147840562303685,-0.5813651666692445,2.701848736652484,3.311055626342337,-0.6092068896898533
2019-01-09,1.498546916969282,3.498546916969282,-0.5109408486650873,2.718216423934282,3.2829717374652354,-0.5647553135309535
2019-01-10,1.4964854330909958,3.496485433090996,-0.5066543514245003,2.7172874034821364,3.2790456898061726,-0.5617582863240362
2019-01-11,1.4847986098730992,3.484798609873099,-0.51013598558702,2.6893666814214843,3.2627088297088562,-0.573342148287372
2019-01-14,1.4817411173998245,3.4817411173998245,-0.4954103677268433,2.6949590462774986,3.256103920763139,-0.5611448744856404
2019-01-15,1.4791026784907864,3.4791026784907864,-0.4734837696442238,2.705571601393076,3.2509485051249603,-0.5453769037318841
2019-01-16,1.4896470797571553,3.4896470797571553,-0.4976446047370491,2.7118721908343115,3.266714468026679,-0.5548422771923676
2019-01-17,1.5043000202250028,3.5043000202250028,-0.5077009248666133,2.7359195308212225,3.2886840056796682,-0.5527644748584457
2019-01-18,1.5265200335499998,3.5265200335499998,-0.5324572915098766,2.7643401029445704,3.3232132061684183,-0.5588731032238479
2019-01-22,1.5101841252855515,3.5101841252855515,-0.5463951479213236,2.7203080067921634,3.2997437092995243,-0.5794357025073609
2019-01-23,1.5145305238735176,3.5145305238735176,-0.5405563350055633,2.7342071049736685,3.305266748211844,-0.5710596432381756
2019-01-24,1.503320324493334,3.503320324493334,-0.5574983753383043,2.6990828482443234,3.289330947855157,-0.5902480996108337
2019-01-25,1.5167396277517824,3.5167396277517824,-0.5472876490315404,2.732217050100411,3.310335851868516,-0.5781188017681052
2019-01-28,1.5141988416549026,3.5141988416549026,-0.5493111215350108,2.7252126785016895,3.306775342893218,-0.5815626643915284
2019-01-29,1.5041283762284827,3.5041283762284827,-0.5675705752016533,2.6913166341543784,3.2926378518134802,-0.6013212176591018
2019-01-30,1.4656929782022203,3.4656929782022203,-0.4590464946123989,2.6865352205455073,3.2313654081752485,-0.5448301876297412
2019-01-31,1.448350056378068,3.448350056378068,-0.5158435624510682,2.614805402551764,3.2054434584739857,-0.5906380559222217
2019-02-01,1.4814863621827428,3.4814863621827428,-0.5261694022026902,2.6782696882972528,3.2535143803519326,-0.5752446920546799
2019-02-04,1.4869524241564633,3.4869524241564633,-0.4959576756280937,2.7108551440207194,3.259683438239754,-0.5488282942190348
2019-02-05,1.4831150364197967,3.4831150364197967,-0.5151380696829486,2.689659032094916,3.2547372468874283,-0.5650782147925124
2019-02-06,1.4787712226622673,3.4787712226622673,-0.5147928277708766,2.680169385128757,3.2486443637819375,-0.5684749786531804
2019-02-07,1.4639788201209107,3.4639788201209107,-0.534565079375116,2.6368107590280285,3.226762450853207,-0.5899516918251786
2019-02-08,1.4570796461745914,3.4570796461745914,-0.5336252068792211,2.623904763809018,3.21639006520653,-0.5924853013975122
2019-02-11,1.4685736941507486,3.4685736941507486,-0.5366912406573263,2.646088490935935,3.233239647474444,-0.5871511565385092
2019-02-12,1.47528373759463,3.47528373759463,-0.5207209896754854,2.6708626492262204,3.2424728802984837,-0.5716102310722633
2019-02-13,1.4952440472506545,3.4952440472506545,-0.5511144813168398,2.6917941036631556,3.272958988781589,-0.5811648851184334
2019-02-14,1.4770350615350587,3.4770350615350587,-0.5627188147221656,2.6452194827619517,3.2467871022397685,-0.6015676194778168
2019-02-15,1.4902462981577216,3.4902462981577216,-0.6022472816149538,2.6451094844658583,3.2683077795498496,-0.6231982950839914
2019-02-19,1.4779579708419277,3.4779579708419277,-0.5791661759470745,2.6352202232022526,3.2494664798947834,-0.6142462566925309
2019-02-20,1.4782915586834307,3.4782915586834307,-0.5833585969945094,2.6329597413444605,3.2499987196452693,-0.6170389783008088
2019-02-21,1.4888995714598217,3.4888995714598217,-0.5624113057414917,2.6700023237406736,3.2641322617080437,-0.5941299379673701
2019-02-22,1.4670291934266615,3.4670291934266615,-0.5297344152525794,2.6465450052080484,3.231674544164288,-0.5851295389562394
2019-02-25,1.4722571012062247,3.4722571012062247,-0.527100421578873,2.6581999693123595,3.2398646568709557,-0.5816646875585962
2019-02-26,1.4632418215648357,3.4632418215648357,-0.5430460394467254,2.628776700583976,3.227177947869976,-0.5984012472860001
2019-02-27,1.4658435036881592,3.465843503688159,-0.4703558603031901,2.6849621011180456,3.2273935788095267,-0.5424314776914811
2019-02-28,1.475477897097111,3.475477897097111,-0.4475789572044002,2.7213924363542974,3.2403463574258704,-0.518953921071573
2019-03-01,1.4925867232699623,3.4925867232699623,-0.4571392774097074,2.7497754003255546,3.2662276069571483,-0.5164522066315937
2019-03-04,1.4870603491551968,3.487060349155197,-0.4948871087623816,2.7104299083160965,3.2609761981064893,-0.5505462897903928
2019-03-05,1.4911183831099137,3.4911183831099137,-0.5150762683557781,2.7038821358705043,3.2684128061298923,-0.564530670259388
2019-03-06,1.4769703516599115,3.4769703516599115,-0.5182898120880504,2.6729151205702393,3.2471548217625115,-0.5742397011922722
2019-03-07,1.4563409526697946,3.4563409526697946,-0.5200284148913061,2.6288769157439065,3.216809543424759,-0.5879326276808525
2019-03-08,1.4524484891474927,3.4524484891474927,-0.53762304754291,2.6083203113635927,3.212133613534911,-0.6038133021713183
2019-03-11,1.460175405741559,3.460175405741559,-0.5384146064607194,2.624038968723469,3.2230092597323377,-0.5989702910088686
2019-03-12,1.450569972999645,3.450569972999645,-0.5521258941027813,2.594735417850984,3.209939276042799,-0.6152038581918151
2019-03-13,1.4503965454911274,3.4503965454911274,-0.5449163922397711,2.599954893482731,3.2089741850521785,-0.6090192915694477
2019-03-14,1.4511936074571423,3.4511936074571423,-0.5166338523606582,2.6212014145063267,3.2082772568679268,-0.5870758423616
2019-03-15,1.4440926495939976,3.4440926495939976,-0.549165515912228,2.584123778946672,3.199134931430021,-0.615011152483349
2019-03-18,1.4519796845131907,3.4519796845131907,-0.5587205717629038,2.5946267694769456,3.2103885440113897,-0.6157617745344441
2019-03-19,1.454228807111388,3.454228807111388,-0.5544751559859993,2.602059106333406,3.21327815350398,-0.6112190471705738
2019-03-20,1.422614261932484,3.422614261932484,-0.5474578022767949,2.541478968234372,3.1663313632124495,-0.6248523949780775
2019-03-21,1.4276534235398373,3.4276534235398373,-0.5727256610047418,2.535435777893101,3.173895997305961,-0.6384602194128597
2019-03-22,1.3907342364156534,3.3907342364156534,-0.5880799092867726,2.4499892368748224,3.1202389719322987,-0.6702497350574763
2019-03-25,1.369330881233715,3.369330881233715,-0.5424762849364146,2.4421920221941167,3.0851418820321808,-0.6429498598380641
2019-03-26,1.3581718378092908,3.358171837809291,-0.5379685101555038,2.4210427702955726,3.0681488399579364,-0.6471060696623638
2019-03-27,1.3630404998670507,3.3630404998670507,-0.5914338182010228,2.400093329759109,3.0747610133066203,-0.6746676835475114
2019-03-28,1.3771907861982982,3.377190786198298,-0.6291840060434994,2.4043282916868525,3.09639832490211,-0.6920700332152574
2019-03-29,1.3930559612241638,3.3930559612241638,-0.6648826927585008,2.411174147939204,3.1206449092082367,-0.7094707612690327
2019-04-01,1.4106234820596661,3.410623482059666,-0.5971527398386778,2.495639774622064,3.1413243706326246,-0.6456845960105606
2019-04-02,1.4005091044096325,3.4005091044096325,-0.5891020570421377,2.4805947537524355,3.1261370956106815,-0.645542341858246
2019-04-03,1.4058142363997561,3.405814236399756,-0.5419734098463715,2.522891435627198,3.1327333498055734,-0.6098419141783755
2019-04-04,1.4079916278213318,3.407991627821332,-0.5641027554113576,2.512154835864622,3.1363779239539635,-0.6242230880893413
2019-04-05,1.4121039566084619,3.412103956608462,-0.5908808256028646,2.5008134996322116,3.1446792181329664,-0.6438657185007548
2019-04-08,1.4155850817187527,3.4155850817187527,-0.573401464009649,2.5194848195209945,3.149494458112614,-0.6300096385916194
2019-04-09,1.4097933331761965,3.4097933331761965,-0.5799315283046536,2.502082552667611,3.1418149142382683,-0.6397323615706574
2019-04-10,1.3983510421767953,3.3983510421767953,-0.5846581106109161,2.4751580219249267,3.125573036485778,-0.6504150145608514
2019-04-11,1.4122342694612868,3.412234269461287,-0.5854281601189051,2.502938892797309,3.145946657371542,-0.6430077645742331
2019-04-12,1.433721849914221,3.433721849914221,-0.5682330318267708,2.5607678476087297,3.176342424502238,-0.6155745768935081
2019-04-15,1.4326258489794306,3.4326258489794306,-0.5829894106752906,2.5476151682882744,3.1755782943558852,-0.6279631260676108
2019-04-16,1.4385931282863567,3.4385931282863567,-0.5388395564638042,2.591454337942445,3.182073640187778,-0.590619302245333
2019-04-17,1.4310283032398807,3.4310283032398807,-0.5090984791663598,2.597039344541472,3.169518260833395,-0.572478916291923
2019-04-18,1.4238059648001489,3.423805964800149,-0.5282905616989302,2.5680982301094137,3.1606830766985725,-0.5925848465891588
2019-04-22,1.4209545906083676,3.4209545906083676,-0.47880049920228185,2.597386895117504,3.15344125947948,-0.5560543643619762
2019-04-23,1.4083248362934526,3.4083248362934526,-0.46518879888347975,2.5809184445219806,3.1340406875409896,-0.553122243019009
2019-04-24,1.394222865741753,3.394222865741753,-0.4929565018971669,2.533761038314457,3.113834192192769,-0.5800731538783119
2019-04-25,1.4006891485115815,3.4006891485115815,-0.49900871409257697,2.54383167204561,3.1231920328162075,-0.5793603607705977
2019-04-26,1.3845179513097463,3.3845179513097463,-0.4918225907209024,2.51798515005018,3.098481942342015,-0.5804967922918349
2019-04-29,1.3871720480415703,3.3871720480415703,-0.45013296968678773,2.5525591617053043,3.100606040600987,-0.5480468788956827
2019-04-30,1.3732111290160702,3.3732111290160702,-0.454712027424093,2.521616046117291,3.0796449460932007,-0.5580288999759095
2019-05-01,1.3955106473974546,3.3955106473974546,-0.5132287742606358,2.5242809500557586,3.114734139847646,-0.5904531897918872
2019-05-02,1.4066862508445972,3.406686250844597,-0.49968843569690513,2.5566300522842456,3.130819465338118,-0.5741894130538725
2019-05-03,1.4051824827587467,3.4051824827587467,-0.5196386333632761,2.5387627310430347,3.1301754988909556,-0.5914127678479209
2019-05-06,1.3934440078260266,3.3934440078260266,-0.5245945075149958,2.5113918559426476,3.113151214148442,-0.6017593582057943
2019-05-07,1.385255735230217,3.385255735230217,-0.5770125181123555,2.4582456762282523,3.103443109538367,-0.6451974333101149
2019-05-08,1.3919849907092363,3.3919849907092363,-0.5446477531623906,2.4964613139515026,3.111171045698217,-0.6147097317467143
2019-05-09,1.3807277062871428,3.380727706287143,-0.563181718788309,2.46059495908992,3.095552804012076,-0.6349578449221562
2019-05-10,1.3834528221652747,3.3834528221652747,-0.5418896535063862,2.4822377276522,3.099092159848925,-0.6168544321967251
2019-05-13,1.351850114244865,3.351850114244865,-0.5503760428947242,2.414562900377665,3.051787533037318,-0.6372246326596529
2019-05-14,1.357194223031886,3.357194223031886,-0.532154324003745,2.4375803806492207,3.0584552514666217,-0.620874870817401
2019-05-15,1.342011834723035,3.342011834723035,-0.5551141823062489,2.39092583481678,3.0367697178983666,-0.6458438830815867
2019-05-16,1.3483850849944687,3.3483850849944687,-0.5354728469492,2.415061185424239,3.0460712139164703,-0.6310100284922311
2019-05-17,1.3498292428458285,3.3498292428458285,-0.5540213513243346,2.404858861980637,3.0494249158232916,-0.6445660538426545
2019-05-20,1.3601131959077186,3.3601131959077186,-0.547421896795365,2.430261412813931,3.064262511163594,-0.6340010983496631
2019-05-21,1.373465363694077,3.373465363694077,-0.5606260244683279,2.4459712311892026,3.085200912776773,-0.6392296815875707
2019-05-22,1.3608981121252448,3.360898112125245,-0.5758689009959168,2.4076695373420236,3.0687617379596035,-0.6610922006175799
2019-05-23,1.3362678325379598,3.3362678325379598,-0.6242586708850544,2.329104825518276,3.033123286532916,-0.7040184610146398
2019-05-24,1.3451185328936859,3.345118532893686,-0.6299435564243989,2.3410056290789605,3.0480391648511773,-0.7070335357722168
2019-05-28,1.3335463997571502,3.33354639975715,-0.6858773346714866,2.279825689727981,3.0326457191816756,-0.7528200294536944
2019-05-29,1.331814510865751,3.331814510865751,-0.7025957540232213,2.268305505406948,3.028966083509146,-0.7606605781021978
2019-05-30,1.3279100801437167,3.3279100801437167,-0.739874131102523,2.236337353700169,3.025200562598428,-0.7888632088982592
2019-05-31,1.2965443227013438,3.296544322701344,-0.7716855323879335,2.1608705020641916,2.9764394503069447,-0.8155689482427531
2019-06-03,1.2580931212007762,3.258093121200776,-0.7818113600792502,2.0860534457074773,2.9126783576142654,-0.8266249119067881
2019-06-04,1.2660512363371517,3.2660512363371517,-0.7112969731440542,2.149901368646186,2.9187074475452635,-0.7688060788990776
2019-06-05,1.2477719743375353,3.2477719743375353,-0.6687894757498016,2.14730282066733,2.8855737278119378,-0.7382709071446079
2019-06-06,1.2590701123729886,3.2590701123729886,-0.6979369977265018,2.148604590217981,2.9002276886538603,-0.7516230984358794
2019-06-07,1.2529428452182287,3.2529428452182287,-0.7527107537507289,2.1034233131272786,2.8887397535971813,-0.7853164404699027
2019-06-10,1.265991450683991,3.265991450683991,-0.6990100731928974,2.1645810626805453,2.9063267180188244,-0.7417456553382791
2019-06-11,1.2707588708338378,3.2707588708338378,-0.7036526578535698,2.1664721225929604,2.9167401826752646,-0.7502680600823042
2019-06-12,1.2534956434297762,3.253495643429776,-0.6926559457526507,2.1407798854947115,2.8906018763796912,-0.7498219908849797
2019-06-13,1.2372766516861446,3.2372766516861446,-0.6937323062618148,2.1117027597281743,2.8629893003108084,-0.7512865405826341
2019-06-14,1.2466850886546474,3.2466850886546474,-0.7321758632407329,2.1039591212235553,2.8770046451694244,-0.7730455239458691
2019-06-17,1.2527801564413572,3.252780156441357,-0.7576504119914889,2.0977650345731496,2.887150645267591,-0.7893856106944415
2019-06-18,1.2520890901831478,3.252089090183148,-0.7971887024594118,2.0660194494942865,2.88940488983611,-0.8233854403418235
2019-06-19,1.2210955530670908,3.221095553067091,-0.7588686203492054,2.0428103962565634,2.83716029654953,-0.7943499002929668
2019-06-20,1.211159962858293,3.211159962858293,-0.7699975917268116,2.0190333968443674,2.8165269901537204,-0.797493593309353
2019-06-21,1.2258153955962108,3.2258153955962108,-0.7219465728492196,2.0807444637952166,2.837420725809754,-0.7566762620145373
2019-06-24,1.2107172306563214,3.2107172306563214,-0.7471428582366277,2.0335401496600007,2.8165949740260787,-0.783054824366078
2019-06-25,1.208182571685903,3.208182571685903,-0.7671420753023899,2.0119157868631845,2.81500558147269,-0.8030897946095057
2019-06-26,1.228737299636478,3.228737299636478,-0.7422614486365005,2.067671511369962,2.8461067566078335,-0.7784352452378713
2019-06-27,1.2198812301503068,3.219881230150307,-0.7763345269325237,2.0273519262261366,2.834435099353457,-0.8070831731273205
2019-06-28,1.2160605373893034,3.2160605373893034,-0.7817235616690557,2.015687578697547,2.8273662343319983,-0.8116786556344513
2019-07-01,1.2237961811508278,3.2237961811508278,-0.755651685395943,2.0458653408490806,2.8386006462595925,-0.792735305410512
2019-07-02,1.2163349911635493,3.2163349911635493,-0.8133361335562164,1.9909336682964451,2.8285219854122565,-0.8375883171158114
2019-07-03,1.2216887126193434,3.2216887126193434,-0.8723080145448545,1.9612785549129674,2.8386637941544235,-0.8773852392414561
2019-07-05,1.2587556280020706,3.2587556280020706,-0.8492307736550373,2.0454390774085223,2.895421512864694,-0.8499824354561718
2019-07-08,1.2698441315942013,3.2698441315942013,-0.8808245326390409,2.0461496366671414,2.913765356324539,-0.8676157196573975
2019-07-09,1.2800352477506323,3.2800352477506323,-0.8783596353693515,2.066968197598138,2.9305109557323594,-0.8635427581342214
2019-07-10,1.2387777176390031,3.238777717639003,-0.7654711412943316,2.0698330278905384,2.8592165245385104,-0.789383496647972
2019-07-11,1.2501476895024695,3.2501476895024695,-0.7082689106789113,2.133018861977064,2.874204729020575,-0.7411858670435114
2019-07-12,1.2420077483913445,3.2420077483913445,-0.6998955161541733,2.122224732618306,2.8619092644258557,-0.7396845318075496
2019-07-15,1.2404377402306004,3.2404377402306004,-0.7282951059684644,2.0995541697700553,2.860031058065513,-0.7604768882954578
2019-07-16,1.2543922671677024,3.2543922671677024,-0.724413762884855,2.12976775786503,2.8810236577544424,-0.7512558998894123
2019-07-17,1.2449669740768101,3.24496697407681,-0.7926981108419442,2.063121536016627,2.8689383989274586,-0.8058168629108318
2019-07-18,1.2172521181574147,3.2172521181574147,-0.7632501370497824,2.0332686259511754,2.8226810842136754,-0.7894124582625
2019-07-19,1.2271877432152998,3.2271877432152998,-0.7721787479065529,2.0420897589912443,2.8403044781274267,-0.7982147191361824
2019-07-22,1.228248117150983,3.228248117150983,-0.7623612573140459,2.0502112135776698,2.8429706623686513,-0.7927594487909815
2019-07-23,1.2339485761762852,3.233948576176285,-0.7436749073200621,2.0732280510810472,2.851766161802418,-0.7785381107213709
2019-07-24,1.2399790078451502,3.2399790078451502,-0.7973097473234496,2.0485687194384483,2.863668056516856,-0.8150993370784079
2019-07-25,1.2522236860523108,3.252223686052311,-0.7965644613582175,2.0711379746766414,2.88349965974625,-0.8123616850696087
2019-07-26,1.2610021361729409,3.261002136172941,-0.822330284406064,2.0710513095212226,2.899588707578367,-0.8285373980571444
2019-07-29,1.2542207659450497,3.2542207659450497,-0.8306426423458255,2.0519810923577775,2.889423180979509,-0.8374420886217315
2019-07-30,1.2576992608002584,3.2576992608002584,-0.8441381737497125,2.051881751233786,2.8945938459479867,-0.8427120947142006
2019-07-31,1.278535474892582,3.278535474892582,-0.9501826815195606,2.013798542236509,2.9342867061715925,-0.9204881639350835
2019-08-01,1.2219777494597146,3.2219777494597146,-0.9832923387077486,1.886224419918876,2.845051220668512,-0.9588268007496361
2019-08-02,1.226637811364899,3.226637811364899,-1.0577159355545973,1.8482976782036336,2.850283171587702,-1.0019854933840684
2019-08-05,1.1922815862995506,3.1922815862995506,-1.125480459547365,1.7408476650717202,2.7970134316675974,-1.0561657665958772
2019-08-06,1.1887644247839937,3.1887644247839937,-1.1398183539093623,1.720684524177361,2.794517228329849,-1.0738327041524882
2019-08-07,1.1862619451097345,3.1862619451097345,-1.1622908503228206,1.7039301555253221,2.7873049125366656,-1.0833747570113434
2019-08-08,1.1951500700910778,3.1951500700910778,-1.1738227793513865,1.7106203292459399,2.8019700109174037,-1.0913496816714638
2019-08-09,1.2051023988910963,3.2051023988910963,-1.1699303532128553,1.7346223662768534,2.815600408449566,-1.0809780421727126
2019-08-12,1.1960924623709914,3.1960924623709914,-1.2846908377665205,1.6385751377470947,2.807238289546902,-1.1686631517998072
2019-08-13,1.2374010654090135,3.2374010654090135,-1.3498103879982875,1.6725675161238829,2.8755196389721935,-1.2029521228483107
2019-08-14,1.2360511343654217,3.2360511343654217,-1.4804709592838012,1.588828711686927,2.8745289660889903,-1.2857002544020633
2019-08-15,1.201462232349531,3.201462232349531,-1.480399681809308,1.5251973440266158,2.8184790215577005,-1.2932816775310847
2019-08-16,1.1921213915167428,3.192121391516743,-1.4189976405750357,1.551670494074856,2.799474819745985,-1.2478043256711289
2019-08-19,1.2007384300641313,3.2007384300641313,-1.355672686915705,1.6077193293915049,2.8117961473062425,-1.2040768179147376
2019-08-20,1.1861134957744035,3.1861134957744035,-1.386371079267395,1.5584214565856769,2.790582556828578,-1.2321611002429012
2019-08-21,1.2044704681323601,3.20447046813236,-1.3755532402134705,1.5970736915123633,2.8195217689911156,-1.2224480774787523
2019-08-22,1.2068034561805625,3.2068034561805625,-1.3388293945291174,1.6221761065390476,2.822479857151128,-1.2003037506120802
2019-08-23,1.181691504857291,3.181691504857291,-1.40590536873143,1.5306527103680356,2.7851875236663224,-1.2545348132982868
2019-08-26,1.1907189590314893,3.1907189590314893,-1.3954976209683156,1.5530716224214602,2.799790159944031,-1.246718537522571
2019-08-27,1.1896389893151564,3.1896389893151564,-1.470286578139536,1.498778248723589,2.802227441826821,-1.3034491931032322
2019-08-28,1.1848687955920596,3.1848687955920596,-1.4785755132053104,1.482697734761334,2.7964171008823118,-1.3137193661209778
2019-08-29,1.1913526272652746,3.1913526272652746,-1.4454669968368563,1.5165830775500355,2.8061807374880585,-1.289597659938023
2019-08-30,1.1824878531467533,3.1824878531467533,-1.421969777218159,1.5150706566727616,2.7942526858161774,-1.2791820291434157
2019-09-03,1.163250534690885,3.163250534690885,-1.4028443652823483,1.4914353866959373,2.7629476145784513,-1.271512227882514
2019-09-04,1.1447143036051841,3.144714303605184,-1.3574894716878134,1.4864078940527152,2.7308777716066603,-1.2444698775539451
2019-09-05,1.1794467454338786,3.1794467454338786,-1.3109689960044157,1.5841809961640034,2.781557210285562,-1.1973762141215587
2019-09-06,1.1808702205628698,3.18087022056287,-1.342348076742832,1.5673792442961998,2.7838330221674656,-1.2164537778712659
2019-09-09,1.1908978801627121,3.190897880162712,-1.25921171384541,1.6436491482511422,2.7951088536404254,-1.1514597053892832
2019-09-10,1.2228758868291827,3.2228758868291827,-1.2303667512906085,1.7224797702872745,2.844660332751767,-1.1221805624644927
2019-09-11,1.2254625799979948,3.225462579997995,-1.2049148834355314,1.7496477958230021,2.8446984401171314,-1.0950506442941292
2019-09-12,1.2417211692519494,3.2417211692519494,-1.189564113741957,1.7910533338076096,2.8694934059890387,-1.0784400721814291
2019-09-13,1.2706322620262434,3.2706322620262434,-1.119054453342196,1.89729973598791,2.910507056441065,-1.013207320453155
2019-09-16,1.254250114978813,3.254250114978813,-1.1494062580788018,1.8420447963568403,2.8897171391475296,-1.0476723427906893
2019-09-17,1.24478431411368,3.24478431411368,-1.154955255846028,1.8168565939493513,2.878312906272396,-1.0614563123230447
2019-09-18,1.2640393514651542,3.2640393514651542,-1.2187621186492947,1.810548376672837,2.9093441717170236,-1.0987957950441867
2019-09-19,1.25560267683613,3.25560267683613,-1.2203873724463197,1.7930297016670471,2.8972756530553694,-1.1042459513883223
2019-09-20,1.2426848113451143,3.2426848113451143,-1.253698945228642,1.7462649586053562,2.879285707260247,-1.1330207486548909
2019-09-23,1.2331490234264884,3.2331490234264884,-1.2619548961717424,1.723259531490574,2.8629874892138587,-1.1397279577232846
2019-09-24,1.2146450463584237,3.2146450463584237,-1.3179833529898257,1.6489601034125567,2.83818807586398,-1.1892279724514234
2019-09-25,1.2335749270548355,3.2335749270548355,-1.247750533085231,1.7328941759017091,2.863624263898774,-1.130730087997065
2019-09-26,1.2360937108641643,3.2360937108641643,-1.2944621777405203,1.7080090984273144,2.8672961918575783,-1.159287093430264
2019-09-27,1.2219353299070725,3.2219353299070725,-1.2779344166749347,1.6924258821343556,2.844449431287715,-1.1520235491533592
2019-09-30,1.2158957160777675,3.2158957160777675,-1.2693299590743514,1.6871963693893566,2.8338747419997006,-1.146678372610344
2019-10-01,1.1914576774008054,3.1914576774008054,-1.236234147935555,1.665735766472352,2.792718736219758,-1.1269829697474059
2019-10-02,1.1604583070114032,3.160458307011403,-1.2201481146891702,1.6186872078027448,2.741582877878476,-1.122895670075731
2019-10-03,1.1215705943183139,3.121570594318314,-1.2073054596164923,1.5556806168245645,2.677316027496089,-1.1216354106715247
2019-10-04,1.1291777101177338,3.129177710117734,-1.2672619410243193,1.5298129766569828,2.689132705272612,-1.1593197286156294
2019-10-07,1.1480904089181507,3.1480904089181507,-1.2673963114860793,1.5633824332778006,2.718661523880097,-1.1552790906022965
2019-10-08,1.1325975028712492,3.132597502871249,-1.2472073706252882,1.548018595110705,2.694186323163871,-1.146167728053166
2019-10-09,1.1481005797796229,3.148100579779623,-1.2304294390124557,1.591991059888156,2.714032941362986,-1.1220418814748299
2019-10-10,1.170989114004776,3.170989114004776,-1.198312983810288,1.6618641790781479,2.744299400528172,-1.082435221450024
2019-10-11,1.2087807528898935,3.2087807528898935,-1.1781535563523953,1.7526577050429637,2.799770732216764,-1.0471130271738005
2019-10-15,1.2102870079463628,3.210287007946363,-1.1852991386141731,1.7552359304847192,2.798304209404874,-1.0430682789201546
2019-10-16,1.1907349391399364,3.1907349391399364,-1.1515870289640695,1.742217986914274,2.764770352341792,-1.0225523654275182
2019-10-17,1.1956688333748673,3.1956688333748673,-1.1598942879674503,1.7473322686078263,2.7718339105536236,-1.0245016419457973
2019-10-18,1.1837685984736872,3.183768598473687,-1.1239488960544524,1.7489100986787998,2.751720848237314,-1.0028107495585141
2019-10-21,1.1991080016635287,3.1991080016635287,-1.1130575321339258,1.7868714027451849,2.7748941473509148,-0.9880227446057299
2019-10-22,1.2012167531917335,3.2012167531917335,-1.1483063458239045,1.7671155910234382,2.779413632586102,-1.012298041562664
2019-10-23,1.1966924121755937,3.1966924121755937,-1.1483420911870201,1.7579850590133266,2.7725053349733413,-1.0145202759600147
2019-10-24,1.1964070870246886,3.1964070870246886,-1.1364829721052452,1.7648164384554736,2.7721424850668273,-1.0073260466113536
2019-10-25,1.2143303852829241,3.214330385282924,-1.1529949719181083,1.7886909634390469,2.800698079294944,-1.0120071158558972
2019-10-28,1.2188694797268838,3.2188694797268838,-1.0919415834262693,1.8409831793483467,2.8045672910318276,-0.9635841116834809
2019-10-29,1.2197455078864436,3.2197455078864436,-1.108755919828372,1.8315450551917734,2.806324243313661,-0.9747791881218875
2019-10-30,1.2100492121581254,3.2100492121581254,-1.1659260394194977,1.7729307703630448,2.7932811960610975,-1.0203504256980527
2019-10-31,1.1704769040501155,3.1704769040501155,-1.1716712796926139,1.6918691048299517,2.731105820473252,-1.0392367156433002
2019-11-01,1.189765884443581,3.189765884443581,-1.193087168679039,1.7160225926637962,2.7608392146731884,-1.0448166220093922
2019-11-04,1.199263822704168,3.199263822704168,-1.1313246344104702,1.7778310979584955,2.773008115115685,-0.9951770171571894
2019-11-05,1.209424388272602,3.209424388272602,-1.0471006670533978,1.857468486418639,2.784759700587102,-0.9272912141684628
2019-11-06,1.2045296570808475,3.2045296570808475,-1.0959631478319771,1.8144923937263218,2.778648159601005,-0.9641557658746831
2019-11-07,1.2278296569021236,3.2278296569021236,-0.9908342278822468,1.935937252133919,2.80947975268232,-0.873542500548401
2019-11-08,1.2227320122626537,3.2227320122626537,-0.9455443926464042,1.957024977839985,2.799547273397427,-0.8425222955574418
2019-11-12,1.2196688268076556,3.2196688268076556,-0.9742108542921146,1.9316810005511054,2.7955186052700465,-0.8638376047189411
2019-11-13,1.2069854608208423,3.2069854608208423,-0.9982837510342417,1.888681247884491,2.777225969058673,-0.8885447211741819
2019-11-14,1.1861444968129753,3.1861444968129753,-1.0112475522758793,1.8363792808306472,2.7467226081002005,-0.9103433272695534
2019-11-15,1.2005848569036601,3.20058485690366,-1.0415051705712433,1.8447217113959935,2.769890284287201,-0.9251685728912076
2019-11-18,1.192299519285811,3.192299519285811,-1.049756388530298,1.8216994716882244,2.7578370559408976,-0.9361375842526731
2019-11-19,1.1996286666840241,3.199628666684024,-1.1083463331374457,1.795616165835907,2.771888247491699,-0.9762720816557917
2019-11-20,1.188515169716002,3.188515169716002,-1.1481628518447913,1.7444100761734227,2.757442526182957,-1.0130324500095342
2019-11-21,1.2044159055204062,3.2044159055204062,-1.1391180543442587,1.78348024251945,2.7810359863350502,-0.9975557438156002
2019-11-22,1.212707571253052,3.212707571253052,-1.1674619108622473,1.7793059804834692,2.7961345140088403,-1.016828533525371
2019-11-25,1.2128211727521574,3.2128211727521574,-1.175929809690281,1.7735437476694342,2.7967931795691823,-1.023249431899748
2019-11-26,1.2033532032316572,3.203353203231657,-1.1804280802790696,1.7498603146631697,2.783564133944824,-1.0337038192816541
2019-11-27,1.2221099451255206,3.2221099451255206,-1.1848084136156505,1.7829019208188956,2.814092008863899,-1.0311900880450033
2019-11-29,1.2110617967251507,3.2110617967251507,-1.1293585315976742,1.7984804666997505,2.795877500485272,-0.9973970337855214
2019-12-02,1.1972158112154894,3.1972158112154894,-1.00152970347086,1.8603758357440452,2.7682339480372176,-0.9078581122931724
2019-12-03,1.1738303720519205,3.1738303720519205,-1.1078260612568887,1.7387526128013453,2.7377629160379757,-0.9990103032366304
2019-12-04,1.196825826010297,3.196825826010297,-1.1142468239961598,1.783503505243194,2.7698673306023935,-0.9863638253591995
2019-12-05,1.1984238955634012,3.1984238955634012,-1.0802290880158978,1.8113557204869295,2.770270632026534,-0.9589149115396043
2019-12-06,1.2154450153291485,3.2154450153291485,-1.0723910954757905,1.8537506167466093,2.7942047122855964,-0.9404540955389871
2019-12-09,1.2197659953048081,3.219765995304808,-1.1012267456274945,1.8435078083344514,2.80147217650385,-0.9579643681693988
2019-12-10,1.232465053562354,3.232465053562354,-1.1260104832098428,1.851870715196147,2.822488590054686,-0.9706178748585388
2019-12-11,1.2200538239507992,3.220053823950799,-1.1613200660520402,1.8021060412227818,2.804750091627105,-1.002644050404323
2019-12-12,1.2356956229765323,3.2356956229765323,-1.0466793288838545,1.9151632297450676,2.822897104034104,-0.9077338742890366
2019-12-13,1.2152980081064229,3.215298008106423,-1.101369031591517,1.8353275006366132,2.7938491966074652,-0.958521695970852
2019-12-16,1.2254296642938165,3.2254296642938165,-1.036938130244101,1.9019885618800163,2.8058621488574618,-0.9038735869774455
2019-12-17,1.2208487583571497,3.2208487583571497,-1.0231334877872893,1.9023989993283146,2.7980176645860264,-0.8956186652577118
2019-12-18,1.2180918507637841,3.218091850763784,-0.9580771292033337,1.9434188682561349,2.789854213659768,-0.8464353454036333
2019-12-19,1.208277786983615,3.208277786983615,-0.9302736217568501,1.9428985046631775,2.7753491257999907,-0.8324506211368132
2019-12-20,1.210311120535799,3.210311120535799,-0.9288210719998586,1.946731763449595,2.778803275093813,-0.8320715116442179
2019-12-23,1.2234688099540882,3.2234688099540882,-0.9660721076909056,1.9474986257355353,2.799494131434227,-0.8519955056986919
2019-12-24,1.205274574603152,3.205274574603152,-0.9351129867548131,1.9322174711389133,2.7723533660805115,-0.8401358949415982
2019-12-26,1.2075081268506835,3.2075081268506835,-0.9474255713969466,1.9267592246742526,2.7761843597393137,-0.849425135065061
2019-12-27,1.1877927821378904,3.1877927821378904,-0.9208974145850464,1.9063473994952806,2.7458797981536858,-0.8395323986584051
2019-12-30,1.1792920702880707,3.1792920702880707,-0.8671854502487095,1.9262045835314745,2.7324428240803056,-0.8062382405488311
2019-12-31,1.1795869451741083,3.1795869451741083,-0.8319950545707746,1.9541065022497166,2.730030036506848,-0.7759235342571313
2020-01-02,1.1768002700565887,3.1768002700565887,-0.8949373608497897,1.9031409722033648,2.7271914371570403,-0.8240504649536755
2020-01-03,1.163880213638798,3.163880213638798,-0.976666915426776,1.8199150510636468,2.7107113695159266,-0.8907963184522798
2020-01-06,1.1678303558440746,3.1678303558440746,-0.9736743921233426,1.8289184495104776,2.7165140928233824,-0.8875956433129049
2020-01-07,1.168373479223142,3.168373479223142,-0.9480505351404442,1.8488275308454165,2.7152049951663164,-0.8663774643208999
2020-01-08,1.1774211118424738,3.1774211118424738,-0.9100512637427114,1.891485423640155,2.7272974385164326,-0.8358120148762775
2020-01-09,1.1744032004456066,3.1744032004456066,-0.9304941916291947,1.87125049296117,2.724450329141863,-0.8531998361806932
2020-01-10,1.177580625178983,3.177580625178983,-0.9807533536609263,1.8426896741672854,2.7317238823728194,-0.889034208205534
2020-01-13,1.1807612907455969,3.180761290745597,-0.9644957371642064,1.8605124064158174,2.7354155166436134,-0.874903110227796
2020-01-14,1.1797452931206003,3.1797452931206003,-1.006012321053225,1.8292813279698732,2.735801190927084,-0.9065198629572107
2020-01-15,1.1750615522792458,3.175061552279246,-1.0379718586963413,1.7973522879942065,2.730828783222837,-0.9334764952286305
2020-01-16,1.179753295050915,3.179753295050915,-1.0163709607872402,1.8239207787033351,2.7353010527021815,-0.9113802739988464
2020-01-17,1.1698425347976098,3.16984253479761,-0.949579822733603,1.8485795802086136,2.7172642643685685,-0.8686846841599549
2020-01-21,1.1570386921003966,3.1570386921003966,-0.9918405166584545,1.7929411057941895,2.7013944537982058,-0.9084533480040162
2020-01-22,1.1623837471620995,3.1623837471620995,-1.0252403073447205,1.783919075052947,2.7096792973380377,-0.9257602222850907
2020-01-23,1.1596306541873531,3.159630654187353,-1.0723957449108692,1.7455959157946848,2.7074890759933967,-0.961893160198712
2020-01-24,1.1525969533298905,3.1525969533298905,-1.1095718803412744,1.7047977096683713,2.6988022635388202,-0.994004553870449
2020-01-27,1.1363702705649565,3.1363702705649565,-1.1925519874418367,1.6139193904958897,2.6794012579660618,-1.065481867470172
2020-01-28,1.143940757797207,3.143940757797207,-1.1550921110987975,1.6536679131630732,2.690303209711571,-1.0366352965484977
2020-01-29,1.13161350671448,3.13161350671448,-1.196219826428207,1.5998674074103796,2.6755271639292277,-1.0756597565188482
2020-01-30,1.1256226333172492,3.125622633317249,-1.2162345327833801,1.5757054389637608,2.665240603923633,-1.0895351649598723
2020-01-31,1.1011244088385297,3.1011244088385297,-1.2302198232292394,1.51958092071714,2.6285857530747245,-1.1090048323575845
2020-02-03,1.1169825518003051,3.116982551800305,-1.2484305995300247,1.5385586743950745,2.6533039691181552,-1.1147452947230807
2020-02-04,1.130591047096022,3.130591047096022,-1.1819903047924338,1.610446186474287,2.6699320791276593,-1.0594858926533723
2020-02-05,1.137578446569929,3.137578446569929,-1.1266556812729451,1.6626507633432586,2.6769132921537064,-1.0142625288104479
2020-02-06,1.1423038003912538,3.142303800391254,-1.166526081016313,1.644333809161445,2.686447648180649,-1.042113839019204
2020-02-07,1.1309383999468814,3.1309383999468814,-1.207289875331064,1.5940005830932302,2.6709470023379605,-1.0769464192447302
2020-02-10,1.1176009787604357,3.1176009787604357,-1.2092265168349812,1.565929503693111,2.650690440116129,-1.084760936423018
2020-02-11,1.1272464964992999,3.1272464964993,-1.198575308271062,1.591315217700802,2.6652173142797198,-1.0739020965789177
2020-02-12,1.1367498892206633,3.1367498892206633,-1.1598644507524956,1.6380197888782755,2.6772754469602122,-1.0392556580819368
2020-02-13,1.136952340484278,3.136952340484278,-1.1828430816768698,1.6216001752618914,2.6785670743457906,-1.0569668990838992
2020-02-14,1.1330351107134007,3.1330351107134007,-1.2028897691514224,1.60029630519956,2.67322241708188,-1.0729261118823201
2020-02-18,1.1288584952761695,3.1288584952761695,-1.2461640294155867,1.5636236831292671,2.6677846682462567,-1.1041609851169896
2020-02-19,1.1369563293293439,3.136956329329344,-1.2554762979998753,1.5739607815052452,2.6795186146110197,-1.1055578331057745
2020-02-20,1.1298140717711895,3.1298140717711895,-1.3040487091805293,1.5269245261105813,2.670717188216407,-1.1437926621058259
2020-02-21,1.1137464421696741,3.113746442169674,-1.351888597163157,1.4632266793104265,2.647776730221648,-1.1845500509112215
2020-02-24,1.0866392140026662,3.086639214002666,-1.39191417548248,1.3866802831963536,2.6054657341827236,-1.21878545098637
2020-02-25,1.0694724380955414,3.0694724380955414,-1.4246812538042697,1.3333311660096459,2.5781689232482083,-1.2448377572385625
2020-02-26,1.065931195838349,3.065931195838349,-1.4256737104542214,1.3322710669433373,2.569268006013018,-1.236996939069681
2020-02-27,1.046557172309246,3.046557172309246,-1.4183192116158274,1.3044890971008916,2.533449697303847,-1.2289606002029556
2020-02-28,0.9719181469227749,2.971918146922775,-1.4736307954958594,1.138480391375155,2.410546272107063,-1.272065880731908
2020-03-02,0.9619815536351624,2.9619815536351624,-1.481980886087694,1.1162497345244948,2.385440237087338,-1.2691905025628434
2020-03-03,0.905748782384979,2.905748782384979,-1.4491468251818418,1.0395651622105895,2.2831733896840856,-1.243608227473496
2020-03-04,0.8848500182414014,2.8848500182414014,-1.4068515747228894,1.0430515618646952,2.232562478269166,-1.189510916404471
2020-03-05,0.8681464940808041,2.868146494080804,-1.5279799041332538,0.9388586524998915,2.1979267647791416,-1.25906811227925
2020-03-06,0.8801135755506451,2.880113575550645,-1.8046184225105772,0.7830408785375909,2.2205269409438357,-1.4374860624062449
2020-03-09,0.8949858191915077,2.8949858191915077,-2.1224167867953163,0.6070714659380538,2.251639470543867,-1.644568004605813
2020-03-10,0.9112680816565728,2.911268081656573,-1.782907688835751,0.8585468636823335,2.269353645213043,-1.4108067815307097
2020-03-11,0.9601013579334108,2.960101357933411,-1.9469806861416892,0.8550794190903854,2.3499390116506227,-1.4948595925602373
2020-03-12,0.9096617117149854,2.9096617117149854,-1.6510345013669276,0.9552479722209112,2.257567423395003,-1.3023194511740916
2020-03-13,0.9220743848262458,2.922074384826246,-1.5893241995743477,1.0279162738305219,2.280090287944393,-1.2521740141138713
2020-03-16,0.8759091141677224,2.8759091141677224,-1.7710224328015514,0.7976908656915382,2.227111024142229,-1.4294201584506907
2020-03-17,0.8462753652635726,2.8462753652635726,-1.2145768976377713,1.1287927068204096,2.1452348571653244,-1.0164421503449148
2020-03-18,0.8886126021328025,2.8886126021328025,-1.1351785919364303,1.288935166899136,2.1872477117594884,-0.8983125448603524
2020-03-19,0.8319781419987642,2.831978141998764,-1.0481257556695658,1.2398518894393444,2.0944324154991043,-0.8545805260597599
2020-03-20,0.8026889918162325,2.8026889918162325,-1.2602619919269475,1.0346019838552194,2.057767947900148,-1.0231659640449284
2020-03-23,0.7709009578691877,2.7709009578691877,-1.4516800257427835,0.8312334961350254,2.0231351297646363,-1.1919016336296109
2020-03-24,0.8305385131788903,2.8305385131788903,-1.5179728794942307,0.9100348545054021,2.111630470754652,-1.20159561624925
2020-03-25,0.8104363700813515,2.8104363700813515,-1.4418434048410624,0.9357223890264554,2.066981151015913,-1.1312587619894574
2020-03-26,0.7828419304527436,2.7828419304527436,-1.43064977629124,0.8919682415106006,2.02085107968693,-1.1288828381763292
2020-03-27,0.7621093065706894,2.7621093065706894,-1.5192386186922562,0.7819469000520118,1.9984213373122364,-1.2164744372602245
2020-03-30,0.7573926896994259,2.757392689699426,-1.5339355057071025,0.761787995193427,1.9919299513037665,-1.2301419561103395
2020-03-31,0.7355875666096772,2.735587566609677,-1.4415616742319344,0.7738828554889898,1.9598069801350455,-1.1859241246460557
2020-04-01,0.7617760493432435,2.7617760493432435,-1.6511622326950768,0.6856284829930304,2.007208365297776,-1.3215798823047455
2020-04-02,0.7724754304197603,2.7724754304197603,-1.6692475059245062,0.7012141657709092,2.0214931956131954,-1.3202790298422862
2020-04-03,0.7642364128177199,2.76423641281772,-1.6475629584131468,0.6954190062575583,2.0058750215607315,-1.3104560153031732
2020-04-06,0.7780875721017573,2.7780875721017573,-1.6148137106260307,0.7464544622356795,2.025945461545965,-1.2794909993102856
2020-04-07,0.7804667538753911,2.780466753875391,-1.5392183813318567,0.8066836664820709,2.0244212562233455,-1.2177375897412746
2020-04-08,0.7547939968234232,2.754793996823423,-1.418132304133307,0.837973331828884,1.9826966958892256,-1.1447233640603416
2020-04-09,0.734512749843887,2.734512749843887,-1.4175191002710132,0.7903617680486175,1.9560174687990899,-1.1656557007504724
2020-04-13,0.7375267423891891,2.737526742389189,-1.3706464269540408,0.8322781723319733,1.9611829867743493,-1.1289048144423761
2020-04-14,0.722451601547391,2.722451601547391,-1.3431928595155629,0.8212362780915072,1.9348387053490606,-1.1136024272575533
2020-04-15,0.7183809963915486,2.7183809963915486,-1.524560603453489,0.684043103841101,1.9347742374024983,-1.2507311335613973
2020-04-16,0.7360669859857047,2.7360669859857047,-1.6098506422417724,0.6646150623438363,1.963220944620293,-1.2986058822764568
2020-04-17,0.7301006338935814,2.7301006338935814,-1.527058530314294,0.7097070187736665,1.9506611566248768,-1.2409541378512103
2020-04-20,0.7335909345664469,2.733590934566447,-1.5908170047537311,0.6726503553714103,1.9560740309873914,-1.2834236756159811
2020-04-21,0.7482000931412749,2.748200093141275,-1.7047095562717693,0.6253420310264268,1.9819733812838702,-1.3566313502574434
2020-04-22,0.747366016852876,2.747366016852876,-1.6365267673971662,0.6746673931165148,1.9750465353372233,-1.3003791422207085
2020-04-23,0.7557257024563881,2.755725702456388,-1.6938262709350465,0.6515280970819448,1.9908228487602209,-1.339294751678276
2020-04-24,0.7546886838943614,2.7546886838943614,-1.6959990295703005,0.649675706345223,1.9880723795578341,-1.3383966732126111
2020-04-27,0.7541091112901164,2.7541091112901164,-1.6046863588083227,0.7117330580525949,1.983231379303484,-1.271498321250889
2020-04-28,0.7543236001867584,2.7543236001867584,-1.6807544521078537,0.6594649331249636,1.9868179530292058,-1.3273530199042423
2020-04-29,0.7479244861234271,2.747924486123427,-1.6551866575025667,0.6646514452314289,1.9785434862147535,-1.3138920409833246
2020-04-30,0.7395651708071469,2.739565170807147,-1.6009836843020082,0.6842948250387626,1.963612171063532,-1.2793173460247693
2020-05-01,0.7500792853684004,2.7500792853684004,-1.6400168538878876,0.6785875886868931,1.9823610812302384,-1.3037734925433453
2020-05-04,0.7416220438367667,2.7416220438367667,-1.621565192589168,0.6760748564301589,1.9666288961168235,-1.2905540396866646
2020-05-05,0.7400907685990248,2.740090768599025,-1.5925868055249808,0.6914703412531742,1.964834612457625,-1.2733642712044508
2020-05-06,0.7189919017871844,2.7189919017871844,-1.4428683064169228,0.7531963978022005,1.9257985754781461,-1.1726021776759457
2020-05-07,0.7106487585373706,2.7106487585373706,-1.564696293719436,0.6524711308511622,1.9186829092029192,-1.266211778351757
2020-05-08,0.7062669333158951,2.706266933315895,-1.4614591719962373,0.7121455101106389,1.9088682688561898,-1.196722758745551
2020-05-11,0.7088929078711281,2.708892907871128,-1.421204765803786,0.7444892803279901,1.9110102875296024,-1.1665210072016123
2020-05-12,0.7116498680264094,2.7116498680264094,-1.4833351473758967,0.7073939423482734,1.917831707034768,-1.2104377646864946
2020-05-13,0.7128358174331488,2.712835817433149,-1.545575770061106,0.6663290333599559,1.9233898107753933,-1.2570607774154374
2020-05-14,0.7164582989054473,2.7164582989054473,-1.583100280120794,0.6494019547896024,1.9294147136039277,-1.2800127588143253
2020-05-15,0.7071337053179256,2.7071337053179256,-1.5176714498561754,0.674126155518503,1.9146284576534118,-1.2405023021349089
2020-05-18,0.7112415604807225,2.7112415604807225,-1.4091523628767693,0.7583911830932655,1.9145867931546219,-1.1561956100613564
2020-05-19,0.6997375510076296,2.6997375510076296,-1.4108700010136488,0.7317663968183907,1.8978471389308786,-1.166080742112488
2020-05-20,0.7045017572971872,2.7045017572971872,-1.457910024359876,0.7086416048022426,1.9077090234866505,-1.199067418684408
2020-05-21,0.7105337139654004,2.7105337139654004,-1.4884020814430912,0.7010142038352396,1.916931509363703,-1.2159173055284633
2020-05-22,0.7159273081435913,2.7159273081435913,-1.5445349536573154,0.6728860681616478,1.9271743730748514,-1.2542883049132036
2020-05-26,0.7053612846678732,2.705361284667873,-1.4491525896057116,0.716175566608831,1.9078250184868297,-1.1916494518779988
2020-05-27,0.7097067172976814,2.7097067172976814,-1.4880268913552737,0.6950383551605077,1.9178233038410002,-1.2227849486804925
2020-05-28,0.7037309690386699,2.70373096903867,-1.4368377433907877,0.7189994533184363,1.9076132377181816,-1.1886137843997453
2020-05-29,0.6992708359156374,2.6992708359156374,-1.4911447729827412,0.6699674101713216,1.905529861483758,-1.2355624513124364
2020-06-01,0.6952911769606835,2.6952911769606835,-1.4632530298445694,0.6803100719479527,1.8979067999416555,-1.2175967279937028
2020-06-02,0.6984281730232276,2.6984281730232276,-1.446550955020717,0.6986917515289592,1.9020858462845185,-1.2033940947555593
2020-06-03,0.7012447798832078,2.7012447798832078,-1.3323178903235888,0.7833637768990676,1.9017193024600136,-1.118355525560946
2020-06-04,0.6912411473883999,2.6912411473884,-1.2261121326045483,0.8391432919329611,1.8806007716278383,-1.0414574796948772
2020-06-05,0.698526377048335,2.698526377048335,-1.1195615337357605,0.9312062696314294,1.8864005766634655,-0.9551943070320361
2020-06-08,0.6964825448433594,2.6964825448433594,-1.1480637447765947,0.9025815503331441,1.8859214239546906,-0.9833398736215465
2020-06-09,0.6908746254175568,2.690874625417557,-1.2025989093294012,0.8527859445500469,1.8807090325673386,-1.0279230880172916
2020-06-10,0.6779733758795281,2.677973375879528,-1.280812742879938,0.7674523961618418,1.8675665963904253,-1.1001142002285835
2020-06-11,0.7072490368739004,2.7072490368739004,-1.5028287755487462,0.6749302844636884,1.9186103011690252,-1.2436800167053368
2020-06-12,0.6961907982140687,2.6961907982140687,-1.4072953419197987,0.7179334903544743,1.8987037312607402,-1.180770240906266
2020-06-15,0.6965959243876583,2.6965959243876583,-1.4069335633259819,0.7206629518245777,1.898368731019913,-1.1777057791953354
2020-06-16,0.6851641203649201,2.68516412036492,-1.3089281034015947,0.7626708046591923,1.877747234843955,-1.1150764301847627
2020-06-17,0.6894412958193996,2.6894412958193996,-1.3473540415065504,0.745569716944815,1.8855627357791342,-1.1399930188343192
2020-06-18,0.7010942016133725,2.7010942016133725,-1.4354389267225223,0.7103542338546998,1.9049934741457764,-1.1946392402910766
2020-06-19,0.7010413800168074,2.7010413800168074,-1.4391386253567298,0.7083555444776279,1.9052335454920102,-1.1968780010143822
2020-06-22,0.7001483905580486,2.7001483905580486,-1.4260393646971377,0.7157708015477637,1.9029696251922372,-1.1871988236444735
2020-06-23,0.6940789684267834,2.6940789684267834,-1.3976737991119315,0.7220472112474063,1.8932419233541065,-1.1711947121067001
2020-06-24,0.699897348458336,2.699897348458336,-1.465155347236207,0.689638469858801,1.9029895175373426,-1.2133510476785416
2020-06-25,0.7028330976285808,2.702833097628581,-1.4740822649399234,0.6898851418989493,1.9082646997481996,-1.2183795578492502
2020-06-26,0.7003307555231828,2.700330755523183,-1.5222255609227986,0.6515709075179388,1.906693323339298,-1.2551224158213592
2020-06-29,0.6901172171417933,2.6901172171417933,-1.5009542482634615,0.6434754874294635,1.892143157952061,-1.2486676705225974
2020-06-30,0.6851870409140766,2.6851870409140766,-1.4509911370902042,0.6689402053251003,1.8819342570158009,-1.2129940516907005
2020-07-01,0.6920580815282946,2.6920580815282946,-1.4334836127646557,0.6959196426103287,1.8917588135996304,-1.1958391709893017
2020-07-02,0.6857189196969102,2.6857189196969102,-1.4327845610245866,0.6827070454630368,1.8829547695367415,-1.2002477240737046
2020-07-06,0.6858455540549677,2.6858455540549677,-1.4127549066534293,0.6966142982401413,1.8812178157178787,-1.1846035174777374
2020-07-07,0.6936302115345008,2.6936302115345008,-1.502428716916171,0.6501628641747947,1.8966162702390688,-1.246453406064274
2020-07-08,0.6910158616831517,2.6910158616831517,-1.475133541787871,0.6643809298596426,1.8919634557785991,-1.2275825259189566
2020-07-09,0.7025496513600977,2.7025496513600977,-1.5807815562853733,0.6160602027842776,1.9129723132992753,-1.2969121105149977
2020-07-10,0.7033764704787053,2.7033764704787053,-1.5341233925774187,0.6526959992176451,1.9110542668416475,-1.2583582676240024
2020-07-13,0.701505555957656,2.701505555957656,-1.5440599380550672,0.6406605505663077,1.908833056153506,-1.2681725055871984
2020-07-14,0.7039116274700881,2.703911627470088,-1.5755622368546778,0.6240056307704644,1.913141690012392,-1.2891360592419276
2020-07-15,0.6965007240629966,2.6965007240629966,-1.5340163559610165,0.6372250200577123,1.9001562205686777,-1.2629312005109654
2020-07-16,0.6985318737995669,2.698531873799567,-1.5626452305127234,0.6227531163591649,1.9035726627880312,-1.2808195464288663
2020-07-17,0.696325628405674,2.696325628405674,-1.537221084184477,0.6367932494173145,1.8984076886927097,-1.2616144392753952
2020-07-20,0.7017143870850724,2.7017143870850724,-1.571041209760983,0.6238210886338735,1.908189349050351,-1.2843682604164774
2020-07-21,0.6990763714812935,2.6990763714812935,-1.5856829907563643,0.6082601715534497,1.9049166369368493,-1.2966564653833996
2020-07-22,0.7036705445068243,2.7036705445068243,-1.6091553787230009,0.6012797335713105,1.9125837504759393,-1.3113040169046288
2020-07-23,0.710844672292307,2.710844672292307,-1.6527911532561426,0.585665809003103,1.9255248386081503,-1.3398590296050472
2020-07-24,0.709012076111474,2.709012076111474,-1.6391089243636436,0.5925011466377195,1.9218132851875191,-1.3293121385497997
2020-07-27,0.7098996021339339,2.709899602133934,-1.6087669412975085,0.615299762890309,1.9211378593542412,-1.3058380964639322
2020-07-28,0.7077656850435616,2.7077656850435616,-1.654880881363061,0.5796466646498066,1.919637553674334,-1.3399908890245273
2020-07-29,0.6963869173283399,2.69638691732834,-1.6208250166675597,0.5789981940324529,1.9020220259069989,-1.323023831874546
2020-07-30,0.6994735466556108,2.699473546655611,-1.68237968681529,0.5437714286016915,1.9088004748811194,-1.365029046279428
2020-07-31,0.691835218401561,2.691835218401561,-1.6626461666956533,0.5409327586669066,1.8975981468931185,-1.3566653882262119
2020-08-03,0.6862611622592425,2.6862611622592425,-1.6260320554064958,0.554737240066252,1.886928038067091,-1.332190798000839
2020-08-04,0.6914543245303335,2.6914543245303335,-1.7073177547077822,0.5079001551006235,1.898850699662699,-1.3909505445620756
2020-08-05,0.6921420641229865,2.6921420641229865,-1.6576503452223168,0.5438789791392262,1.8980901312915943,-1.354211152152368
2020-08-06,0.6940553812098926,2.6940553812098926,-1.6778645113449908,0.5337485080703697,1.9012627162261322,-1.3675142081557625
2020-08-07,0.6933132573826484,2.6933132573826484,-1.6363097825177526,0.5609127257835556,1.8976947074910167,-1.336781981707461
2020-08-10,0.6913539097307755,2.6913539097307755,-1.607018636728231,0.5766333366436727,1.894170748042479,-1.3175374113988063
2020-08-11,0.6910140152745683,2.6910140152745683,-1.5251966457235557,0.6318102086035127,1.890640249246529,-1.2588300406430164
2020-08-12,0.6886424914786247,2.6886424914786247,-1.455757190681922,0.675848345243838,1.883629034248187,-1.207780689004349
2020-08-13,0.6888781038161085,2.6888781038161085,-1.4158202635130088,0.7047037869832096,1.8814922136984913,-1.1767884267152817
2020-08-14,0.6766775096351072,2.676677509635107,-1.3824652180545431,0.7019352028345716,1.8625007693507545,-1.160565566516183
2020-08-17,0.6789444002581373,2.6789444002581373,-1.427014939062282,0.6752311742028205,1.8668333018840237,-1.1916021276812032
2020-08-18,0.6794257164241735,2.6794257164241735,-1.4514028258623366,0.6600289130633974,1.8691010047934769,-1.2090720917300795
2020-08-19,0.6742671002712708,2.674267100271271,-1.4186727906630203,0.6722731498848322,1.8596351415121437,-1.1873619916273115
2020-08-20,0.6818596805830701,2.68185968058307,-1.4902021131380856,0.6387786154434261,1.8742539307215589,-1.2354753152781328
2020-08-21,0.6879518804966622,2.6879518804966622,-1.5225104923748383,0.6282425042405915,1.8847866112989369,-1.2565441070583454
2020-08-24,0.6901446757845164,2.6901446757845164,-1.5096053330398416,0.6414806757587055,1.8873012853182236,-1.2458206095595181
2020-08-25,0.6822127896512242,2.6822127896512242,-1.431932356817196,0.6788514880429597,1.8726740152145231,-1.1938225271715635
2020-08-26,0.6772843192960956,2.6772843192960956,-1.4063770731637533,0.6849741731914905,1.8646399997553464,-1.179665826563856
2020-08-27,0.6636168012067554,2.6636168012067554,-1.288350650153827,0.7383641704715393,1.8383328485679395,-1.0999686780964002
2020-08-28,0.6423668718451658,2.642366871845166,-1.2245414757086852,0.737724823802206,1.8050979686057516,-1.0673731448035455
2020-08-31,0.646120314502479,2.646120314502479,-1.2656265178138533,0.7168927727421726,1.8127826480840248,-1.0958898753418522
2020-09-01,0.6548941659314895,2.6548941659314895,-1.3572844129336428,0.6720657903077099,1.8292176110825935,-1.1571518207748837
2020-09-02,0.6670552694131686,2.6670552694131686,-1.4240098199080027,0.6510791616931055,1.8506946794592454,-1.1996155177661398
2020-09-03,0.6691757215402312,2.669175721540231,-1.4802832826926213,0.6165650625512609,1.856058195244658,-1.2394931326933971
2020-09-04,0.6689340114921389,2.668934011492139,-1.3471237437797274,0.709732670030403,1.8485715089818844,-1.1388388389514814
2020-09-08,0.6651220731830456,2.6651220731830456,-1.3787213329584027,0.6781517227071787,1.8452757610258945,-1.1671240383187158
2020-09-09,0.6614750371021287,2.6614750371021287,-1.3481331453401726,0.6912082865444569,1.8389442039092145,-1.1477359173647577
2020-09-10,0.6623071563194802,2.6623071563194802,-1.384571034141965,0.6683391692241991,1.8416379298070733,-1.1732987605828742
2020-09-11,0.6594397026323584,2.6594397026323584,-1.3874883276026022,0.6601694428814564,1.837884009067932,-1.1777145661864756
2020-09-14,0.6638925028064904,2.6638925028064904,-1.3967491395423313,0.6633243859804094,1.8444083246230702,-1.1810839386426608
2020-09-15,0.6657071655868894,2.6657071655868894,-1.4050968620465607,0.6628070872018521,1.8460042732253246,-1.1831971860234725
2020-09-16,0.6640083879318972,2.664008387931897,-1.3774302783553516,0.677696787741654,1.8434590372453907,-1.1657622495037367
2020-09-17,0.6645186558097986,2.6645186558097986,-1.3821989329689455,0.6770998436292486,1.8436887745189257,-1.166588930889677
2020-09-18,0.6621945911054574,2.6621945911054574,-1.3578106545291266,0.6887521846759748,1.8386940547054997,-1.149941870029525
2020-09-21,0.6648928183255656,2.6648928183255656,-1.3981655808813915,0.6657850867882886,1.844518733458731,-1.1787336466704423
2020-09-22,0.6617500901208277,2.6617500901208277,-1.3939083035294537,0.6623180111274529,1.8397469012097782,-1.1774288900823253
2020-09-23,0.6657802063600169,2.665780206360017,-1.4032251842604193,0.6643361190107777,1.845984465295966,-1.1816483462851883
2020-09-24,0.6702189909177321,2.670218990917732,-1.4318949771804181,0.6548425671542579,1.8538391358902144,-1.1989965687359565
2020-09-25,0.6672642364405323,2.6672642364405323,-1.4339583640114935,0.6472267307398372,1.8494947940374329,-1.2022680632975957
2020-09-28,0.6648115635651095,2.6648115635651095,-1.42065700211214,0.6509831955504286,1.8452905427916315,-1.194307347241203
2020-09-29,0.6621898477685253,2.6621898477685253,-1.4259522068973567,0.6411191471539313,1.8421472785685615,-1.2010281314146303
2020-09-30,0.6603547108179928,2.660354710817993,-1.3744396358780495,0.6740201791320233,1.8362465213832007,-1.1622263422511774
2020-10-01,0.6628979938780812,2.6628979938780812,-1.393098363059666,0.6656888239513781,1.8411830801455003,-1.1754942561941222
2020-10-02,0.6616631091094245,2.6616631091094245,-1.358910565676691,0.6876968635049363,1.837434248897436,-1.1497373853924997
2020-10-05,0.6575734908546789,2.657573490854679,-1.2303647942756797,0.7700437513753977,1.8249191829475413,-1.0548754315721436
2020-10-06,0.6569617341236054,2.6569617341236054,-1.2573525519940691,0.74835802771688,1.825645006398271,-1.077286978681391
2020-10-07,0.6588085728974296,2.6588085728974296,-1.2011460258592006,0.7927840264972874,1.8248495729312109,-1.0320655464339235
2020-10-08,0.6531789549831473,2.6531789549831473,-1.2210688071065654,0.7675144173659998,1.8183616748755338,-1.050847257509534
2020-10-09,0.6610381664401821,2.661038166440182,-1.2270766091652892,0.7786946271011896,1.830864407543376,-1.0521697804421863
2020-10-13,0.6581846824990407,2.6581846824990407,-1.2883054519007882,0.7301039526581976,1.8288548132434657,-1.098750860585268
2020-10-14,0.6603486071112865,2.6603486071112865,-1.3102140559568003,0.7194954383022034,1.8330866365252845,-1.113591198223081
2020-10-15,0.6618300707028464,2.6618300707028464,-1.2935155225596624,0.7352151726955369,1.8343792465635667,-1.0991640738680297
2020-10-16,0.6620948843035404,2.6620948843035404,-1.2821181162152904,0.7446813941725461,1.8337372066902318,-1.0890558125176857
2020-10-19,0.6599411897820513,2.6599411897820513,-1.2415290559060335,0.7676699427856637,1.8298585549453772,-1.0621886121597135
2020-10-20,0.6506961307780657,2.6506961307780657,-1.1657727762891703,0.8012851942689658,1.8120076217209968,-1.010722427452031
2020-10-21,0.64858046828029,2.64858046828029,-1.1280734460440716,0.8232671370099098,1.8074095966041048,-0.984142459594195
2020-10-22,0.6462752619113701,2.64627526191137,-1.0619415061451818,0.8659964023541389,1.8004908491230647,-0.9344944467689258
2020-10-23,0.6507789248869447,2.6507789248869447,-1.100976718399128,0.8478809066981585,1.8088830835198138,-0.9610021768216552
2020-10-26,0.6535642564689805,2.6535642564689805,-1.164408890230387,0.8099559188785133,1.8155051692807644,-1.0055492504022512
2020-10-27,0.6546678724714141,2.654667872471414,-1.2027034752154417,0.7850662640355577,1.8185028548903381,-1.0334365908547805
2020-10-28,0.6545127517210005,2.6545127517210005,-1.19877545844348,0.7864372258892305,1.819396490130129,-1.0329592642408985
2020-10-29,0.649131655896074,2.649131655896074,-1.093176902109814,0.8506419132615939,1.8066073432540453,-0.9559654299924514
2020-10-30,0.6403529346449162,2.640352934644916,-1.012482642129834,0.8886297941597515,1.7901268572978069,-0.9014970631380553
2020-11-02,0.6442098888468575,2.6442098888468575,-1.0484308195846648,0.8711540797582595,1.7971532977269566,-0.9259992179686971
2020-11-03,0.6424099611298981,2.642409961129898,-0.9994113865366341,0.9009597078248294,1.7928372529941365,-0.8918775451693072
2020-11-04,0.6504186869132429,2.650418686913243,-1.196182352559262,0.7786023320889424,1.813959711758009,-1.0353573796690667
2020-11-05,0.6565544471870659,2.656554447187066,-1.2119871041991104,0.7809947333395495,1.8232724226539958,-1.0422776893144463
2020-11-06,0.6525023917500512,2.652502391750051,-1.136248667937103,0.8273437595440319,1.8118105871691264,-0.9844668276250944
2020-11-09,0.647581604256386,2.647581604256386,-0.9365794646858951,0.9568959184804671,1.7951010013853064,-0.8382050829048393
2020-11-10,0.6484848004643702,2.64848480046437,-0.9021588844609889,0.9835101109524758,1.795038085961611,-0.8115279750091353
2020-11-12,0.6570296073257733,2.6570296073257733,-1.0847890450810862,0.8731064339418426,1.8158674401605406,-0.942761006218698
2020-11-13,0.6563891524105347,2.6563891524105347,-1.0609658304352703,0.8887600485261993,1.8135740534913136,-0.9248140049651143
2020-11-16,0.6529016569361019,2.652901656936102,-1.0307574348378754,0.9029474941446386,1.8066652299111385,-0.9037177357664999
2020-11-17,0.6553201887779974,2.6553201887779974,-1.0991358037318282,0.8591138691112776,1.8137025624411474,-0.9545886933298697
2020-11-18,0.6579438099252428,2.657943809925243,-1.0859182566942494,0.8761604586252375,1.81566628909061,-0.9395058304653724
2020-11-19,0.6618451062437778,2.661845106243778,-1.134844623142957,0.8511140257298805,1.8232241705221823,-0.9721101447923018
2020-11-20,0.6670081954767308,2.667008195476731,-1.1827668572240082,0.830029348777494,1.8326306731763875,-1.0026013243988934
2020-11-23,0.662349400911534,2.662349400911534,-1.1344817171308463,0.8549581541480145,1.8227413352403088,-0.9677831810922943
2020-11-24,0.6532717237016605,2.6532717237016605,-1.0699509770258686,0.8802656776532586,1.8069739165299348,-0.9267082388766762
2020-11-25,0.6481953638766793,2.6481953638766793,-1.0499245910145785,0.8823944717006071,1.7994619014989899,-0.9170674297983827
2020-11-27,0.652462485608531,2.652462485608531,-1.1185151052382558,0.840714065257262,1.8119349667817664,-0.9712209015245044
2020-11-30,0.6463522410122682,2.646352241012268,-1.094851612486071,0.8462854822919424,1.800196218256294,-0.9539107359643516
2020-12-01,0.6449695491616687,2.6449695491616687,-0.9731295888585398,0.9289408915600694,1.7920370316830125,-0.8630961401229431
2020-12-02,0.6335479093412602,2.63354790934126,-0.8987889059178134,0.9565253364021109,1.7718087428339413,-0.8152834064318304
2020-12-03,0.635376830275522,2.635376830275522,-0.9477341048818388,0.9264683489517395,1.7767571254676278,-0.8502887765158883
2020-12-04,0.623104165767181,2.623104165767181,-0.8402252353775168,0.9767766484709672,1.7529520664075775,-0.7761754179366103
2020-12-07,0.6212671567617107,2.6212671567617107,-0.8914137568325273,0.9360238293688222,1.7528979477030109,-0.8168741183341887
2020-12-08,0.6286699376760065,2.6286699376760065,-0.9446764613736027,0.9158528640059443,1.764968851059523,-0.8491159870535786
2020-12-09,0.6295269419351097,2.6295269419351097,-0.9107319767736204,0.9404116320819628,1.7655534951272671,-0.8251418630453043
2020-12-10,0.6275310944472707,2.6275310944472707,-0.9479907080304422,0.9109916869054524,1.7644088573980166,-0.8534171704925642
2020-12-11,0.6177074075099114,2.6177074075099114,-0.9418910410258947,0.8949294324499352,1.7497911505559305,-0.8548617181059953
2020-12-14,0.6142556365284513,2.6142556365284513,-0.9275123259827831,0.8973579051144281,1.7442114301263083,-0.8468535250118802
2020-12-15,0.6125899802648593,2.6125899802648593,-0.8918025458978551,0.9192248825653082,1.74022327668146,-0.8209983941161518
2020-12-16,0.6097275649181544,2.6097275649181544,-0.879113647615342,0.9204545267721531,1.7361046332552676,-0.8156501064831145
2020-12-17,0.6106424423096293,2.6106424423096293,-0.8637978212481805,0.9338496397492174,1.7356480616245507,-0.8017984218753332
2020-12-18,0.605401631370075,2.605401631370075,-0.8280258404494525,0.947865378414976,1.7265147588470746,-0.7786493804320986
2020-12-21,0.607587272556648,2.607587272556648,-0.8337879109400097,0.948903253350884,1.7297899239937498,-0.7808866706428658
2020-12-22,0.6070042411188936,2.6070042411188936,-0.8680703318745211,0.9226876293751007,1.7313416817930394,-0.8086540524179386
2020-12-23,0.5982323798627824,2.5982323798627824,-0.7839085583202543,0.9625976604386061,1.7151817024787457,-0.7525840420401396
2020-12-24,0.6039508166939775,2.6039508166939775,-0.8375368250666968,0.9359438820698507,1.7264995259548925,-0.7905556438850418
2020-12-28,0.6035068118523501,2.60350681185235,-0.8331632384740368,0.937696951264334,1.7260690052866061,-0.7883720540222721
2020-12-29,0.6015757677585611,2.601575767758561,-0.8216280012425248,0.9416304295649408,1.7223591921143688,-0.780728762549428
2020-12-30,0.6010012777028528,2.601001277702853,-0.8303275384423996,0.933242107975733,1.7231908918455274,-0.7899487838697944
2020-12-31,0.6015008132730095,2.6015008132730095,-0.8458705150203345,0.9246088812973785,1.7236982677841355,-0.799089386486757
2021-01-04,0.595382235209339,2.595382235209339,-0.8334783174800231,0.9208304904622583,1.7130538800443196,-0.7922233895820613
2021-01-05,0.5927556622257519,2.592755662225752,-0.7809451180274101,0.951990606234065,1.706624309556627,-0.754633703322562
2021-01-06,0.5889463226737846,2.5889463226737846,-0.6374744220575987,1.0439439454568766,1.694336285840508,-0.6503923403836314
2021-01-07,0.5868929531035736,2.5868929531035736,-0.566680330250124,1.0919001199911116,1.6874044623705136,-0.595504342379402
2021-01-08,0.587336947586909,2.587336947586909,-0.5062740828029701,1.1381294409764553,1.6840495165079787,-0.5459200755315234
2021-01-11,0.5853373485150861,2.585337348515086,-0.463856021380348,1.163012306390997,1.6802997667794632,-0.5172874603884663
2021-01-12,0.5839487848933569,2.583948784893357,-0.4637354673890579,1.1611379414681633,1.6774722635439236,-0.5163343220757604
2021-01-13,0.5926729621777049,2.592672962177705,-0.5601715299396695,1.1110981211594466,1.6951186729196126,-0.584020551760166
2021-01-14,0.5764277941615532,2.576427794161553,-0.4356430186917599,1.1618784543227212,1.6666113419257582,-0.504732887603037
2021-01-15,0.5748384251842538,2.5748384251842538,-0.49536406542208233,1.1175569653566397,1.6655370999988677,-0.547980134642228
2021-01-19,0.5701779228566082,2.570177922856608,-0.48575063680216335,1.1141871403254338,1.658952987994502,-0.5447658476690682
2021-01-20,0.5710385228913388,2.571038522891339,-0.49601272706635324,1.109537062920336,1.6600001674591613,-0.5504631045388253
2021-01-21,0.5607826450149069,2.560782645014907,-0.42968161631558033,1.133900450717945,1.642351440241543,-0.5084509895235978
2021-01-22,0.5636552342329555,2.5636552342329555,-0.47169324173137905,1.1099867934615015,1.6486455779078328,-0.5386587844463313
2021-01-25,0.5711156196562222,2.571115619656222,-0.5699930492911012,1.056396955598891,1.663541295625116,-0.6071443400262251
2021-01-26,0.5725467715279198,2.5725467715279198,-0.5747186294073661,1.0575590342179035,1.664952973343467,-0.6073939391255634
2021-01-27,0.5756262703931263,2.5756262703931263,-0.6052936324187286,1.0409390825455533,1.6719403668587933,-0.63100128431324
2021-01-28,0.5727236326950162,2.5727236326950162,-0.5532430793252274,1.0721030637295241,1.6648564650846347,-0.5927534013551106
2021-01-29,0.5632927506444894,2.5632927506444894,-0.44889077303853586,1.126752656595828,1.646213935279394,-0.5194612786835662
2021-02-01,0.5562999194470244,2.5562999194470244,-0.46439532610448797,1.0995269174630578,1.6372917059787588,-0.5377647885157011
2021-02-02,0.5565356353870943,2.5565356353870943,-0.420724466666079,1.1311506267474363,1.6353868847119502,-0.5042362579645139
2021-02-03,0.553204834499196,2.553204834499196,-0.367382238930543,1.162336550374875,1.627435214626869,-0.46509866425199387
2021-02-04,0.5496366504794707,2.5496366504794707,-0.35133823462260594,1.167552771923675,1.6194807119734138,-0.4519279400497389
2021-02-05,0.5362475266281308,2.536247526628131,-0.26396255931833723,1.20126556358144,1.594733124167546,-0.393467560586106
2021-02-08,0.54684213820655,2.54684213820655,-0.29720514198625114,1.2000314359115005,1.6128187106001324,-0.41278727468863186
2021-02-09,0.5480825233118729,2.548082523311873,-0.3122694160368136,1.191566090637124,1.6151433945543903,-0.42357730391726633
2021-02-10,0.5476567710205984,2.5476567710205984,-0.358364918683324,1.158048895818125,1.616211187153444,-0.45816229133531894
2021-02-11,0.5446255027661042,2.544625502766104,-0.3297449291179655,1.1713400837828007,1.6112531950531883,-0.43991311127038757
2021-02-12,0.5370529872473178,2.5370529872473178,-0.22656650084847474,1.22865141829312,1.5952669364948473,-0.3666155182017272
2021-02-16,0.5396776852312879,2.539677685231288,-0.08996701083578484,1.3337248354872027,1.591665269580566,-0.2579404340933633
2021-02-17,0.5360061219660981,2.536006121966098,-0.07537416045354828,1.338578964297339,1.5853243381852815,-0.2467453738879426
2021-02-18,0.5318524145496486,2.5318524145496486,-0.06707873364684014,1.3350626454197911,1.5790317017603288,-0.24396905634053767
2021-02-19,0.5227982162840608,2.5227982162840608,0.04587875137198494,1.3966554655516177,1.5593677730181132,-0.16271230746649556
2021-02-22,0.5206817177507563,2.5206817177507563,0.08926657369045476,1.422645379183698,1.5532910957307027,-0.13064571654700474
2021-02-23,0.5126836111698303,2.5126836111698303,0.11413140621972873,1.421113316081532,1.5412496834297784,-0.12013636734824651
2021-02-24,0.519948162996025,2.519948162996025,0.11976640252629656,1.4408620322025478,1.5512238982379594,-0.11036186603541154
2021-02-25,0.5751955548230754,2.5751955548230754,0.21587063351945024,1.636348463908296,1.6253467600920517,0.011001703816244213
2021-02-26,0.5825643203382747,2.5825643203382747,0.0595436298605867,1.5438153103658296,1.6449321838504598,-0.10111687348463017
2021-03-01,0.5484038712476984,2.5484038712476984,0.17027386138263068,1.5455504506840068,1.590838085215378,-0.0452876345313713
2021-03-02,0.539406086551347,2.539406086551347,0.14269723811863,1.5037505910271487,1.5790268677804713,-0.0752762767533226
2021-03-03,0.5481438305913748,2.548143830591375,0.2030739974232303,1.566195710350398,1.5884273681120513,-0.022231657761653256
2021-03-04,0.5430801461500057,2.5430801461500057,0.3362352840274043,1.6519630801710572,1.5740592237612387,0.07790385640981845
2021-03-05,0.5523632464043153,2.5523632464043153,0.3251008507107733,1.666050174561221,1.58831615271673,0.07773402184449107
2021-03-08,0.5753820826632392,2.575382082663239,0.30547514829741407,1.7058503104991884,1.6209450806509644,0.08490522984822402
2021-03-09,0.5798813473066353,2.5798813473066353,0.21683574849705622,1.650881359272645,1.6318797562889165,0.01900160298372855
2021-03-10,0.570647869601455,2.570647869601455,0.2073125498497128,1.622431540814238,1.619993703005384,0.002437837808854093
2021-03-11,0.5563566425926272,2.556356642592627,0.26764552937075803,1.634329914887113,1.5964840649244427,0.037845849962670375
2021-03-12,0.5483650042783843,2.5483650042783843,0.45644216003264937,1.7530276436093277,1.5744952999151545,0.17853234369417326
2021-03-15,0.5521424279240961,2.552142427924096,0.41111733697947583,1.7302023003724991,1.58104471135033,0.14915758902216902
2021-03-16,0.5430014237918073,2.5430014237918073,0.43931781045491425,1.7298281362711176,1.5662972024366906,0.16353093383442707
2021-03-17,0.5111690575410659,2.511169057541066,0.5578381892565056,1.741604378123044,1.5162339372654565,0.2253704408575874
2021-03-18,0.5168904304535769,2.516890430453577,0.6595421621095436,1.829505622726324,1.5180963313797202,0.3114092913466038
2021-03-19,0.5250697205696948,2.525069720569695,0.6788133865433852,1.863973008844873,1.528916880953829,0.335056127891044
2021-03-22,0.533158234291637,2.533158234291637,0.5722505238358435,1.8068602527673188,1.5443408557585236,0.2625193970087951
2021-03-23,0.5339224157887674,2.5339224157887674,0.487531380635974,1.7465617378932168,1.550171349281808,0.19639038861140867
2021-03-24,0.536028197736929,2.536028197736929,0.45365547590270894,1.7276036586880417,1.554794932032617,0.17280872665542457
2021-03-25,0.5259463867084584,2.5259463867084584,0.5067812777812775,1.743001858079486,1.53782012456599,0.205181733513496
2021-03-26,0.5286662836008542,2.528666283600854,0.5603212605238708,1.7887248432117524,1.5386608358866254,0.250064007325127
2021-03-29,0.5301562234517618,2.530156223451762,0.6364104951853804,1.8472270314169104,1.5380339637762164,0.309193067640694
2021-03-30,0.5409524585571948,2.5409524585571948,0.6051194391686043,1.8504493817114953,1.5546841264982614,0.29576525521323394
2021-03-31,0.5487770178531246,2.5487770178531246,0.6048740252266938,1.86731148412849,1.5656692892142559,0.30164219491423405
2021-04-01,0.5662407308571602,2.56624073085716,0.46937030268937496,1.8093869951209733,1.59739371671356,0.21199327840741344
2021-04-02,0.5966136176292949,2.596613617629295,0.42377132367733106,1.843395668677562,1.6444179815886033,0.1989776870889588
2021-04-05,0.5724096855997427,2.5724096855997427,0.5018147757414553,1.8465626081225384,1.6038537917807576,0.24270881634178076
2021-04-06,0.5546617392921291,2.554661739292129,0.4710739287493768,1.7827975474951774,1.580128920301127,0.20266862719405032
2021-04-07,0.5457078409180571,2.545707840918057,0.5147514693422515,1.7937218331567577,1.5652266382131157,0.228495194943642
2021-04-08,0.5482038696624087,2.5482038696624087,0.4399214974919008,1.746017269453774,1.572498065742749,0.17351920371102492
2021-04-09,0.5576366771519972,2.557636677151997,0.45056098902236874,1.7749555626582185,1.5853308690371308,0.1896246936210877
2021-04-12,0.5674954797690557,2.5674954797690557,0.43792416998309314,1.7871247311378573,1.6001933471434515,0.1869313839944058
2021-04-13,0.5572195861820219,2.557219586182022,0.4020206914914892,1.737269147288829,1.588385779113413,0.14888336817541603
2021-04-14,0.5627893396946142,2.562789339694614,0.3977871087780902,1.748981240582928,1.5938559332356572,0.1551253073472707
2021-04-15,0.5647432646403061,2.564743264640306,0.2654438934040211,1.6569164483031995,1.6046845549706867,0.05223189333251277
2021-04-16,0.5684723365249287,2.5684723365249287,0.30306017756403403,1.6908088675022508,1.6087741930747583,0.08203467442749246
2021-04-19,0.5587406262370997,2.5587406262370997,0.37250065062302595,1.7193832759536698,1.5915953426137768,0.12778793333989302
2021-04-20,0.5545284461168745,2.5545284461168745,0.33334438314405235,1.6808839290632909,1.5882524036748829,0.09263152538840802
2021-04-21,0.5548238381195301,2.55482383811953,0.32036404660233386,1.672638018818693,1.5892193790144338,0.08341863980425912
2021-04-22,0.5594436501999258,2.559443650199926,0.29605179004971416,1.6661705953233275,1.5968381822830906,0.06933241304023685
2021-04-23,0.5678168379120727,2.5678168379120727,0.292170667171159,1.682642994323687,1.6076318577550168,0.07501113656867009
2021-04-26,0.5782756738354102,2.5782756738354102,0.25897388887752393,1.681057324349892,1.6253835624833428,0.055673761866549265
2021-04-27,0.575155303747934,2.575155303747934,0.34079149838740896,1.734667922706286,1.6157994662640518,0.1188684564422342
2021-04-28,0.5654641008699794,2.5654641008699794,0.3736881250382744,1.7356891992885575,1.6019321190950768,0.13375708019348065
2021-04-29,0.5574814346029076,2.5574814346029076,0.4249765567901307,1.7554566346009008,1.5865261501619947,0.16893048443890613
2021-04-30,0.5560748228085384,2.5560748228085384,0.4271243296608773,1.7540122239227773,1.5844689808682137,0.16954324305456359
2021-05-03,0.549704657276612,2.549704657276612,0.41375050117448575,1.72946015706693,1.5760379544493586,0.15342220261757133
2021-05-04,0.5522399340417206,2.5522399340417206,0.3768473898942304,1.7086689822982493,1.5816165337885602,0.1270524485096891
2021-05-05,0.5466399730491958,2.5466399730491958,0.363811392563298,1.6856321792038986,1.5754548409431572,0.11017733826074139
2021-05-06,0.5513191071318762,2.551319107131876,0.34194921841213066,1.6802205936806691,1.5831958534742845,0.09702474020638463
2021-05-07,0.5229917713146914,2.5229917713146914,0.4514087694087392,1.6940409252530002,1.535739371175765,0.15830155407723523
2021-05-10,0.5223871286572823,2.5223871286572823,0.4894455431307161,1.7196686620247197,1.532483891155506,0.1871847708692136
2021-05-11,0.5237230998322087,2.5237230998322087,0.5080814002833713,1.7355033165395422,1.5334960642645623,0.20200725227497984
2021-05-12,0.5301607010541787,2.5301607010541787,0.5860326553586854,1.8068688355283473,1.5382166306551515,0.26865220487319585
2021-05-13,0.5266383093444613,2.5266383093444613,0.555614940280954,1.77678783745698,1.5354252372792936,0.24136260017768651
2021-05-14,0.5306563291425945,2.5306563291425945,0.501271850885358,1.7475407234968903,1.5436533387340878,0.20388738476280244
2021-05-17,0.5349726404732298,2.53497264047323,0.49625157046518487,1.754889945527215,1.549425574987832,0.20546437053938282
2021-05-18,0.5276899837868996,2.5276899837868996,0.5168405257609805,1.7518724043156753,1.5386890071462767,0.2131833971693986
2021-05-19,0.5377745398285132,2.537774539828513,0.5401526001149115,1.7935820010744135,1.5499338767735893,0.24364812430082416
2021-05-20,0.5299706392322694,2.5299706392322694,0.4922484308733892,1.7404931198485463,1.542017805519228,0.1984753143293183
2021-05-21,0.5402437213321232,2.540243721332123,0.4586606870982666,1.7399239436724494,1.5584589764358086,0.18146496723664085
2021-05-24,0.5382190459435847,2.5382190459435847,0.43431613752986675,1.7187937248441532,1.5552476047479062,0.16354612009624692
2021-05-25,0.5381798895801087,2.5381798895801087,0.36362075792650494,1.6674224554552597,1.5599574107930019,0.10746504466225781
2021-05-26,0.536094407929216,2.536094407929216,0.39466269612817473,1.6853421173144723,1.5559244156047474,0.12941770170972489
2021-05-27,0.5313380095312734,2.5313380095312734,0.4587096201516563,1.720021892456407,1.5471833730731515,0.17283851938325556
2021-05-28,0.5302819715923395,2.5302819715923395,0.42003373691949464,1.6892120446154706,1.5484255403572367,0.1407865042582339
2021-06-01,0.5280612334234114,2.5280612334234114,0.483747993626761,1.7293234106892763,1.542369605755044,0.1869538049342323
2021-06-02,0.5301915235303021,2.530191523530302,0.4395027957244262,1.7038201491247522,1.5456207696163804,0.15819937950837182
2021-06-03,0.5466256085149048,2.546625608514905,0.43933705755262986,1.7397401182233734,1.5705090113657232,0.1692311068576502
2021-06-04,0.5448098647990012,2.544809864799001,0.33894251344732096,1.6626836344263278,1.5730868767258648,0.08959675770046305
2021-06-07,0.5481096213815722,2.548109621381572,0.33644423327738293,1.6680459370917955,1.5778303942694605,0.09021554282233502
2021-06-08,0.5494129158695458,2.5494129158695458,0.2773750287265233,1.6292190033693315,1.5817499699566329,0.04746903341269859
2021-06-09,0.5506520018683538,2.550652001868354,0.21929377303814768,1.5877043677915603,1.5876621485167042,4.221927485614785e-05
2021-06-10,0.554990936886032,2.554990936886032,0.14826859406892345,1.5473057216162167,1.5971577630694411,-0.049852041453224416
2021-06-11,0.5685209119285943,2.5685209119285943,0.12899285800968552,1.5637745617192127,1.6184669146434398,-0.05469235292422714
2021-06-14,0.5749628897773214,2.5749628897773214,0.16405136698047285,1.6049160719932398,1.6245739250115299,-0.01965785301829004
2021-06-15,0.5748357899751948,2.574835789975195,0.1689330963866127,1.6079832225368023,1.6232379823180514,-0.015254759781249128
2021-06-16,0.6141558411187127,2.6141558411187127,0.14659463981314658,1.6781965486702932,1.683491876441886,-0.005295327771592806
2021-06-17,0.6531651442626583,2.6531651442626583,-0.06961847561460899,1.6128295335495717,1.7482411449132884,-0.1354116113637167
2021-06-18,0.6931549270275283,2.6931549270275283,-0.3069124619823169,1.5282777691067788,1.8168969350297204,-0.28861916592294157
2021-06-21,0.673516210234876,2.673516210234876,-0.16999858351991315,1.5808940603779043,1.78241999394866,-0.20152593357075577
2021-06-22,0.6597385980853758,2.659738598085376,-0.15026195032950085,1.568264145253675,1.759333497977395,-0.19106935272371994
2021-06-23,0.6689094907889679,2.668909490788968,-0.1554718581798209,1.5829254489736255,1.7737070619647026,-0.1907816129910771
2021-06-24,0.6745486628242325,2.6745486628242325,-0.17816965916296845,1.5785346782077225,1.7833245855374606,-0.20478990732973812
2021-06-25,0.6688588948784968,2.668858894878497,-0.09208849627010696,1.627818685158986,1.770486122673817,-0.14266743751483113
2021-06-28,0.6779733098382419,2.677973309838242,-0.2028632808158728,1.5716705254406649,1.788612283335217,-0.21694175789455206
2021-06-29,0.676123155902534,2.676123155902534,-0.1956239601433447,1.571301509177299,1.7868835627108626,-0.21558205353356352
2021-06-30,0.6793542914970203,2.6793542914970203,-0.26154489530811764,1.531954060401075,1.7938235083052227,-0.2618694479041477
2021-07-01,0.6875562466400424,2.6875562466400424,-0.2558113341503838,1.5547845834712104,1.8053279788562704,-0.25054339538506
2021-07-02,0.6806398917012046,2.6806398917012046,-0.2851389836494018,1.5172532678330086,1.7989145838732823,-0.28166131604027367
2021-07-06,0.6739621707696486,2.6739621707696486,-0.3675697729037508,1.4443360475444849,1.791882875724034,-0.34754682817954907
2021-07-07,0.6827897678462662,2.682789767846266,-0.46449050021595406,1.39507564839282,1.8093551496563625,-0.4142795012635425
2021-07-08,0.6620796140725833,2.6620796140725833,-0.4380669455648549,1.3685007848263602,1.7782035377839072,-0.409702752957547
2021-07-09,0.6660469668044033,2.6660469668044033,-0.35203276886808244,1.4364306586398117,1.7803431249832236,-0.3439124663434119
2021-07-12,0.6708416505440535,2.6708416505440535,-0.35476863612262033,1.4435766545408268,1.7871716894519152,-0.34359503491108834
2021-07-13,0.6833159680450756,2.6833159680450756,-0.34387637782136826,1.4796293425026352,1.801726025447915,-0.3220966829452798
2021-07-14,0.679954629287737,2.679954629287737,-0.41442450734837966,1.4226724277797798,1.8021113018474744,-0.3794388740676946
2021-07-15,0.6945983299217016,2.6945983299217016,-0.549472166725109,1.3593200888872274,1.8297029216075833,-0.47038283272035586
2021-07-16,0.6944152277603166,2.6944152277603166,-0.5383653058218361,1.3670048015796104,1.8278244016160161,-0.46081960003640576
2021-07-19,0.6874387904710098,2.6874387904710098,-0.6885369528400656,1.2420971815604214,1.8267465376105,-0.5846493560500787
2021-07-20,0.6650992896704615,2.6650992896704615,-0.5669934599026902,1.2792655073481045,1.7893877210651332,-0.5101222137170287
2021-07-21,0.6662802486469648,2.666280248646965,-0.4676117783539526,1.3530024675542855,1.7860035197710449,-0.43300105221675933
2021-07-22,0.662815798897789,2.662815798897789,-0.5054979447785186,1.3186591115867752,1.7826301041395447,-0.4639709925527695
2021-07-23,0.6582709459521627,2.6582709459521627,-0.44838114308257904,1.3494924967185278,1.7726542461665666,-0.42316174944803886
2021-07-26,0.6647525744402252,2.664752574440225,-0.47095690666658374,1.3477886197093425,1.7843633608977199,-0.43657474118837736
2021-07-27,0.6665366286649039,2.666536628664904,-0.5404208932811496,1.3028460316046764,1.7892594643455166,-0.48641343274084026
2021-07-28,0.6721911863437775,2.6721911863437775,-0.5489960553263735,1.3083483621645702,1.7989005383067402,-0.49055217614217006
2021-07-29,0.6660071217690451,2.666007121769045,-0.49299064144593885,1.3365950888313298,1.7863431572140502,-0.4497480683827204
2021-07-30,0.6613102992145024,2.6613102992145024,-0.5279577328574776,1.3007562304902165,1.7823443644808572,-0.4815881339906407
2021-08-02,0.6559522232053041,2.655952223205304,-0.582245634909996,1.2497123431094042,1.7769179809236846,-0.5272056378142804
2021-08-03,0.6547060376791087,2.6547060376791087,-0.5938990155475814,1.2380850271059212,1.7766172631028332,-0.538532235996912
2021-08-04,0.674004313930535,2.674004313930535,-0.6644126823674545,1.232601684610024,1.8060837320627732,-0.5734820474527491
2021-08-05,0.6923846082033922,2.692384608203392,-0.6594773001098471,1.2761336044472393,1.8328299076781,-0.5566963032308607
2021-08-06,0.6923868403115065,2.6923868403115065,-0.5503848524528685,1.3554588519832904,1.8255669853393641,-0.4701081333560737
2021-08-09,0.697529661169904,2.697529661169904,-0.5385343103055069,1.375205772093897,1.8316331004888324,-0.4564273283949354
2021-08-10,0.7122900438068331,2.712290043806833,-0.548258971440486,1.3996831655196273,1.8542636010604407,-0.4545804355408134
2021-08-11,0.7002766332251138,2.700276633225114,-0.5170301918901781,1.3968757492242645,1.8349445350249016,-0.43806878580063713
2021-08-12,0.7098278797871789,2.709827879787179,-0.5197481529420118,1.416870265113415,1.8491886284517438,-0.43231836333832874
2021-08-13,0.7194554984614658,2.719455498461466,-0.6511275998728099,1.3432407621245328,1.8712750069978912,-0.5280342448733584
2021-08-16,0.7047494085310664,2.7047494085310664,-0.6553694337015745,1.3081462844916485,1.8483137264521898,-0.5401674419605413
2021-08-17,0.7131897915492083,2.7131897915492083,-0.6739168925659467,1.3134727587800121,1.8611802341539356,-0.5477074753739235
2021-08-18,0.7207950446586651,2.720795044658665,-0.6921803401870168,1.3169133595498854,1.8737713221457601,-0.5568579625958747
2021-08-19,0.7309072481326346,2.7309072481326346,-0.7652217344719183,1.2872163214993975,1.8915305451417745,-0.6043142236423771
2021-08-20,0.7361794776357833,2.7361794776357833,-0.7598965546477006,1.3040074720643025,1.8981824647284695,-0.5941749926641671
2021-08-23,0.7283783372614074,2.7283783372614074,-0.746549805471548,1.2946377257400232,1.8869566930193182,-0.592318967279295
2021-08-24,0.7295063214411854,2.7295063214411854,-0.6953062024971963,1.3346147465706564,1.8862105989920523,-0.551595852421396
2021-08-25,0.7243319153693939,2.724331915369394,-0.5985290554266669,1.3946566620772038,1.8721943495633286,-0.4775376874861248
2021-08-26,0.7291820287485145,2.7291820287485145,-0.6201974266772963,1.39026701304662,1.8809185627537266,-0.49065154970710667
2021-08-27,0.7130309372634329,2.713030937263433,-0.6120834925530207,1.3602223683777053,1.858501188313667,-0.4982788199359618
2021-08-30,0.703959380846392,2.703959380846392,-0.6159730463873236,1.3381210160842598,1.844798024254664,-0.5066770081704042
2021-08-31,0.6966533673513222,2.696653367351322,-0.5626304201052292,1.3571678067261284,1.8342238673683458,-0.4770560606422174
2021-09-01,0.7025249740143131,2.702524974014313,-0.590817245452695,1.352910179941577,1.8407124605968554,-0.4878022806552784
2021-09-02,0.7068915765094772,2.706891576509477,-0.6206714404717877,1.3397017864102416,1.8501243124260547,-0.5104225260158131
2021-09-03,0.7003793132346612,2.700379313234661,-0.555834634948388,1.3719406294482754,1.8378809707747301,-0.4659403413264547
2021-09-07,0.7032232361747148,2.703223236174715,-0.4940231879585242,1.4219666604788617,1.8392103395548347,-0.41724367907597304
2021-09-08,0.7109971263627592,2.7109971263627592,-0.5716716069569729,1.3830243158956845,1.8552177269540238,-0.47219341105833923
2021-09-09,0.7145639590979673,2.7145639590979673,-0.6359480492877232,1.3452356595577801,1.8627913454909488,-0.5175556859331687
2021-09-10,0.7160476455614209,2.716047645561421,-0.578871452255675,1.3908509706770766,1.8611926416546691,-0.4703416709775925
2021-09-13,0.7192703345173665,2.7192703345173665,-0.6204013449411168,1.3691410681310556,1.8679789570402006,-0.49883788890914493
2021-09-14,0.7265874306440523,2.7265874306440523,-0.7138172392386011,1.3180651016561222,1.883560412286898,-0.5654953106307758
2021-09-15,0.7307892882464202,2.73078928824642,-0.6906145780637987,1.3446321432373187,1.8889455985830332,-0.5443134553457145
2021-09-16,0.7376806485756049,2.737680648575605,-0.6588985074184475,1.3843986242765727,1.8959911932537281,-0.5115925689771554
2021-09-17,0.7447028001047187,2.7447028001047187,-0.6295389784560923,1.421104481998563,1.9045359327231905,-0.48343145072462756
2021-09-20,0.7426722907296366,2.7426722907296366,-0.7149503147016301,1.3547407879145468,1.9060391782903179,-0.5512983903757711
2021-09-21,0.7398930605532037,2.7398930605532037,-0.6845736439111958,1.3715540975484808,1.8994043245860948,-0.527850227037614
2021-09-22,0.7663082346892516,2.7663082346892516,-0.7848895908390077,1.356520319500522,1.9430907208164154,-0.5865704013158934
2021-09-23,0.7732165729407576,2.7732165729407576,-0.664530742864045,1.459002371593151,1.946111954016983,-0.48710958242383184
2021-09-24,0.7690216618769945,2.7690216618769945,-0.5667416181432507,1.5186019780858266,1.9347564800512653,-0.4161545019654387
2021-09-27,0.7753383995141583,2.7753383995141583,-0.5530205473575784,1.5426399846216021,1.944028974085872,-0.40138898946426993
2021-09-28,0.7638343507282421,2.763834350728242,-0.42626149621280573,1.6080498848265845,1.9211431067288536,-0.31309322190226907
2021-09-29,0.7485309596294449,2.748530959629445,-0.36282709609922303,1.6199269985504121,1.8956315887256974,-0.27570459017528526
2021-09-30,0.7454585413929635,2.7454585413929635,-0.39094613038370296,1.5922902407346178,1.8943435529605068,-0.30205331222588905
2021-10-01,0.7288760277386199,2.72887602773862,-0.40046599291299145,1.548154106977621,1.871247551257439,-0.3230934442798179
2021-10-04,0.7346554454840657,2.7346554454840657,-0.40304445067995376,1.5577894038657307,1.8796174074950105,-0.32182800362927977
2021-10-05,0.73642221657013,2.73642221657013,-0.3397159846697031,1.606882927462993,1.878807419750244,-0.271924492287251
2021-10-06,0.7469667988058859,2.746966798805886,-0.38854016032385363,1.5946898146331645,1.8965692303181014,-0.3018794156849369
2021-10-07,0.7505395942941355,2.7505395942941355,-0.3275034105714316,1.6451061846361714,1.89915982998133,-0.2540536453451585
2021-10-08,0.7546115414020313,2.7546115414020313,-0.2895947034804047,1.68076486310266,1.9027174724996005,-0.22195260939694061
2021-10-12,0.7883238874091276,2.7883238874091276,-0.4410699410592862,1.6464183432772066,1.9578628878702953,-0.3114445445930887
2021-10-13,0.8144343727688224,2.8144343727688224,-0.5674367270597562,1.6139333644650211,2.000960091317846,-0.3870267268528247
2021-10-14,0.7995491797739795,2.7995491797739795,-0.5694687308327522,1.5793730743002843,1.9790476965234929,-0.3996746222232086
2021-10-15,0.8322069202550075,2.8322069202550075,-0.5860971972873741,1.6380398863376204,2.026295162768915,-0.38825527643129454
2021-10-18,0.8552385971934804,2.8552385971934804,-0.6593196918077457,1.6367328369120142,2.0622542710230447,-0.4255214341110305
2021-10-19,0.8301367812839757,2.8301367812839757,-0.4915156042085087,1.70247288125627,2.017891861729392,-0.315418980473122
2021-10-20,0.8266124851481322,2.8266124851481322,-0.4825479108579396,1.7021047924869674,2.0119005701362287,-0.30979577764926125
2021-10-21,0.855376141203692,2.855376141203692,-0.5177058159184207,1.7350274618106314,2.0556179330668787,-0.3205904712562473
2021-10-22,0.8691645628949516,2.8691645628949516,-0.6025913353633805,1.701035713028856,2.080946527502545,-0.37991081447368913
2021-10-25,0.8507140474433399,2.85071404744334,-0.5632603101112243,1.689407248471867,2.052910582589617,-0.3635033341177498
2021-10-26,0.863967079278229,2.863967079278229,-0.6303103616921066,1.6707702443187011,2.0746739618771977,-0.4039037175584965
2021-10-27,0.8837290395715627,2.8837290395715627,-0.8136445158421397,1.5806568233622709,2.112284129559497,-0.5316273061972263
2021-10-28,0.8840423125327632,2.884042312532763,-0.7496289985754148,1.6282363155966744,2.109940052049297,-0.48170373645262243
2021-10-29,0.8767068387490582,2.876706838749058,-0.726519531025958,1.6293999032560647,2.0989278182745994,-0.46952791501853475
2021-11-01,0.8826350548922974,2.8826350548922974,-0.7084830644982612,1.6499278468380467,2.1074800503033937,-0.457552203465347
2021-11-02,0.8645159108700788,2.864515910870079,-0.7075530107327523,1.6158119777967217,2.0813601295825666,-0.46554815178584485
2021-11-03,0.8781861031743183,2.8781861031743183,-0.6941064943357889,1.6529677303529011,2.1015575829759623,-0.44858985262306117
2021-11-04,0.8452998314728042,2.845299831472804,-0.6992085596817725,1.580582080508676,2.053808649688084,-0.47322656917940775
2021-11-05,0.8463659856020556,2.8463659856020556,-0.8199365168528159,1.4964679661860707,2.0618012777360986,-0.5653333115500279
2021-11-08,0.878839476171823,2.878839476171823,-0.8312621032724357,1.5573024260035284,2.1084303124243933,-0.5511278864208649
2021-11-09,0.8712175041040346,2.8712175041040346,-0.898017246410121,1.495716193392328,2.1001292470414143,-0.6044130536490864
2021-11-10,0.9266639956446383,2.9266639956446383,-0.9043946708847832,1.6060884348693287,2.181513001761908,-0.5754245668925795
2021-11-12,0.930196432607211,2.930196432607211,-0.8887784385548363,1.6242386299074645,2.185090384328838,-0.5608517544213734
2021-11-15,0.9249103781863433,2.9249103781863433,-0.8027335381026113,1.6740550822171234,2.172615725620506,-0.49856064340338246
2021-11-16,0.924625618577096,2.924625618577096,-0.7873393252055347,1.6849442376697126,2.171590895306686,-0.48664665763697323
2021-11-17,0.9199716468830665,2.9199716468830665,-0.8129725029797248,1.656728577100044,2.165935296400096,-0.5092067193000522
2021-11-18,0.9176273549853882,2.917627354985388,-0.835168909350207,1.636619009145428,2.162906633314906,-0.5262876241694778
2021-11-19,0.938110653819642,2.938110653819642,-0.9584252445408845,1.5908776920396477,2.1989036786023983,-0.6080259865627506
2021-11-22,0.9646649732202874,2.9646649732202874,-0.8962633057828358,1.688315813443535,2.2348888601364125,-0.5465730466928775
2021-11-23,0.9554014152966204,2.9554014152966204,-0.8168463700981139,1.7269767861287815,2.2171921283166407,-0.4902153421878592
2021-11-24,0.975341608178347,2.975341608178347,-0.90633171916721,1.700757188073651,2.2533552018335885,-0.5525980137599376
2021-11-26,0.9323791558473573,2.9323791558473573,-1.02435181931481,1.5320156837033088,2.1962520757510364,-0.6642363920477277
2021-11-29,0.9247245455625333,2.9247245455625333,-0.9409092980512597,1.5720440589645206,2.18414259163522,-0.6120985326706994
2021-11-30,0.9321566531153316,2.9321566531153316,-1.06928281477572,1.4923774641037302,2.2029649793783266,-0.7105875152745964
2021-12-01,0.9073867023102764,2.9073867023102764,-0.9534587201597535,1.5128902771140185,2.160657454524258,-0.6477671774102394
2021-12-02,0.9673141209226728,2.9673141209226728,-1.1426770438376597,1.5038425628173735,2.2606934196774153,-0.7568508568600418
2021-12-03,0.957266543604856,2.957266543604856,-1.2361997667615112,1.4128272011610299,2.2526052360735163,-0.8397780349124864
2021-12-06,0.972793788525042,2.972793788525042,-1.1677911011007538,1.4934899084329671,2.2721530935548064,-0.7786631851218393
2021-12-07,0.9913823671149906,2.9913823671149906,-1.1507147759723004,1.539680876325597,2.301718243176287,-0.7620373668506899
2021-12-08,0.9891702387071035,2.9891702387071035,-1.1168608122419235,1.5607087597969465,2.295687193958926,-0.7349784341619794
2021-12-09,0.9977115928960067,2.9977115928960067,-1.1820781223177885,1.5309823167675012,2.3105445260021757,-0.7795622092346746
2021-12-10,1.000168042256444,3.000168042256444,-1.2000159092397062,1.527398588731822,2.3132580152970084,-0.7858594265651864
2021-12-13,1.000088106280927,3.000088106280927,-1.2820564255471512,1.4686203936647202,2.316880182050812,-0.8482597883860918
2021-12-14,1.005939320724984,3.005939320724984,-1.270494855950834,1.4900352466446398,2.3241704742458835,-0.8341352276012437
2021-12-15,1.009599561252596,3.009599561252596,-1.2284819989395483,1.523064083593515,2.3303579230571048,-0.8072938394635898
2021-12-16,0.9446636931490069,2.944663693149007,-1.0674584542901826,1.500765776056192,2.2256281509515485,-0.7248623748953564
2021-12-17,0.9577241046600271,2.957724104660027,-1.139066760370131,1.4754872602204172,2.2496930520365286,-0.7742057918161114
2021-12-20,0.941314542529021,2.941314542529021,-1.070069096362948,1.4888809886781884,2.222103916182277,-0.7332229275040885
2021-12-21,0.9633046615228515,2.9633046615228515,-1.06163264516122,1.5404959879754554,2.255077466585059,-0.7145814786096036
2021-12-22,0.9695954054513187,2.9695954054513187,-1.1050841931098034,1.5239722133966915,2.265733073389398,-0.7417608599927066
2021-12-23,0.9695783299709113,2.9695783299709113,-1.0440287514685114,1.5605307046681283,2.2675776864969057,-0.7070469818287775
2021-12-27,0.9816484259138569,2.981648425913857,-1.103029283640545,1.542190612933621,2.288203496768542,-0.7460128838349211
2021-12-28,0.9749252277101981,2.974925227710198,-1.0727966372294038,1.548065090602802,2.2781256859999544,-0.7300605953971524
2021-12-29,0.9646612940440455,2.9646612940440455,-0.9410228675956303,1.6211767304195106,2.2557805220438416,-0.634603791624331
2021-12-30,0.96108782000967,2.96108782000967,-0.9739676519360998,1.5888437792851378,2.253890981338871,-0.665047202053733
2021-12-31,0.9591301933587033,2.9591301933587033,-0.9734692149481896,1.5851938583040064,2.252665409956796,-0.6674715516527896
2022-01-03,0.9772555022352982,2.9772555022352982,-0.8464844631851065,1.7128864680693656,2.2735759827192106,-0.560689514649845
2022-01-04,0.9562524255590112,2.9562524255590112,-0.7343512204077705,1.7493594382147075,2.2362554655843803,-0.48689602736967275
2022-01-05,0.9895403262011406,2.9895403262011406,-0.7837736229641656,1.7814160913859745,2.2887582418638406,-0.5073421504778661
2022-01-06,1.0178914511878716,3.0178914511878716,-0.8325885705504197,1.802470367430018,2.335527216457476,-0.5330568490274579
2022-01-07,1.0125918114271144,3.0125918114271144,-0.7418401273737993,1.8566596450060084,2.3237082327771312,-0.4670485877711228
2022-01-10,1.0369268580159954,3.0369268580159954,-0.8096510598722553,1.8578489415118453,2.3636400615178323,-0.505791120005987
2022-01-11,1.0333259607106555,3.0333259607106555,-0.827968615634413,1.8361831387813004,2.360197762904167,-0.5240146241228665
2022-01-12,1.0337963636150533,3.0337963636150533,-0.8473348739382445,1.8205305716047808,2.362521338774648,-0.5419907671698672
2022-01-13,1.0235809345270503,3.0235809345270503,-0.8624730510287977,1.7874521847154068,2.3497409315393014,-0.5622887468238946
2022-01-14,1.0520839314960106,3.0520839314960106,-0.8269766779199976,1.8645770496267282,2.393958456593603,-0.5293814069668747
2022-01-18,1.0818980351053646,3.0818980351053646,-0.7868127078025449,1.953327018862267,2.4383628164294775,-0.4850357975672106
2022-01-19,1.07946184604004,3.07946184604004,-0.8310534837462278,1.916902526603853,2.4368842961821993,-0.5199817695783462
2022-01-20,1.0828126970411311,3.082812697041131,-0.8509780666743696,1.9056147966814,2.444376277426717,-0.5387614807453167
2022-01-21,1.0650555828057655,3.0650555828057655,-0.9068312469975996,1.8310963943098368,2.420859189566429,-0.589762795256592
2022-01-24,1.0435882539241739,3.043588253924174,-0.8205245616475763,1.8472816963102294,2.3864659132960457,-0.5391842169858163
2022-01-25,1.05971805934578,3.05971805934578,-0.8305538602844029,1.8705097123763275,2.412762490926552,-0.5422527785502247
2022-01-26,1.1078638921711281,3.107863892171128,-0.881198588824252,1.928697516645702,2.4884114133353847,-0.5597138966896826
2022-01-27,1.1333989598324017,3.1333989598324017,-1.0165057130482964,1.8768749767926278,2.5376871715733906,-0.6608121947807628
2022-01-28,1.116561330394621,3.116561330394621,-1.0114030930356686,1.8416680429917276,2.516439379132364,-0.6747713361406362
2022-01-31,1.1110015352006428,3.111001535200643,-0.9571459978362906,1.862927287192459,2.509473385216665,-0.6465460980242062
2022-02-01,1.1149895612897005,3.1149895612897005,-0.9553637550218168,1.8736193650130344,2.5146934453435232,-0.6410740803304888
2022-02-02,1.1111334886271997,3.1111334886271997,-0.9870925326765603,1.8444353021312825,2.5091470500391253,-0.6647117479078428
2022-02-03,1.1252297284670654,3.1252297284670654,-0.9652805191753355,1.8873667151968558,2.5304553743968836,-0.6430886592000278
2022-02-04,1.174309127153382,3.174309127153382,-0.9448753310186628,1.9890026798945482,2.613831476041082,-0.6248287961465337
2022-02-07,1.1657026751292072,3.165702675129207,-0.9406878137116781,1.9757176369997835,2.5977255754525554,-0.6220079384527719
2022-02-08,1.1824367861316318,3.182436786131632,-0.9283922835758442,2.0150252477119484,2.623789023434633,-0.6087637757226845
2022-02-09,1.1931412648232005,3.1931412648232005,-0.9746150847008721,2.002595966634463,2.6417701690101048,-0.6391742023756417
2022-02-10,1.2748247586350487,3.2748247586350487,-1.060109724679295,2.0805601991400313,2.786101467318786,-0.7055412681787545
2022-02-11,1.2336010838272955,3.2336010838272955,-1.078185389751047,1.9843777845587622,2.7251693611080605,-0.7407915765492983
2022-02-14,1.2542746208506301,3.25427462085063,-1.0322160259838284,2.04698097308355,2.7604412007116412,-0.713460227628091
2022-02-15,1.2438327831902498,3.24383278319025,-0.9178991052843628,2.1106468240133744,2.734724798618137,-0.6240779746047624
2022-02-16,1.2249854776944673,3.2249854776944673,-0.8978462927011828,2.0919765479127492,2.703007069861476,-0.6110305219487269
2022-02-17,1.211857737473867,3.211857737473867,-0.9469622072285722,2.0327667254752155,2.6834738505435887,-0.6507071250683731
2022-02-18,1.2082512574939734,3.2082512574939734,-0.9977437533966729,1.9872764825644467,2.6811166150499846,-0.6938401324855379
2022-02-22,1.234708456643613,3.234708456643613,-1.0564649720256725,1.9915100100070975,2.7285706467209536,-0.7370606367138561
2022-02-23,1.2409941058902518,3.240994105890252,-1.0069515077253683,2.0388276617412764,2.7335480017908376,-0.6947203400495612
2022-02-24,1.2094095854671174,3.2094095854671174,-0.9482642035109379,2.018895672913015,2.6791928825521536,-0.6602972096391384
2022-02-25,1.2292053044818196,3.2292053044818196,-0.9841596702650213,2.030822007433049,2.7151933952753335,-0.6843713878422846
2022-02-28,1.1913125559188344,3.1913125559188344,-1.0990061225629457,1.8807007591505087,2.661725631676548,-0.7810248725260394
2022-03-01,1.133438494215678,3.133438494215678,-1.109923023183267,1.7587442688538384,2.5705370376414036,-0.8117927687875652
2022-03-02,1.1901523184691847,3.1901523184691847,-1.0329283905182063,1.9109237631505127,2.6594219323644723,-0.7484981692139596
2022-03-03,1.194363301719143,3.194363301719143,-1.0615299947854533,1.8953634594594326,2.6673003522861016,-0.771936892826669
2022-03-04,1.1866950370186515,3.1866950370186515,-1.233063990201269,1.7572712205366696,2.6638303101266683,-0.9065590895899986
2022-03-07,1.2134762149948486,3.2134762149948486,-1.2413854192010092,1.805847615677904,2.705142532939726,-0.8992949172618221
2022-03-08,1.244542672654248,3.244542672654248,-1.2126533366547685,1.8855329758157569,2.7511501541457717,-0.8656171783300148
2022-03-09,1.265945810679412,3.265945810679412,-1.1800563115964264,1.9522397381751004,2.7831772985911063,-0.8309375604160059
2022-03-10,1.2855576197877134,3.2855576197877134,-1.1678900627503905,2.001836249172038,2.8122671616036774,-0.8104309124316393
2022-03-11,1.3095288786973214,3.3095288786973214,-1.2197899629702231,2.013686898713566,2.85278923257516,-0.8391023338615939
2022-03-14,1.3366729795007757,3.3366729795007757,-1.0677174427630503,2.168958145771419,2.88982913571717,-0.7208709899457513
2022-03-15,1.344523086736963,3.344523086736963,-1.091544492195104,2.170994829866182,2.902681222843202,-0.7316863929770201
2022-03-16,1.3779954051494059,3.377995405149406,-1.1140055009526533,2.215617152521252,2.9573575247824335,-0.7417403722611815
2022-03-17,1.361860629424271,3.361860629424271,-1.0411876700673215,2.234224016401387,2.925485584075156,-0.6912615676737688
2022-03-18,1.3726257956738621,3.372625795673862,-1.156893456626526,2.1644339294617607,2.9518443619085497,-0.787410432446789
2022-03-21,1.4324937288741282,3.432493728874128,-1.0618798884292726,2.344520161547341,3.040918599538388,-0.6963984379910468
2022-03-22,1.4475309675464878,3.447530967546488,-1.0104604153793098,2.409738486018239,3.0648013792380033,-0.6550628932197644
2022-03-23,1.4266356567290117,3.4266356567290117,-1.0120869726285493,2.3662649532566227,3.0344238254950384,-0.6681588722384157
2022-03-24,1.4403230135752487,3.4403230135752487,-1.0231110695969168,2.3876302558433875,3.0559295137637332,-0.6682992579203457
2022-03-25,1.5015637329044402,3.5015637329044402,-0.9405627043295182,2.557436658104507,3.150945658897556,-0.5935090007930492
2022-03-28,1.5284895030706913,3.5284895030706913,-1.1076598070777282,2.4931598378664623,3.2016949175512366,-0.7085350796847742
2022-03-29,1.5264349877336407,3.5264349877336407,-1.1876125761704674,2.427434422411164,3.204577190262899,-0.7771427678517346
2022-03-30,1.5143201772790782,3.514320177279078,-1.234793584636936,2.37078759165153,3.1885156977453812,-0.8177281060938513
2022-03-31,1.5120842580577651,3.512084258057765,-1.275651485138372,2.3403714590157354,3.187672121595558,-0.8473006625798227
2022-04-01,1.5897703289607072,3.5897703289607072,-1.4187068091445951,2.3920786118934125,3.3129171845349905,-0.920838572641578
2022-04-04,1.575464576403462,3.575464576403462,-1.3182695193398022,2.433266878171584,3.288528468562161,-0.8552615903905769
2022-04-05,1.60433378669617,3.60433378669617,-1.2172252989105212,2.562466443324878,3.3294609592849382,-0.7669945159600604
2022-04-06,1.575629650933422,3.575629650933422,-1.0205118058163603,2.639188063460852,3.2798056014138424,-0.6406175379529904
2022-04-07,1.5463024396506846,3.5463024396506846,-0.8429683000840225,2.7060766597092347,3.2263052671250727,-0.520228607415838
2022-04-08,1.5631989159398998,3.5631989159399,-0.7925882242139881,2.7686893511535535,3.2530900615341896,-0.48440071038063603
2022-04-11,1.5607364632151821,3.560736463215182,-0.7095238257507792,2.8253483604307936,3.248725230350294,-0.4233768699195002
2022-04-12,1.4895988184743878,3.489598818474388,-0.5934968157900307,2.7642856008275296,3.1355804831932748,-0.37129488236574515
2022-04-13,1.4950222195046052,3.4950222195046052,-0.6507385543064883,2.739882327811297,3.1434543264148083,-0.40357199860351134
2022-04-14,1.52392774282335,3.52392774282335,-0.528610312719942,2.877190119834699,3.186397321460984,-0.3092072016262848
2022-04-18,1.5079543521926304,3.5079543521926304,-0.43748815680946995,2.906170601385001,3.159758643679983,-0.25358804229498233
2022-04-19,1.5569254865138014,3.5569254865138014,-0.46455197537828763,2.9792130316970202,3.2356030997710126,-0.25639006807399234
2022-04-20,1.565927331903847,3.565927331903847,-0.6097059177146633,2.8960109456338192,3.257401658884307,-0.36139071325048766
2022-04-21,1.6006429474236974,3.6006429474236974,-0.612669752656978,2.9582052611694634,3.314677842703998,-0.3564725815345344
2022-04-22,1.5948615806017088,3.594861580601709,-0.590208701071727,2.9509431410891787,3.3124202477803064,-0.36147710669112776
2022-04-25,1.5781601945315877,3.5781601945315877,-0.6924089020764841,2.8486014723777324,3.2926704963225037,-0.4440690239447713
2022-04-26,1.5588769774974516,3.5588769774974516,-0.7081815941510361,2.8047135589600702,3.2641777794895703,-0.4594642205295001
2022-04-27,1.556248586533485,3.556248586533485,-0.6265897852648785,2.853983615244673,3.2559585677410094,-0.4019749524963365
2022-04-28,1.577939743467919,3.577939743467919,-0.6357585855916117,2.888831868511205,3.291490309476669,-0.4026584409654643
2022-04-29,1.5967487827420186,3.5967487827420186,-0.6005110962285936,2.9420848130813226,3.3241659942332844,-0.38208118115196177
2022-05-02,1.612644869127024,3.612644869127024,-0.5141510132668046,3.039628235770576,3.3426547888777747,-0.3030265531071987
2022-05-03,1.6249754979956776,3.6249754979956776,-0.5701296728397609,3.017321720060412,3.368955412705521,-0.3516336926451089
2022-05-04,1.571238839302321,3.571238839302321,-0.4618635230280739,2.989989435526558,3.2784045567201106,-0.2884151211935526
2022-05-05,1.5661121661432915,3.5661121661432915,-0.2530254479489886,3.1235586747364166,3.2619979480932924,-0.13843927335687578
2022-05-06,1.56193977864924,3.56193977864924,-0.12763200917350037,3.2054738358274584,3.2493096237392516,-0.04383578791179321
2022-05-09,1.5246312916285518,3.524631291628552,-0.15403002492820983,3.1214848817289385,3.1917100059890036,-0.07022512426006511
2022-05-10,1.5340027648210146,3.5340027648210146,-0.27121328421122026,3.050334796089163,3.2131769789506652,-0.16284218286150232
2022-05-11,1.538009275276412,3.538009275276412,-0.3532181672628041,2.994627663868459,3.2256205793261987,-0.23099291545773992
2022-05-12,1.522017396115217,3.522017396115217,-0.43005946434936426,2.9142333799422575,3.2023880736864285,-0.288154693744171
2022-05-13,1.5351626916412897,3.5351626916412897,-0.3206005848321216,3.013745187931114,3.221497570760339,-0.20775238282922492
2022-05-16,1.5180892570454319,3.518089257045432,-0.35562551865314784,2.9503252352812837,3.200589716139247,-0.25026448085796327
2022-05-17,1.5723466149523944,3.5723466149523944,-0.38177463559925107,3.037824190441419,3.283766033391268,-0.24594184294984878
2022-05-18,1.5728451639182275,3.5728451639182275,-0.5314051508297961,2.9374671727461514,3.2901414669522757,-0.3526742942061243
2022-05-19,1.5508897178800964,3.5508897178800964,-0.5246615985323926,2.899833393234882,3.2549651085689235,-0.3551317153340414
2022-05-20,1.5391922395207338,3.539192239520734,-0.5693969676571635,2.847804438805331,3.237648136025916,-0.38984369722058476
2022-05-23,1.57121267763117,3.57121267763117,-0.5539191267178003,2.9250422218824466,3.2856895136093445,-0.3606472917268979
2022-05-24,1.549846065173739,3.549846065173739,-0.6827505150732054,2.8064966555964843,3.2558565419296914,-0.4493598863332071
2022-05-25,1.5179192767130303,3.5179192767130303,-0.5909985812162666,2.799068657297686,3.205256425006136,-0.4061877677084498
2022-05-26,1.519889495479564,3.519889495479564,-0.6043610842046472,2.797893074186469,3.20669390419274,-0.40880083000627065
2022-05-27,1.5423448492340128,3.542344849234013,-0.68123046455413,2.790574445009418,3.2493316646165384,-0.45875721960712035
2022-05-31,1.5604159110863982,3.560415911086398,-0.5716263287418104,2.9012305104222604,3.27561687369448,-0.37438636327221975
2022-06-01,1.613543961986661,3.613543961986661,-0.6037233630895726,2.9789799612671533,3.3611331867667698,-0.3821532254996165
2022-06-02,1.6128884765073614,3.6128884765073614,-0.6258554405134191,2.959316413751413,3.3658490044358094,-0.4065325906843964
2022-06-03,1.6201690768839967,3.6201690768839967,-0.5962626588096085,2.9919633470136766,3.3767582235829905,-0.3847948765693139
2022-06-06,1.636888559249286,3.636888559249286,-0.5037733443162691,3.0855775833932824,3.4004304934847767,-0.3148529100914943
2022-06-07,1.62599328556853,3.62599328556853,-0.5368051014891471,3.0326387439391644,3.388413355393572,-0.35577461145440736
2022-06-08,1.6365350452251661,3.636535045225166,-0.4967669699923545,3.077210142883539,3.408247869409007,-0.33103772652546803
2022-06-09,1.6624399248709878,3.662439924870988,-0.5585989476566806,3.082316186595289,3.4535869850809275,-0.3712707984856385
2022-06-10,1.731178360063609,3.731178360063609,-0.5208793600889812,3.220642451819449,3.572907346374734,-0.35226489455528487
2022-06-13,1.8296894392208785,3.8296894392208785,-0.36639600355430435,3.4947300227259297,3.735160664266919,-0.24043064154098914
2022-06-14,1.8335264193893082,3.833526419389308,-0.23315031980759526,3.58251423589641,3.76380394511027,-0.18128970921385967
2022-06-15,1.7222548512500637,3.7222548512500637,-0.1393257128768597,3.4320662706492504,3.5854010524487867,-0.1533347817995363
2022-06-16,1.8059305613278553,3.8059305613278553,-0.5687871778398388,3.309231405773129,3.7301679898750915,-0.42093658410196255
2022-06-17,1.7668544448502033,3.7668544448502033,-0.40719635271338994,3.3332898478876483,3.6656471162581017,-0.33235726837045343
2022-06-21,1.7511841946953126,3.7511841946953126,-0.24664477136993845,3.4065648542498206,3.6410364462400278,-0.23447159199020717
2022-06-22,1.716130516957584,3.716130516957584,-0.3820329585946345,3.249212708443604,3.590060861714118,-0.3408481532705139
2022-06-23,1.6858964376439616,3.6858964376439616,-0.3851681354468681,3.181632249448679,3.5476202063630726,-0.36598795691439356
2022-06-24,1.6903602823501913,3.6903602823501913,-0.33764724479898867,3.2192685940782915,3.556418326131959,-0.3371497320536676
2022-06-27,1.7181708065463823,3.7181708065463823,-0.3215735021024728,3.2829156093258076,3.601236330982945,-0.31832072165713754
2022-06-28,1.7089864013776221,3.708986401377622,-0.2800648858725414,3.2919750629163027,3.5859405630607566,-0.2939655001444539
2022-06-29,1.6809957623982505,3.6809957623982505,-0.32299507600087196,3.2030584596112024,3.549154959230273,-0.34609649961907074
2022-06-30,1.606477134551362,3.606477134551362,-0.264585620037296,3.102970591068033,3.4382718957091205,-0.3353013046410873
2022-07-01,1.6245977917424668,3.6245977917424668,-0.5293604119080344,2.9422096807965836,3.47950818841267,-0.5372985076160863
2022-07-05,1.5495047366068988,3.549504736606899,-0.30899553989333617,2.9416617234065794,3.3583601886106353,-0.41669846520405596
2022-07-06,1.603511183285363,3.603511183285363,-0.35200439110920767,3.032140015844527,3.4464142230430204,-0.4142742071984933
2022-07-07,1.6324312149745133,3.6324312149745133,-0.31310121507258737,3.108270418179201,3.488253266566007,-0.37998284838680574
2022-07-08,1.6557714821073795,3.6557714821073795,-0.2621591828954224,3.190141480782022,3.529470573320972,-0.33932909253895005
2022-07-11,1.6574583897205812,3.6574583897205812,-0.3961684123628162,3.085934046321026,3.536237870180608,-0.4503038238595818
2022-07-12,1.6533243113235159,3.653324311323516,-0.46211474558336185,3.035398824946505,3.536224524252566,-0.5008256993060609
2022-07-13,1.6992301746039544,3.6992301746039544,-0.6389305605310858,2.9874819689107484,3.6295247106004647,-0.6420427416897163
2022-07-14,1.7062040764408906,3.7062040764408906,-0.598296990917504,3.036520855253029,3.6327214937098895,-0.5962006384568603
2022-07-15,1.7101462449271878,3.710146244927188,-0.6320879603010043,3.012865878758909,3.6378948373480866,-0.6250289585891777
2022-07-18,1.7089596995826213,3.7089596995826213,-0.5856469075170274,3.0373226041238293,3.6356292494702744,-0.5983066453464452
2022-07-19,1.7441538315984388,3.744153831598439,-0.6211146866196318,3.0821604066473984,3.6912807501566367,-0.6091203435092383
2022-07-20,1.7666034447468917,3.7666034447468917,-0.6529880630006177,3.106468893049126,3.726465329402219,-0.6199964363530928
2022-07-21,1.7363388840522305,3.7363388840522305,-0.820522930516093,2.9333830921604545,3.688354311004146,-0.7549712188436914
2022-07-22,1.6904183176404857,3.6904183176404857,-0.8688238817135039,2.8104390055221717,3.619362191022375,-0.8089231855002033
2022-07-25,1.695397914957823,3.695397914957823,-0.8255253748872784,2.844347920290163,3.628159740177446,-0.783811819887283
2022-07-26,1.7106276958535247,3.7106276958535247,-0.8908443735492035,2.827772827878028,3.653626524967334,-0.8258536970893062
2022-07-27,1.6763468064207387,3.6763468064207387,-0.8429828314794054,2.7946005648893215,3.598353914475084,-0.8037533495857625
2022-07-28,1.6234062351637917,3.6234062351637917,-0.8371467372240629,2.692621624821026,3.517061868469672,-0.8244402436486462
2022-07-29,1.6396634265814853,3.6396634265814853,-0.8964396493529305,2.682326638808014,3.5466752989675068,-0.864348660159493
2022-08-01,1.640944842087908,3.640944842087908,-0.9972408933669925,2.6100290933266344,3.554932717118787,-0.9449036237921526
2022-08-02,1.7202662611272572,3.7202662611272572,-1.0243248971441705,2.748345417597898,3.6760544127989085,-0.9277089952010105
2022-08-03,1.7350765657709317,3.7350765657709317,-1.0924543882816504,2.7271411171107744,3.704835023193412,-0.9776939060826377
2022-08-04,1.6955310111079598,3.69553101110796,-1.0573004978257448,2.6699382837019767,3.6451377729723164,-0.9751994892703397
2022-08-05,1.7776448731126564,3.7776448731126564,-1.063084763486854,2.816995273419774,3.7765802861329805,-0.9595850127132066
2022-08-08,1.7662166876289405,3.7662166876289405,-1.1138618556035595,2.756841885935684,3.76291241000603,-1.006070524070346
2022-08-09,1.8002009516761461,3.800200951676146,-1.1796352283840772,2.780044210949935,3.8179487344200194,-1.0379045234700843
2022-08-10,1.7622505232566326,3.7622505232566326,-1.070780400213179,2.7793707966919436,3.75303044814068,-0.9736596514487363
2022-08-11,1.754859903744503,3.754859903744503,-0.9187576713139514,2.874865730024132,3.7334591100566663,-0.8585933800325343
2022-08-12,1.7667025227333042,3.766702522733304,-1.0059887527223026,2.835847896912084,3.754001477983127,-0.9181535810710431
2022-08-15,1.7514145369911915,3.7514145369911915,-1.03964752627434,2.784161772388432,3.732328169815186,-0.9481663974267538
2022-08-16,1.7733465614871307,3.7733465614871307,-1.0711649131995191,2.8055168621141457,3.7656783428012384,-0.9601614806870926
2022-08-17,1.8116666308014615,3.8116666308014615,-1.089590379662452,2.8753588654258753,3.8229846822527107,-0.9476258168268354
2022-08-18,1.8014974943719366,3.8014974943719366,-1.0858642307888395,2.8644318367919817,3.805593648931179,-0.9411618121391974
2022-08-19,1.8031010108573327,3.8031010108573327,-0.9236395222497968,2.9809433121418643,3.801244029581914,-0.8203007174400496
2022-08-22,1.8321593680003971,3.832159368000397,-0.931476520877486,3.0309493747493677,3.8485325257651612,-0.8175831510157936
2022-08-23,1.8225962706314576,3.8225962706314576,-0.8695413450415126,3.059641671052423,3.8291445419537267,-0.7695028709013036
2022-08-24,1.835535792817474,3.835535792817474,-0.8076971152026768,3.121851959290065,3.8488310221160194,-0.7269790628259543
2022-08-25,1.837204862437531,3.837204862437531,-0.9317539527663374,3.036346905963873,3.858577554199806,-0.8222306482359332
2022-08-26,1.859782972583254,3.859782972583254,-0.9615425909238002,3.061333265213617,3.8965676210516387,-0.8352343558380215
2022-08-29,1.8700089196382947,3.8700089196382947,-0.8809822885580143,3.137397668140064,3.9110980353026124,-0.7737003671625482
2022-08-30,1.8801474931614521,3.880147493161452,-0.907348147959743,3.132782228481508,3.931533038112299,-0.7987508096307909
2022-08-31,1.8739441622426014,3.8739441622426014,-0.8246406450888903,3.1770372713269195,3.9231808900827034,-0.7461436187557839
2022-09-01,1.8868160998204218,3.8868160998204218,-0.6871033802461657,3.296739673585647,3.938323343263269,-0.641583669677622
2022-09-02,1.844862378861663,3.844862378861663,-0.6395823296397438,3.2480149756751766,3.8736883835875044,-0.6256734079123278
2022-09-06,1.8774468657967134,3.8774468657967134,-0.5492464293384591,3.3721306726772746,3.9222187512311835,-0.5500880785539088
2022-09-07,1.860828072767589,3.860828072767589,-0.5865666890678707,3.309800502708159,3.9015605277817555,-0.5917600250735964
2022-09-08,1.8786771939298745,3.8786771939298745,-0.6130959817087502,3.3223738213461074,3.9320470057271453,-0.6096731843810379
2022-09-09,1.9052610114332396,3.9052610114332396,-0.6302092563065322,3.352772040085028,3.9815313297654424,-0.6287592896804144
2022-09-12,1.8997170931969833,3.8997170931969833,-0.5492547866488637,3.394158489801402,3.973621669745851,-0.5794631799444487
2022-09-13,1.9728520682973425,3.9728520682973425,-0.673321394618771,3.4323772751393764,4.109581755294811,-0.6772044801554347
2022-09-14,1.9905571118287213,3.9905571118287213,-0.7308443621918386,3.420075216869372,4.145195327662313,-0.7251201107929406
2022-09-15,2.0125203692690192,4.012520369269019,-0.7096670502771101,3.473073393484965,4.1812394713979835,-0.7081660779130186
2022-09-16,1.9793917934493876,3.9793917934493876,-0.6027099226160626,3.4710833335068685,4.1299262509055445,-0.6588429173986761
2022-09-19,2.0193502233930047,4.019350223393005,-0.6667430004431774,3.501621667537037,4.198039081405662,-0.6964174138686254
2022-09-20,2.007089308961355,4.007089308961355,-0.5832808812951038,3.5976807120183385,4.185035107726438,-0.5873543957080991
2022-09-21,2.0312076550990597,4.03120765509906,-0.6234454333319794,3.5471879534867266,4.2169460019702445,-0.6697580484835179
2022-09-22,2.0675068733008573,4.067506873300857,-0.4598943456662612,3.740526287189545,4.259207114425425,-0.5186808272358796
2022-09-23,2.1520496597835503,4.15204965978355,-0.7984361305105736,3.673479704409356,4.405727971531423,-0.7322482671220669
2022-09-26,2.201149107098125,4.201149107098125,-0.6567125723932445,3.874745543770395,4.473773582803066,-0.599028039032671
2022-09-27,2.192394188156186,4.192394188156186,-0.47734385176305416,3.980807670572378,4.455179395370481,-0.4743717247981025
2022-09-28,2.084641185199793,4.084641185199793,-0.49734881055963154,3.7456286962710332,4.296522620378274,-0.5508939241072404
2022-09-29,2.1054208180725524,4.105420818072552,-0.4862570814259781,3.7898372654937464,4.3287213224606065,-0.53888405696686
2022-09-30,2.129550093913444,4.129550093913444,-0.45052349030667127,3.861884247264871,4.365727231603029,-0.5038429843381578
2022-10-03,2.093451769636353,4.093451769636353,-0.5834902285791967,3.693338499544223,4.320423411036687,-0.6270849114924641
2022-10-04,2.0721559223299053,4.072155922329905,-0.5907375916760156,3.6384227054773985,4.290972785140611,-0.6525500796632127
2022-10-05,2.0615151922536157,4.061515192253616,-0.33128237354387924,3.822376628469225,4.263135993479172,-0.44075936500994706
2022-10-06,2.085191070485287,4.085191070485287,-0.28571569244015693,3.892246982738634,4.295703170523664,-0.40345618778503
2022-10-07,2.16864027952883,4.16864027952883,-0.49609933944117657,3.9018260286074535,4.4329185770208275,-0.5310925484133739
2022-10-11,2.111985891091706,4.111985891091706,-0.2055055207219878,4.00004490118577,4.340234714405782,-0.34018981322001185
2022-10-12,2.1055203615925535,4.1055203615925535,-0.21639064259131668,3.9750595755187876,4.329988508935687,-0.354928933416899
2022-10-13,2.155102607514273,4.155102607514273,-0.25341375814153544,4.029430658555826,4.416038556671347,-0.3866078981155203
2022-10-14,2.169720495939032,4.169720495939032,-0.2409476147544236,4.065672229670422,4.440061355119083,-0.3743891254486602
2022-10-17,2.1558249768144364,4.155824976814436,-0.18741115601250602,4.077899223483252,4.416991918836703,-0.3390926953534512
2022-10-18,2.1494531872831786,4.149453187283179,-0.21000964499467223,4.049676276742633,4.409485734697999,-0.35980945795536634
2022-10-19,2.2097050439891035,4.2097050439891035,-0.2091099540068475,4.155841318052138,4.504475845926049,-0.34863452787391136
2022-10-20,2.253201205126274,4.253201205126274,-0.22841359659951,4.23360611177974,4.569133254117132,-0.33552714233739156
2022-10-21,2.1577925925067944,4.1577925925067944,0.07058719192851637,4.244035066376047,4.41710549988491,-0.17307043350886264
2022-10-24,2.1450192567813033,4.145019256781303,0.1870549910227126,4.295073973976777,4.395573606248029,-0.10049963227125236
2022-10-25,2.185412023463428,4.185412023463428,-0.17859612022977966,4.134486521189078,4.476405223691636,-0.34191870250255807
2022-10-26,2.1323170531966014,4.132317053196601,-0.07445212259875955,4.08419325535828,4.390277835370827,-0.3060845800125467
2022-10-27,2.102212947822345,4.102212947822345,-0.06337380518719016,4.0391749458057635,4.353561748541133,-0.31438680273536956
2022-10-28,2.092267747362051,4.092267747362051,0.10784449245188199,4.12517677651168,4.329371240364649,-0.20419446385296958
2022-10-31,2.122437494830031,4.122437494830031,0.12199227620556297,4.1887170206596975,4.383248940105548,-0.19453191944585058
2022-11-01,2.1860705086488323,4.186070508648832,-0.11046531324018893,4.156245968513958,4.500823439251299,-0.3445774707373408
2022-11-02,2.1618196459211276,4.161819645921128,-0.0009384837502661725,4.160175558578563,4.45327972022166,-0.2931041616430976
2022-11-03,2.168693780560808,4.168693780560808,0.07312572065349965,4.214639489245765,4.462085214862946,-0.24744572561718137
2022-11-04,2.1221561966257667,4.122156196625767,0.2760024784052577,4.261999943628592,4.383715621470559,-0.12171567784196746
2022-11-07,2.127383912515242,4.127383912515242,0.3601511987498087,4.325674977647088,4.39021595793485,-0.06454098028776212
2022-11-08,2.1053538152034648,4.105353815203465,0.301283636058554,4.241755358564617,4.359589305496586,-0.11783394693196936
2022-11-09,2.079807827968537,4.079807827968537,0.3829805336771752,4.250180026607021,4.319317714056577,-0.0691376874495564
2022-11-10,2.0737609645101784,4.073760964510178,-0.19323822381565403,3.866466629750571,4.332622124600209,-0.4661554948496378
2022-11-14,2.101040349720229,4.101040349720229,-0.19935594408439972,3.9092882939264526,4.381219792299488,-0.4719314983730354
2022-11-15,2.079913082104696,4.079913082104696,-0.24800845110697356,3.832095282853164,4.35112573919554,-0.5190304563423762
2022-11-16,2.0805562524486803,4.08055625244868,-0.4478688886824651,3.6892624598080412,4.364712407391205,-0.6754499475831639
2022-11-17,2.1214412736679265,4.1214412736679265,-0.44129563156864915,3.775992503177513,4.428476003382741,-0.652483500205228
2022-11-18,2.1500021241550016,4.150002124155002,-0.4591999298235976,3.8182769581599727,4.475865545059228,-0.657588586899255
2022-11-21,2.041957988686889,4.041957988686889,0.025809370498457884,3.9145222099203125,4.288077258998929,-0.3735550490786168
2022-11-22,2.163983927776954,4.163983927776954,-0.5905858132146458,3.7515351994904345,4.506216870001584,-0.7546816705111494
2022-11-23,2.158751149650172,4.158751149650172,-0.6631085357047581,3.6875795629792756,4.503608778959106,-0.8160292159798304
2022-11-25,2.1432664750032018,4.143266475003202,-0.6539740355306911,3.660311410801956,4.480691900268036,-0.8203804894660802
2022-11-28,2.150042021161319,4.150042021161319,-0.6501324527048737,3.6767714640270013,4.491157383532071,-0.81438591950507
2022-11-29,2.1507281339071653,4.150728133907165,-0.5732977939832411,3.7329705086521234,4.487737343825047,-0.7547668351729233
2022-11-30,2.0922787636311,4.0922787636311,-0.5051484543933951,3.657203658978394,4.397419516364249,-0.7402158573858553
2022-12-01,2.0422641940025414,4.0422641940025414,-0.5641664256682768,3.51491292502838,4.322851170959607,-0.8079382459312274
2022-12-02,2.051618518998886,4.051618518998886,-0.6140780008871136,3.4955834673555013,4.34266046255296,-0.8470769951974586
2022-12-05,2.1213446579835136,4.121344657983514,-0.6953573677980076,3.583736550286699,4.451506174768009,-0.8677696244813102
2022-12-06,2.1052073760549845,4.1052073760549845,-0.7795036937650526,3.4929589481591705,4.430003355009651,-0.9370444068504806
2022-12-07,2.0695206816249083,4.069520681624908,-0.8171328986652,3.3965587353947813,4.375114697767991,-0.9785559623732096
2022-12-08,2.096545261949572,4.096545261949572,-0.7884565267222072,3.473738244899521,4.414048130728312,-0.9403098858287908
2022-12-09,2.0914585483332857,4.091458548333286,-0.663397790312878,3.5494716969034625,4.401105783992906,-0.8516340870894439
2022-12-12,2.1181268837870775,4.1181268837870775,-0.7001712678529746,3.575945369739442,4.445527300837865,-0.869581931098423
2022-12-13,2.0600485391532075,4.0600485391532075,-0.7162204189817931,3.454874681788668,4.350363957987772,-0.8954892761991045
2022-12-14,2.053189139083429,4.053189139083429,-0.7148228899672588,3.439159978837002,4.341773673609393,-0.9026136947723908
2022-12-15,2.0672930083366055,4.0672930083366055,-0.8246362797766302,3.3912235623266684,4.368420490333644,-0.9771969280069759
2022-12-16,2.030395293112079,4.030395293112079,-0.6573281483997029,3.4368481956448704,4.300953626353297,-0.8641054307084266
2022-12-19,2.057454239350939,4.057454239350939,-0.6096396253150349,3.5278194700715124,4.338452645047818,-0.8106331749763056
2022-12-20,2.055851969309913,4.055851969309913,-0.4317006883842751,3.652665013403176,4.32502050169534,-0.6723554882921636
2022-12-21,2.0380475035158554,4.038047503515855,-0.37373793467430527,3.660934321101809,4.292786457857845,-0.6318521367560366
2022-12-22,2.0630726127319576,4.063072612731958,-0.47918728393435384,3.637087028785483,4.336107147823358,-0.6990201190378751
2022-12-23,2.077217009479,4.077217009479,-0.4091718245321925,3.711120751875261,4.357226753114946,-0.6461060012396853
2022-12-27,2.098187023048439,4.098187023048439,-0.3191286892354208,3.8143238119388445,4.38708417638977,-0.5727603644509256
2022-12-28,2.0934243881854613,4.093424388185461,-0.2501871487527625,3.854135938958805,4.3755812110738646,-0.5214452721150598
2022-12-29,2.098588849673071,4.098588849673071,-0.3227619770617389,3.8089077085790968,4.3906456423469375,-0.5817379337678408
2022-12-30,2.116287868201354,4.116287868201354,-0.29751473078805635,3.8530706095645537,4.423693486897715,-0.5706228773331614
2023-01-03,2.1123010783476346,4.112301078347635,-0.4267008167554689,3.7579456123653188,4.421116187998959,-0.6631705756336403
2023-01-04,2.097727666591709,4.097727666591709,-0.5302252370847818,3.6540807652735707,4.4047883109442285,-0.7507075456706578
2023-01-05,2.134456873112704,4.134456873112704,-0.6098178657587727,3.6682844751894117,4.468924152495299,-0.8006396773058877
2023-01-06,2.028804303186007,4.028804303186007,-0.4913330393164257,3.5328828347276873,4.305555537582819,-0.7726727028551319
2023-01-09,2.0128991756512846,4.012899175651285,-0.4703922137710457,3.5182545465444326,4.279493345864632,-0.761238799320199
2023-01-10,2.01452892034704,4.01452892034704,-0.3477448442762183,3.6015688798857846,4.281070419860513,-0.6795015399747286
2023-01-11,2.0004767519729896,4.00047675197299,-0.39737006548865583,3.5369335183795036,4.2631901165814945,-0.7262565982019908
2023-01-12,1.96312135167598,3.96312135167598,-0.4576188054399877,3.4174150982756935,4.209930821685406,-0.7925157234097124
2023-01-13,2.0047046274826243,4.004704627482624,-0.5408372351296791,3.4433719882014677,4.273826246960371,-0.8304542587589032
2023-01-17,1.9766176905281512,3.976617690528151,-0.3867946024399451,3.4975529968575882,4.2250032781325135,-0.7274502812749253
2023-01-18,1.931319846909929,3.931319846909929,-0.4939392541758547,3.3283856684795308,4.163526261376132,-0.8351405928966016
2023-01-19,1.947765290773667,3.947765290773667,-0.4866080326762461,3.3623520831236986,4.192541976169548,-0.8301898930458496
2023-01-20,1.9687234569438132,3.9687234569438132,-0.4403681942084994,3.438629628789218,4.220153204466721,-0.7815235756775025
2023-01-23,1.993701059870709,3.993701059870709,-0.4632263534201062,3.4720576027669336,4.259166956535373,-0.7871093537684395
2023-01-24,1.9938897152906705,3.9938897152906705,-0.546440004085956,3.4150242344214345,4.263460057632545,-0.8484358232111107
2023-01-25,1.9809418748200045,3.9809418748200045,-0.5057761043863973,3.4149787371560008,4.244054692033768,-0.8290759548777675
2023-01-26,2.0002909452233553,4.000290945223355,-0.5182664422374135,3.4440248358535683,4.275227097379204,-0.831202261525636
2023-01-27,2.00760791396673,4.00760791396673,-0.49323292941896124,3.4757869037636255,4.286648157583569,-0.8108612538199433
2023-01-30,2.035049245920284,4.035049245920284,-0.5424507860704324,3.499672870967838,4.3276131941497455,-0.8279403231819074
2023-01-31,2.0032727783056856,4.003272778305686,-0.4648074331152854,3.487773459101977,4.278493780372263,-0.7907203212702858
2023-02-01,1.9446399637127243,3.9446399637127243,-0.46626161678401346,3.3659349933008014,4.193783697858265,-0.8278487045574638
2023-02-02,1.9508135259724213,3.9508135259724213,-0.4936101314019563,3.3623589717372937,4.200583724617402,-0.8382247528801079
2023-02-03,2.0405875441760983,4.040587544176098,-0.5805901740091528,3.4739258922367564,4.344878887461851,-0.8709529952250947
2023-02-06,2.1120988047393894,4.112098804739389,-0.6812937010377915,3.548987318345589,4.456930646952712,-0.9079433286071228
2023-02-07,2.120558424123267,4.120558424123267,-0.6471529122604505,3.589569185141599,4.468078629737443,-0.8785094445958439
2023-02-08,2.100408994364166,4.100408994364166,-0.5912371251113093,3.5834627773430103,4.43890323917119,-0.8554404618281799
2023-02-09,2.131016665128307,4.131016665128307,-0.647430893388595,3.608440415189079,4.4855249240313455,-0.8770845088422665
2023-02-10,2.1253863203618195,4.1253863203618195,-0.49975092609516203,3.698632806415678,4.473143899870467,-0.7745110934547892
2023-02-13,2.147633156545396,4.147633156545396,-0.6241904134694218,3.6563982700410755,4.512203626469099,-0.8558053564280237
2023-02-14,2.198681005523852,4.198681005523852,-0.715426933659165,3.694701736912157,4.595767233747684,-0.901065496835527
2023-02-15,2.091668044910385,4.091668044910385,-0.1561142746921469,3.8694450079646203,4.410549758387378,-0.541104750422758
2023-02-16,2.191408710490215,4.191408710490215,-0.5487234808914163,3.7961977244319938,4.5767133937534314,-0.7805156693214377
2023-02-17,2.172298314691801,4.172298314691801,-0.5234390612067541,3.7685570224440577,4.5517642535206955,-0.7832072310766378
2023-02-21,2.2134393184636423,4.213439318463642,-0.46717144633390006,3.8928438938885623,4.610851452425882,-0.7180075585373196
2023-02-22,2.116309376694133,4.116309376694133,-0.04976402450720929,3.9957653697704107,4.4471293859087595,-0.45136401613834876
2023-02-23,2.1099469182181494,4.109946918218149,-0.09432748729853735,3.9507142797467107,4.437846568919565,-0.48713228917285445
2023-02-24,2.148691414633795,4.148691414633795,-0.08857090893699571,4.021342839290512,4.496102734044019,-0.47475989475350655
2023-02-27,2.1326811546178774,4.132681154617877,-0.07413501410348022,3.9977671832937633,4.471828786445669,-0.4740616031519056
2023-02-28,2.134513301614625,4.134513301614625,-0.08126595780526902,3.9915107749285386,4.476795078435006,-0.48528430350646756
2023-03-01,2.1603679265046054,4.160367926504605,-0.01972202227816311,4.0823314657755265,4.513013467380361,-0.4306820016048345
2023-03-02,2.1690196455818835,4.1690196455818835,0.0488124992450949,4.154348483667146,4.522573618617257,-0.36822513495011133
2023-03-03,2.1772057620416874,4.177205762041687,-0.12452813877143232,4.046337060793874,4.543928395987296,-0.49759133519342136
2023-03-06,2.3010301873539234,4.301030187353923,-0.6372786425840218,3.9471358550809774,4.758068429775955,-0.8109325746949776
2023-03-07,2.2319446722333467,4.231944672233347,-0.303485041355013,4.0159748853365755,4.6461242359848045,-0.630149350648229
2023-03-08,2.2528231989686915,4.2528231989686915,-0.35389500453110934,4.016113671759219,4.682252806758623,-0.6661391349994039
2023-03-09,2.199229226943679,4.199229226943679,-0.2974176194242695,3.9605227113860098,4.59847085816982,-0.6379481467838106
2023-03-10,2.1439610554052138,4.143961055405214,-0.5310129952972611,3.7139249397920957,4.512838699938945,-0.7989137601468497
2023-03-13,2.0118076083985983,4.011807608398598,-0.44292113055878524,3.5708380373717654,4.258068225224407,-0.6872301878526414
2023-03-14,2.066606846614185,4.066606846614185,-0.48339047317024075,3.6340364887642385,4.354507646036501,-0.7204711572722622
2023-03-15,1.9866495117722422,3.9866495117722422,-0.4860945171247302,3.507167428694795,4.2073513862127925,-0.7001839575179973
2023-03-16,2.042401319001364,4.042401319001364,-0.5138789527907814,3.56717160211248,4.310792061875059,-0.7436204597625791
2023-03-17,1.931702771110757,3.931702771110757,-0.43228559051166293,3.4317205655187193,4.127784273122606,-0.6960637076038871
2023-03-20,1.975766553785995,3.975766553785995,-0.427164814867111,3.5202820431789283,4.196363524082326,-0.6760814809033975
2023-03-21,2.0433352939722695,4.0433352939722695,-0.43856734925384533,3.6210209098297397,4.314956775628349,-0.693935865798609
2023-03-22,1.9541850484104017,3.9541850484104017,-0.3357869407493155,3.5196140770049915,4.175718831087883,-0.6561047540828913
2023-03-23,1.891435689127185,3.891435689127185,-0.32137825247046603,3.4217243506980153,4.07130939129234,-0.6495850405943249
2023-03-24,1.900634393867982,3.900634393867982,-0.3625643077616356,3.418800074877418,4.080425318165131,-0.6616252432877125
2023-03-27,1.9639239398998498,3.96392393989985,-0.3047794258712768,3.565406996053755,4.1846834794789105,-0.6192764834251556
2023-03-28,1.984147410575254,3.984147410575254,-0.3369542707951263,3.5773472306726255,4.218123006142129,-0.6407757754695034
2023-03-29,1.9957631134748723,3.9957631134748723,-0.33522992098610604,3.5988888000005,4.237599480759944,-0.638710680759444
2023-03-30,1.9987981007686173,3.9987981007686173,-0.3631833478693567,3.5774408881607878,4.2508082159004354,-0.6733673277396477
2023-03-31,1.984719220157075,3.984719220157075,-0.41051279245216943,3.5151228241791252,4.236491586077554,-0.7213687618984284
2023-04-03,1.9502711968699487,3.9502711968699487,-0.387106512635329,3.4614998398539054,4.186132512623186,-0.7246326727692809
2023-04-04,1.8955075639269907,3.8955075639269907,-0.3520422040520348,3.3842051190337683,4.097051292647659,-0.7128461736138911
2023-04-05,1.894421969872532,3.894421969872532,-0.4317873810090962,3.3349893018107566,4.093577238244977,-0.7585879364342207
2023-04-06,1.904944972993107,3.904944972993107,-0.4688568853475008,3.324887610162596,4.11428354389946,-0.7893959337368641
2023-04-07,1.949491891953123,3.949491891953123,-0.45303818963981524,3.409933606226175,4.18872199625613,-0.778788390029955
2023-04-10,1.9651900677139196,3.9651900677139196,-0.47627281210447503,3.4265054003858846,4.214921879195486,-0.7884164788096011
2023-04-11,1.968848914677423,3.968848914677423,-0.46451853252646913,3.4403736427902785,4.217577196602149,-0.7772035538118707
2023-04-12,1.9241102369685734,3.9241102369685734,-0.36182443819713495,3.4200932140133475,4.148960188830287,-0.7288669748169396
2023-04-13,1.9322640175115353,3.9322640175115353,-0.3219159890698089,3.4677128821568157,4.157947541718056,-0.6902346595612405
2023-04-14,1.9727345026957224,3.9727345026957224,-0.32697922749907526,3.53411607935036,4.22671256287028,-0.6925964835199201
2023-04-17,2.0003884367177776,4.0003884367177776,-0.2945359691694289,3.6084825643596616,4.2691374867194485,-0.6606549223597868
2023-04-18,2.002072762230206,4.002072762230206,-0.32378252513288963,3.5861297288095053,4.2749629134992295,-0.6888331846897242
2023-04-19,2.0194104171311054,4.019410417131105,-0.3466187604462885,3.6019239603907582,4.302602856809181,-0.700678896418423
2023-04-20,1.9800056146163598,3.98000561461636,-0.30967020662723854,3.553325737154253,4.239517163903983,-0.6861914267497302
2023-04-21,1.986316919778453,3.986316919778453,-0.2797468320083256,3.5856384830777475,4.250119762203115,-0.6644812791253671
2023-04-24,1.968424074761991,3.968424074761991,-0.30495489904427586,3.5323653504687895,4.225631175847632,-0.6932658253788428
2023-04-25,1.9015749109761657,3.9015749109761657,-0.28917670822738817,3.4243909971180213,4.119365594965072,-0.6949745978470507
2023-04-26,1.9083975905938502,3.90839759059385,-0.2525113908381398,3.4584222157994957,4.131340860292065,-0.6729186444925692
2023-04-27,1.9638663301766002,3.9638663301766,-0.2533321776276525,3.5563372952762826,4.221468768788861,-0.6651314735125782
2023-04-28,1.945619739176358,3.945619739176358,-0.31766880809797016,3.4694065839561254,4.202124531460445,-0.7327179475043195
2023-05-01,1.9630814619408952,3.963081461940895,-0.1633297338547628,3.6086400502990257,4.222954895829049,-0.6143148455300231
2023-05-02,1.9013994681539685,3.9013994681539685,-0.21438972662467837,3.4556927773859356,4.127168909893634,-0.6714761325076988
2023-05-03,1.8581030947108204,3.8581030947108204,-0.15586520723024222,3.4066514957388137,4.062081768447928,-0.6554302727091139
2023-05-04,1.8129377937632611,3.812937793763261,-0.06658330068094998,3.3951813241909776,3.9812875865789654,-0.5861062623879878
2023-05-05,1.8648425898210306,3.8648425898210306,-0.10035670759785287,3.4633277322120075,4.066320717387642,-0.6029929851756344
2023-05-08,1.8910031628014394,3.8910031628014394,-0.0591964856898155,3.5392499504064476,4.107819743245165,-0.5685697928387174
2023-05-09,1.8893511566254446,3.8893511566254446,-0.03296885684339035,3.5514066332060965,4.104517836294463,-0.5531112030883669
2023-05-10,1.8399684946482253,3.8399684946482253,-0.008319919296059908,3.474107152924467,4.028250241956243,-0.5541430890317764
2023-05-11,1.8565078416502558,3.856507841650256,-0.14199274739149814,3.4164700241666632,4.0589578283694525,-0.6424878042027893
2023-05-12,1.8909048153202477,3.8909048153202477,-0.14153212580988495,3.483904250734576,4.111719046693907,-0.6278147959593312
2023-05-15,1.874650022791883,3.874650022791883,-0.019580348548746684,3.5317745338683446,4.084977103655428,-0.553202569787083
2023-05-16,1.8940199483263598,3.89401994832636,0.0008347534446739857,3.577173652492903,4.118369573363047,-0.5411959208701442
2023-05-17,1.9267058809737208,3.9267058809737208,-0.05293559726366848,3.601029695721659,4.171506091274387,-0.5704763955527281
2023-05-18,1.9730667281001573,3.9730667281001573,-0.05888728359898732,3.6816216937417123,4.247970474981402,-0.5663487812396899
2023-05-19,1.9896916015045392,3.989691601504539,-0.03083548571182604,3.737788140628334,4.270735256490023,-0.5329471158616892
2023-05-22,1.9879694024014753,3.9879694024014753,0.011424415512587771,3.7576130313109273,4.271612392645048,-0.5139993613341209
2023-05-23,1.9891742973082387,3.9891742973082387,-0.012710347794651078,3.7373725693808533,4.276325115714665,-0.5389525463338121
2023-05-24,2.0053321871458465,4.0053321871458465,-0.013737721385683521,3.759719053229824,4.308019080464376,-0.5483000272345522
2023-05-25,2.0734660144256196,4.07346601442562,-0.07502979313311542,3.8448047567625165,4.41767528832102,-0.5728705315585039
2023-05-26,2.097607477644871,4.097607477644871,-0.17104669065032407,3.822987220602455,4.460347169871639,-0.6373599492691842
2023-05-30,2.054691868221262,4.054691868221262,-0.18020738669894065,3.731700329605858,4.398949619683346,-0.6672492900774882
2023-05-31,2.0275874400638187,4.027587440063819,-0.18353957526777886,3.6776321995586794,4.358121923911185,-0.6804897243525052
2023-06-01,2.00845500892369,4.00845500892369,-0.17674398558729454,3.6488841860059216,4.326108258048221,-0.6772240720422991
2023-06-02,2.0727425614612827,4.072742561461283,-0.24658137209871267,3.7228263250767735,4.428518890373632,-0.7056925652968586
2023-06-05,2.0614194954991447,4.061419495499145,-0.2253176846149616,3.718918136948926,4.407158666236109,-0.6882405292871829
2023-06-06,2.0776217380994026,4.077621738099403,-0.27478378491401134,3.714936646084246,4.433052276991562,-0.7181156309073162
2023-06-07,2.0905328502824148,4.090532850282415,-0.16560221672477304,3.8192641840394757,4.446408266834889,-0.6271440827954136
2023-06-08,2.0811577169058495,4.0811577169058495,-0.25965855428724094,3.7356708026795515,4.433103085588151,-0.6974322829085993
2023-06-09,2.11315728508616,4.11315728508616,-0.3261216950781085,3.750411460327331,4.486745963581253,-0.7363345032539219
2023-06-12,2.097249487361843,4.097249487361843,-0.292216515119323,3.741128440717315,4.462690099649849,-0.7215616589325338
2023-06-13,2.1489606361348734,4.148960636134873,-0.32568666813251745,3.8231281969704076,4.538675241728572,-0.7155470447581642
2023-06-14,2.1953132673668136,4.195313267366814,-0.5050684075930185,3.7891705741317963,4.616804068155614,-0.8276334940238175
2023-06-15,2.129472030758329,4.129472030758329,-0.4412720722293395,3.7000340548326895,4.51522679203564,-0.8151927372029504
2023-06-16,2.17723320104772,4.17723320104772,-0.5502647597618395,3.7222346206667765,4.588940232468179,-0.8667056118014025
2023-06-20,2.1685773316273043,4.168577331627304,-0.5652198905471835,3.693599318500994,4.577651688684911,-0.8840523701839174
2023-06-21,2.1687681447740346,4.168768144774035,-0.5876966014651863,3.67661738450283,4.580285339521837,-0.9036679550190074
2023-06-22,2.1990680264631166,4.199068026463117,-0.5802759373643624,3.7400013304022854,4.627733841078895,-0.8877325106766092
2023-06-23,2.180213406543835,4.180213406543835,-0.5628325677413386,3.7134628174591233,4.601039787194192,-0.8875769697350684
2023-06-26,2.1647175158806036,4.164717515880604,-0.5312149360825167,3.7016382153120597,4.578867922601827,-0.877229707289767
2023-06-27,2.2043988769761853,4.204398876976185,-0.61415863250404,3.7191459602733334,4.644601574921549,-0.9254556146482158
2023-06-28,2.185811143816693,4.185811143816693,-0.6373395885829751,3.6636128055827832,4.618062945066723,-0.9544501394839395
2023-06-29,2.176270844141172,4.176270844141172,-0.2478736763526248,3.898939982549211,4.5904184546569216,-0.6914784721077107
2023-06-30,2.185352090765001,4.185352090765001,-0.3904782346788176,3.849870234356865,4.608508546185391,-0.7586383118285256
2023-07-03,2.214547610602061,4.214547610602061,-0.4111255224013899,3.891226426544212,4.650989660258108,-0.7597632337138958
2023-07-05,2.2099391163900535,4.2099391163900535,-0.28078719145968556,3.9804338645918724,4.633545036457052,-0.6531111718651799
2023-07-06,2.2454865047108044,4.245486504710804,-0.24022554780898542,4.088268435301422,4.683483691266438,-0.5952152559650159
2023-07-07,2.2326810977035336,4.232681097703534,-0.19903715970725244,4.099358972411058,4.662725949761877,-0.5633669773508192
2023-07-10,2.2313180991654633,4.231318099165463,-0.2993155374576624,4.00277898783376,4.667463442450453,-0.664684454616693
2023-07-11,2.2545784906832864,4.254578490683286,-0.4172055675167039,3.9689598459410473,4.70949385081217,-0.7405340048711229
2023-07-12,2.172750495425369,4.172750495425369,-0.35686949745996177,3.84172309241414,4.581657461025563,-0.7399343686114235
2023-07-13,2.1077437579796765,4.1077437579796765,-0.2987458999216983,3.7534900853056605,4.4801834675607415,-0.726693382255081
2023-07-14,2.1796044396227927,4.179604439622793,-0.47513707740933064,3.7719152066148185,4.59500463990317,-0.8230894332883514
2023-07-17,2.1680799232448322,4.168079923244832,-0.45970403745112964,3.758244266509616,4.5775948377833116,-0.8193505712736955
2023-07-18,2.1759365653782368,4.175936565378237,-0.5236029329860141,3.729739861483509,4.591475661044734,-0.8617357995612247
2023-07-19,2.185020589102031,4.185020589102031,-0.628700127260517,3.67353475227465,4.610759371907523,-0.9372246196328731
2023-07-20,2.2149448519786716,4.214944851978672,-0.5729669005731726,3.775367592792954,4.652478780312632,-0.8771111875196778
2023-07-21,2.2253036956188765,4.2253036956188765,-0.6089079695518791,3.7719837330010884,4.669684549794607,-0.897700816793519
2023-07-24,2.241839221554521,4.241839221554521,-0.5809570127262518,3.8264268580040492,4.695543869310932,-0.8691170113068831
2023-07-25,2.262563090983882,4.262563090983882,-0.5701084504817393,3.8777830766883015,4.727936121325402,-0.8501530446371004
2023-07-26,2.163510181763634,4.163510181763634,-0.24428635007408683,3.882878406556316,4.564599419293322,-0.6817210127370061
2023-07-27,2.271899642042733,4.271899642042733,-0.45320177427098685,3.9783229508552607,4.735900482072579,-0.7575775312173185
2023-07-28,2.2484120879567726,4.248412087956773,-0.46423050637358987,3.9217491343669617,4.70231048210954,-0.7805613477425779
2023-07-31,2.1862523181469413,4.186252318146941,-0.1927228444815725,3.9715248767023357,4.59585995356274,-0.6243350768604041
2023-08-01,2.16200418168237,4.16200418168237,0.004313656508301733,4.075649602383445,4.5473203181042665,-0.47167071572082175
2023-08-02,2.214775113561565,4.214775113561565,-0.1876488717523337,4.044648813656227,4.636284949143999,-0.5916361354877715
2023-08-03,2.2063308055457753,4.206330805545775,-0.02151825531662599,4.143309680629695,4.614028933939259,-0.47071925330956343
2023-08-04,2.153610418729592,4.153610418729592,-0.06236250110728658,4.007558200038505,4.536784610350149,-0.5292264103116437
2023-08-07,2.1390216175129737,4.139021617512974,0.05290977266451158,4.057060567552777,4.512137375001243,-0.45507680744846546
2023-08-08,2.132733653240642,4.132733653240642,-0.035517551199371056,3.980641648057322,4.507694347615931,-0.5270526995586087
2023-08-09,2.1590832733209595,4.1590832733209595,-0.13057188129669317,3.9660465841976076,4.552474354640784,-0.5864277704431768
2023-08-10,2.1691182351621237,4.169118235162124,-0.016806127265465598,4.0695019098533,4.561263206286346,-0.49176129643304556
2023-08-11,2.20874002701607,4.20874002701607,-0.03726971895575115,4.13945547240473,4.618933371574647,-0.47947789916991645
2023-08-14,2.250950894947394,4.250950894947394,-0.1743836005256858,4.131144538039256,4.686113777095983,-0.5549692390567271
2023-08-15,2.230081443154276,4.230081443154276,-0.049589503400666146,4.176187832744314,4.649248180638276,-0.4730603478939619
2023-08-16,2.2483160256426657,4.248316025642666,-0.02657606167807458,4.231091572635384,4.67410704858314,-0.4430154759477567
2023-08-17,2.22657458897919,4.22657458897919,0.09442099198935772,4.273682866516182,4.635029849728504,-0.3613469832123215
2023-08-18,2.219126460740455,4.219126460740455,0.04678236608326092,4.225700815699934,4.624322851314863,-0.39862203561492926
2023-08-21,2.236440600800151,4.236440600800151,0.11812193536085402,4.308806280610987,4.648475860929184,-0.3396695803181977
2023-08-22,2.199277211046571,4.199277211046571,0.34846944104291033,4.391325483514266,4.584264853618405,-0.1929393701041393
2023-08-23,2.2420507741946665,4.2420507741946665,-0.11413411907608495,4.158565541739481,4.667616215525854,-0.5090506737863727
2023-08-24,2.254511153607318,4.254511153607318,-0.09931300725533632,4.189688370773203,4.689171013585291,-0.49948264281208843
2023-08-25,2.2793416868797607,4.279341686879761,-0.14575156428478397,4.206106085471466,4.730924806368853,-0.5248187208973878
2023-08-28,2.261601923230728,4.261601923230728,-0.14593601634442877,4.166603223077843,4.7058481155354865,-0.5392448924576438
2023-08-29,2.205352589034952,4.205352589034952,-0.08857812153806943,4.094231400529487,4.617036540261021,-0.5228051397315348
2023-08-30,2.2045565425407005,4.2045565425407005,-0.05847073785337109,4.113172304519319,4.615942248241418,-0.5027699437220994
2023-08-31,2.1909460732025394,4.190946073202539,-0.054643202533997126,4.087697996294986,4.597562890703441,-0.5098648944084543
2023-09-01,2.1840983692456675,4.1840983692456675,0.09772779587880809,4.18274594200448,4.578084477266173,-0.3953385352616925
2023-09-05,2.2164235392544995,4.2164235392544995,0.09320129199153282,4.241480046855391,4.627420319570028,-0.38594027271463727
2023-09-06,2.193817229526587,4.193817229526587,0.31185543013128925,4.353216546103419,4.584533999540383,-0.2313174534369642
2023-09-07,2.2241270996779363,4.224127099677936,0.06205494058440042,4.237657238632269,4.639005079204588,-0.40134784057231876
2023-09-08,2.242178566122284,4.242178566122284,-0.014019597223581926,4.222432110982944,4.669013916112492,-0.44658180512954804
2023-09-11,2.2351148728146484,4.235114872814648,0.04870017558159123,4.251739398920824,4.656021505462549,-0.40428210654172503
2023-09-12,2.2526817591697608,4.252681759169761,-0.04204772803531309,4.223479069671443,4.686071949231192,-0.46259287955974937
2023-09-13,2.240731165281879,4.240731165281879,-0.024771906175848457,4.211484399735849,4.667581291035312,-0.4560968912994623
2023-09-14,2.253459800636776,4.253459800636776,-0.02585031292894513,4.238011222064321,4.684607276078096,-0.4465960540137752
2023-09-15,2.1917004397424336,4.191700439742434,0.3439211112420395,4.373288386994596,4.575848190221816,-0.20255980322721978
2023-09-18,2.2028295972707426,4.202829597270743,0.3026371331405908,4.363256616400279,4.595602520141694,-0.23234590374141462
2023-09-19,2.2406564262468365,4.2406564262468365,0.20826256913600538,4.3833638781485025,4.655429133638633,-0.27206525549013083
2023-09-20,2.257723301299798,4.257723301299798,0.13859967949104135,4.3623800919531845,4.688043330498967,-0.3256632385457827
2023-09-21,2.227637307773307,4.227637307773307,0.4739635623487013,4.537788498180062,4.62265264772255,-0.08486414954248822
2023-09-22,2.2197040933821555,4.2197040933821555,0.43047574142132383,4.491650917588792,4.612819393340264,-0.12116847575147194
2023-09-25,2.20075502054263,4.20075502054263,0.6520706871602062,4.608163225502182,4.57582533479484,0.03233789070734172
2023-09-26,2.196048345541392,4.196048345541392,0.6935079709977252,4.625055326481255,4.56702582512265,0.05802950135860474
2023-09-27,2.2112223748164226,4.211222374816423,0.7430640790620622,4.688185233115668,4.58883049601033,0.0993547371053376
2023-09-28,2.1872363124622325,4.1872363124622325,0.7760497906814052,4.666947710867686,4.551833606862756,0.11511410400493016
2023-09-29,2.1676786990543135,4.1676786990543135,0.8442825961427189,4.671922533807991,4.520785537585232,0.15113699622275867
2023-10-02,2.1952776890310233,4.195277689031023,0.9008907238240482,4.770617483864405,4.557759178127474,0.21285830573693065
2023-10-03,2.2065994644675087,4.206599464467509,1.0396005507661457,4.8914995998919215,4.566797323619453,0.3247022762724683
2023-10-04,2.1812951296823684,4.181295129682368,0.9878723244332264,4.8141169814414075,4.529706120148866,0.28441086129254156
2023-10-05,2.161479994455597,4.161479994455597,1.0356204203327213,4.803029482410648,4.495860807826532,0.30716867458411556
2023-10-06,2.2032298543621565,4.2032298543621565,0.9489389543198268,4.820050895345375,4.563804799029623,0.2562460963157518
2023-10-10,2.1596817242096478,4.159681724209648,0.9250354619379815,4.717618547582332,4.498937885444927,0.21868066213740533
2023-10-11,2.1885541995682303,4.18855419956823,0.6948932298422097,4.6155022217132675,4.551530585355683,0.06397163635758485
2023-10-12,2.176595098686647,4.176595098686647,0.9765373820816059,4.786596109734001,4.523181288322794,0.26341482141120665
2023-10-13,2.1752765650758334,4.1752765650758334,0.8706642439096131,4.709047016422243,4.524660668891868,0.18438634753037508
2023-10-16,2.1834598445220053,4.183459844522005,0.975362965494444,4.796380167171366,4.5325323416668,0.2638478255045653
2023-10-17,2.2411160815302154,4.241116081530215,0.9647557579585397,4.907291323751539,4.618782175539591,0.28850914821194795
2023-10-18,2.276539674637853,4.276539674637853,0.8996636923111678,4.943709128975485,4.670407895521198,0.27330123345428703
2023-10-19,2.237600746050589,4.237600746050589,1.1583529279479468,5.050611207400318,4.596534827847427,0.45407637955289104
2023-10-20,2.2000962037882346,4.200096203788235,1.200340328187333,5.004874459683184,4.539633530270113,0.4652409294130706
2023-10-23,2.2013500230393603,4.20135002303936,1.0834467724136676,4.924725258934631,4.549860104360223,0.3748651545744073
2023-10-24,2.2169990924842864,4.216999092484286,1.0106784962202777,4.903184253395453,4.57743861710537,0.32574563629008235
2023-10-25,2.229166162692465,4.229166162692465,1.1472687077037156,5.024462486204764,4.588188733392931,0.4362737528118332
2023-10-26,2.2013400992865684,4.201340099286568,1.1011282097903816,4.936838827227868,4.54975949794481,0.38707932928305855
2023-10-27,2.1763440882259175,4.1763440882259175,1.1559600879279506,4.923432673009401,4.511249318757436,0.4121833542519653
2023-10-30,2.1877975797539477,4.187797579753948,1.1684480148862004,4.95621638735019,4.527179884007116,0.42903650334307386
2023-10-31,2.1992993434534327,4.199299343453433,1.1346682173279827,4.952711926082417,4.547624330360368,0.40508759572204855
2023-11-01,2.1512728642338033,4.151272864233803,1.1046466964775012,4.836754048323275,4.477377297745908,0.3593767505773675
2023-11-02,2.1838097715049116,4.183809771504912,0.843462910646954,4.718005066241027,4.535549072882628,0.18245599335839824
2023-11-03,2.11421139881962,4.11421139881962,0.899952505828602,4.6218872915255576,4.425743898233208,0.19614339329234998
2023-11-06,2.1547156653601505,4.1547156653601505,0.9072532533026676,4.706934127418374,4.485272948141005,0.22166117927736906
2023-11-07,2.1539589543093456,4.153958954309346,0.7766075577765861,4.6132118073770805,4.491702483310787,0.12150932406629344
2023-11-08,2.1488890783735286,4.148889078373529,0.7292152095494036,4.572884309919827,4.487125883783613,0.08575842613621365
2023-11-09,2.1703592687822493,4.170359268782249,0.8870450799812089,4.724002142741267,4.512712243032336,0.2112898997089312
2023-11-10,2.1873076793718553,4.187307679371855,0.809671587335453,4.703341295811644,4.5400228867038654,0.16331840910777817
2023-11-13,2.1859937782459724,4.185993778245972,0.8308235406863345,4.719919624879867,4.537978942242648,0.18194068263721874
2023-11-14,2.1187339604320954,4.118733960432095,0.7066967584046076,4.496765175474166,4.439818680973785,0.05694649450038103
2023-11-15,2.155559321846397,4.155559321846397,0.7104730135257817,4.571010624876797,4.493316220054078,0.07769440482271861
2023-11-16,2.120143166735147,4.120143166735147,0.715142374308023,4.5029572432456675,4.440012747110822,0.0629444961348451
2023-11-17,2.1492371091012146,4.149237109101215,0.5855363150554211,4.469222043548289,4.488580668921919,-0.019358625373630645
2023-11-20,2.1526674423418157,4.152667442341816,0.543730179815471,4.44547607928409,4.497034026026548,-0.051557946742458505
2023-11-21,2.1337022141017172,4.133702214101717,0.597644647715736,4.444310708231681,4.466126899663758,-0.021816191432076693
2023-11-22,2.147923313879744,4.147923313879744,0.5745453206854956,4.455528444343009,4.491211475294712,-0.03568303095170311
2023-11-24,2.128870331621357,4.128870331621357,0.7794411013034512,4.5586503081332035,4.4521446963639395,0.10650561176926399
2023-11-27,2.136438104196877,4.136438104196877,0.5734675460767926,4.431362879413789,4.473412535307408,-0.042049655893618976
2023-11-28,2.0794613102012462,4.079461310201246,0.6955962335737542,4.403771644531515,4.382618032823715,0.021153611707799946
2023-11-29,2.059505576955985,4.059505576955985,0.6484669789843309,4.34054884557616,4.351599734205598,-0.011050888629437594
2023-11-30,2.0776136635993723,4.077613663599372,0.7263005651664614,4.429527232242806,4.373394084951796,0.0561331472910096
2023-12-01,2.0285718660518697,4.02857186605187,0.6443648165046048,4.2848211118861155,4.299448186654965,-0.014627074768849724
2023-12-04,2.063718017180527,4.063718017180527,0.6252239138169529,4.340790909167415,4.3523367315717865,-0.011545822404371187
2023-12-05,2.0527121002881543,4.052712100288154,0.49811714411022745,4.233292978451561,4.34084029761707,-0.10754731916550853
2023-12-06,2.067211392656475,4.067211392656475,0.35343565324751225,4.158422190358166,4.3689006015324106,-0.21047841117424415
2023-12-07,2.0550500759695254,4.055050075969525,0.4101947633989633,4.17621784940662,4.345962163416368,-0.16974431400974765
2023-12-08,2.108006247133943,4.108006247133943,0.3734177862481429,4.2540986238676055,4.426721480550959,-0.1726228566833532
2023-12-11,2.1070259559198448,4.107025955919845,0.39045981439976796,4.263340454659475,4.4253702425501,-0.16202978789062517
2023-12-12,2.109179750433718,4.109179750433718,0.32199440657692513,4.217092673853138,4.431587913936848,-0.21449524008371057
2023-12-13,2.0143866151701957,4.014386615170196,0.38194230696316733,4.0812061504221315,4.28163629617831,-0.20043014575617857
2023-12-14,2.0058431691572025,4.0058431691572025,0.21082682192073277,3.955251110635135,4.272497125452313,-0.31724601481717807
2023-12-15,2.0219764613324998,4.0219764613325,0.14094015323898157,3.9316061078971836,4.301201357438648,-0.3695952495414647
2023-12-18,2.0259933800846426,4.025993380084643,0.18659793547199444,3.973483679277373,4.30479237158177,-0.33130869230439686
2023-12-19,2.025295936144275,4.025295936144275,0.17275621189845225,3.965813735806274,4.302758384988614,-0.33694464918234024
2023-12-20,2.0063582023915245,4.0063582023915245,0.11845700109967705,3.8963295107642453,4.274874955259022,-0.37854544449477645
2023-12-21,2.0018730657989394,4.001873065798939,0.16795601832509366,3.925839524429394,4.26278441025375,-0.336944885824356
2023-12-22,1.9980753884574298,3.99807538845743,0.1894330161193971,3.9370049112936965,4.256617294503145,-0.3196123832094484
2023-12-26,2.0058953420033276,4.005895342003328,0.1516843008680393,3.9265219126810327,4.26707445896039,-0.34055254627935705
2023-12-27,2.003212968743881,4.003212968743881,-0.02980060295275777,3.7972497191450527,4.270849214892813,-0.4735994957477603
2023-12-28,2.018996838888228,4.018996838888228,-0.006855400048783267,3.8446770723379706,4.295498525455883,-0.450821453117912
2023-12-29,1.9899357742936203,3.9899357742936203,0.1582595553506807,3.9050096441163484,4.240474640126013,-0.33546499600966495
2024-01-02,2.0176930857854387,4.017693085785439,0.15985279295069033,3.960493232766651,4.2806446870133374,-0.32015145424668656
2024-01-03,2.009907711305523,4.009907711305523,0.13991250352151807,3.9281693939506077,4.272115293462203,-0.3439458995115956
2024-01-04,2.019915225288557,4.019915225288557,0.23095511951941106,4.010302706270375,4.281454635737842,-0.27115192946746713
2024-01-05,2.02257006206446,4.02257006206446,0.3066091319920501,4.071752838188202,4.279455757607657,-0.20770291941945462
2024-01-08,2.0070807147300584,4.0070807147300584,0.29266441125313314,4.03094560466979,4.25831984201016,-0.22737423734036977
2024-01-09,2.0125804555166695,4.0125804555166695,0.27712799703712054,4.030982750084798,4.268183953231184,-0.2372012031463866
2024-01-10,2.0102721942872037,4.010272194287204,0.31171339000585263,4.051689175348279,4.261529727234079,-0.20984055188579998
2024-01-11,1.983372641639015,3.983372641639015,0.30612573135928933,4.000827820315545,4.220544393325975,-0.21971657301042935
2024-01-12,1.951493024150011,3.951493024150011,0.33625849958401943,3.9738620153202775,4.162648018699914,-0.1887860033796369
2024-01-16,1.9668397877657924,3.9668397877657924,0.47234749545395616,4.0935928807895765,4.182292604590205,-0.0886997238006284
2024-01-17,2.003635668369654,4.003635668369654,0.4230034155099798,4.122806928378455,4.245126382905251,-0.12231945452679582
2024-01-18,1.9967278471065626,3.9967278471065626,0.500685890976694,4.1634951158952855,4.229742367228005,-0.06624725133271969
2024-01-19,2.0104147896777675,4.0104147896777675,0.48243877378999844,4.173142899008983,4.25247140047178,-0.07932850146279691
2024-01-22,1.9990118149123361,3.999011814912336,0.44451740478478197,4.120990301417098,4.238354928837692,-0.11736462742059395
2024-01-23,1.998059704797022,3.998059704797022,0.5062938424568726,4.165446843046354,4.2331542646330185,-0.06770742158666465
2024-01-24,2.0026980609055443,4.002698060905544,0.5536972396488027,4.20703813123849,4.236708396017943,-0.029670264779452893
2024-01-25,1.9843292592983133,3.9843292592983133,0.5395626419054951,4.165297413165334,4.208913453485916,-0.04361604032058253
2024-01-26,1.9981982066229165,3.9981982066229165,0.5225918893431434,4.180479289867561,4.229745173126733,-0.049265883259171694
2024-01-29,1.9812253245585438,3.981225324558544,0.4438477697912129,4.091538586989396,4.207784687648883,-0.11624610065948726
2024-01-30,2.0039770864002264,4.003977086400226,0.369842996169381,4.081767609115411,4.246799205895369,-0.1650315967799587
2024-01-31,1.9767198353114637,3.9767198353114637,0.3279454650357416,4.002077047609772,4.2066988351504735,-0.20462178754070148
2024-02-01,1.9740880709354585,3.9740880709354585,0.12187660582657367,3.8565640252177134,4.209957766645797,-0.35339374142808344
2024-02-02,2.023386537652428,4.023386537652428,0.2626104720398228,4.043047602562302,4.286747869673959,-0.24370026711165682
2024-02-05,2.0537591219684685,4.0537591219684685,0.3735756500418024,4.180168053024835,4.32692175308142,-0.1467537000565846
2024-02-06,2.029257633969415,4.029257633969415,0.32399359471425804,4.099382509863434,4.2905719649443865,-0.1911894550809521
2024-02-07,2.0322677723005143,4.032267772300514,0.3413953569639663,4.116841976669339,4.294065407918766,-0.17722343124942697
2024-02-08,2.046017507925221,4.046017507925221,0.40408580285175244,4.189610484670411,4.3104978248308035,-0.12088734016039204
2024-02-09,2.0561517771565576,4.056151777156558,0.39382151474195215,4.202335685426817,4.326880899884853,-0.12454521445803568
2024-02-12,2.0488253168095554,4.048825316809555,0.40825894294168563,4.195789789305356,4.316169901789381,-0.12038011248402558
2024-02-13,2.112107919111594,4.112107919111594,0.44056381236227793,4.333998362014555,4.416323137814031,-0.08232477579947606
2024-02-14,2.087894395848764,4.087894395848764,0.4486688149115743,4.2960527369494015,4.37655680283949,-0.0805040658900884
2024-02-15,2.0783567897969846,4.078356789796985,0.4397235193645894,4.269446656036938,4.363353908805321,-0.09390725276838285
2024-02-16,2.102822980569897,4.102822980569897,0.4460533307403969,4.318315965847624,4.4002331584232195,-0.08191719257559527
2024-02-20,2.082655094881794,4.082655094881794,0.4745476083081721,4.300590246289378,4.367374325996167,-0.0667840797067889
2024-02-21,2.097408835661362,4.097408835661362,0.5023831262697005,4.346803330337537,4.3901787628406534,-0.04337543250311615
2024-02-22,2.1222742688959144,4.122274268895914,0.42959360498893684,4.343370432913096,4.43164357909098,-0.08827314617788407
2024-02-23,2.117443606411875,4.117443606411875,0.3348147748647108,4.2655552796079865,4.427718478476748,-0.16216319886876107
2024-02-26,2.1303359350464675,4.1303359350464675,0.3277081078920574,4.283840848342547,4.449818638533189,-0.16597779019064163
2024-02-27,2.127730032180189,4.127730032180189,0.3775016449892572,4.31297934240139,4.443134378945256,-0.13015503654386595
2024-02-28,2.1079911946148897,4.10799119461489,0.3834608688075365,4.2804453823219095,4.412969537546882,-0.13252415522497252
2024-02-29,2.1093772470764947,4.109377247076495,0.34875012196630006,4.258980755826616,4.41688730593232,-0.15790655010570465
2024-03-01,2.0708340021633163,4.070834002163316,0.366729220583923,4.200474579567023,4.355888540214513,-0.1554139606474907
2024-03-04,2.091102129229945,4.091102129229945,0.35745761884749516,4.227841384950947,4.389544910718019,-0.1617035257670718
2024-03-05,2.078063141914896,4.078063141914896,0.25972395402043347,4.136208540404266,4.373745410934928,-0.2375368705306622
2024-03-06,2.088130936018608,4.088130936018608,0.17431562133177714,4.094103314405492,4.393305807979819,-0.2992024935743265
2024-03-07,2.0670963630888224,4.067096363088822,0.20764552477317633,4.077718535962034,4.359744364100207,-0.2820258281381731
2024-03-08,2.0529079089464446,4.052907908946445,0.2519735652713919,4.0800778094187855,4.3359828956802655,-0.25590508626148
2024-03-11,2.069782080961481,4.069782080961481,0.20769315142954792,4.080146594666567,4.3654794885599655,-0.2853328938933988
2024-03-12,2.0936868617169324,4.093686861716932,0.23328811793425963,4.142337044326046,4.4022367243235365,-0.2598996799974902
2024-03-13,2.1024367201152643,4.102436720115264,0.2503224623199456,4.1720260712401185,4.413793025121498,-0.24176695388137937
2024-03-14,2.1258954420064313,4.125895442006431,0.33968149124746816,4.281857371993253,4.445116847720127,-0.16325947572687394
2024-03-15,2.1438725311765694,4.143872531176569,0.299917045233248,4.291181879339885,4.471439470867109,-0.18025759152722376
2024-03-18,2.149082016646176,4.149082016646176,0.32743121901081107,4.321290527951079,4.478439378996182,-0.15714885104510312
2024-03-19,2.131991990820538,4.131991990820538,0.3318343165495268,4.290093584776493,4.455543240209833,-0.16544965543334023
2024-03-20,2.1055486522264246,4.105548652226425,0.37254181736491265,4.271584099796757,4.412352655912109,-0.14076855611535155
2024-03-21,2.109701194825078,4.109701194825078,0.36129121194190095,4.269809518910571,4.419416442718298,-0.14960692380772667
2024-03-22,2.09855413864355,4.09855413864355,0.3007711088769165,4.20735314280489,4.40458829937205,-0.19723515656716017
2024-03-25,2.1043266981843587,4.104326698184359,0.3339894311350369,4.241434958671012,4.411679932224779,-0.17024497355376678
2024-03-26,2.106652929849382,4.106652929849382,0.3079426719418654,4.225342535675149,4.417672055920807,-0.19232952024565808
2024-03-27,2.097172258110632,4.097172258110632,0.26981869496681377,4.180665705779005,4.402776798891484,-0.22211109311247856
2024-03-28,2.118023958431877,4.118023958431877,0.2066203753549729,4.173850214052947,4.437686559901664,-0.2638363458487172
2024-04-01,2.144377081413147,4.144377081413147,0.3096710737545161,4.297972233572703,4.472453909493237,-0.17448167592053387
2024-04-02,2.132540513693158,4.132540513693158,0.4004370303592033,4.341857618671925,4.447032925811731,-0.10517530713980605
2024-04-03,2.123545677119459,4.123545677119459,0.4211295118308813,4.340614147495605,4.43220265684142,-0.09158850934581508
2024-04-04,2.1158700580573395,4.1158700580573395,0.37901735077860277,4.296863693077119,4.421593053741181,-0.1247293606640616
2024-04-05,2.1447709377393096,4.14477093773931,0.39809950056785937,4.363393604443808,4.465961726020211,-0.10256812157640294
2024-04-08,2.1697252982860036,4.169725298286004,0.3581609315364789,4.386332615313684,4.504465571579468,-0.11813295626578402
2024-04-09,2.1572864544456536,4.157286454445654,0.31006294840312787,4.32988597118277,4.486958892253344,-0.1570729210705739
2024-04-10,2.2570300869637947,4.257030086963795,0.2755000897424331,4.499249541057091,4.644289080188366,-0.14503953913127443
2024-04-11,2.248157782963254,4.248157782963254,0.30417313677966895,4.505452230513081,4.625829927530463,-0.12037769701738199
2024-04-12,2.2207094688244666,4.220709468824467,0.30985284296878124,4.455619030783743,4.582943031009603,-0.12732400022586
2024-04-15,2.232451967616683,4.232451967616683,0.4528820917002223,4.579443382333027,4.593559682243429,-0.014116299910401864
2024-04-16,2.248721522666294,4.248721522666294,0.46803486999943367,4.623564408083481,4.618542793728257,0.005021614355223747
2024-04-17,2.2363034714372247,4.236303471437225,0.3754715378274813,4.5332776949990325,4.602485610946346,-0.06920791594731313
2024-04-18,2.2543154502642295,4.2543154502642295,0.4100542891665624,4.594600016970878,4.628751003132642,-0.03415098616176415
2024-04-19,2.251353331454588,4.251353331454588,0.38586207926681126,4.572374217990693,4.6252411160476985,-0.05286689805700551
2024-04-22,2.246669717873125,4.246669717873125,0.40458490705219585,4.575581805302014,4.617642120942545,-0.04206031564053081
2024-04-23,2.2232119584752112,4.223211958475211,0.4567914970605047,4.564912187433912,4.579095891961139,-0.014183704527227725
2024-04-24,2.2247399376079144,4.224739937607914,0.5218453764183826,4.612563397929676,4.579080324010878,0.03348307391879768
2024-04-25,2.251654218757224,4.251654218757224,0.5162581934019101,4.661549556381555,4.621705381515556,0.03984417486599856
2024-04-26,2.2537833531521443,4.253783353152144,0.4602673963864623,4.624211000705401,4.629692594053197,-0.005481593347796299
2024-04-29,2.246074421361186,4.246074421361186,0.4145228013621658,4.576728452523222,4.619138961106837,-0.0424105085836155
2024-04-30,2.274111501952639,4.274111501952639,0.41056148418323346,4.628105014158727,4.66350546229529,-0.03540044813656262
2024-05-01,2.238486707272237,4.238486707272237,0.4309315439674348,4.571188942135304,4.608873711007133,-0.03768476887182892
2024-05-02,2.199375180807401,4.199375180807401,0.4977325044545733,4.538623018493469,4.547385825672114,-0.00876280717864475
2024-05-03,2.1657181433618504,4.16571814336185,0.4919886891630414,4.469855661191382,4.495551218744809,-0.02569555755342723
2024-05-06,2.178770808314212,4.178770808314212,0.4188577898117538,4.443912807809977,4.517625758546232,-0.07371295073625461
2024-05-07,2.1836706242374433,4.183670624237443,0.36418867422554424,4.4148391678908165,4.528135303524274,-0.11329613563345742
2024-05-08,2.186443266363945,4.186443266363945,0.40531833307041953,4.450556066916906,4.529793344530513,-0.07923727761360677
2024-05-09,2.174125572613022,4.174125572613022,0.40319519297827533,4.424010240115461,4.512958586382541,-0.08894834626708015
2024-05-10,2.1917307916806053,4.191730791680605,0.4088331268771519,4.461416591462284,4.539221643664677,-0.07780505220239231
2024-05-13,2.189210473958717,4.189210473958717,0.3938466152681661,4.445277879974303,4.536730738479233,-0.09145285850492968
2024-05-14,2.170720479599396,4.170720479599396,0.41138959433776456,4.420360204411765,4.510057017766207,-0.08969681335444157
2024-05-15,2.1363876494663856,4.136387649466386,0.3768358737471864,4.328590982418607,4.459737021887968,-0.13114603946936132
2024-05-16,2.1492448505726642,4.149244850572664,0.39158128718849383,4.362679001480799,4.47812597721627,-0.11544697573547147
2024-05-17,2.1730627489128267,4.173062748912827,0.3422431701513977,4.376701571661153,4.514796058945114,-0.13809448728396134
2024-05-20,2.178483728765279,4.178483728765279,0.35292686037544385,4.394288698246715,4.523139337790088,-0.12885063954337284
2024-05-21,2.173266858458753,4.173266858458753,0.3275368397666707,4.364679204828745,4.516767378548045,-0.15208817371930028
2024-05-22,2.1981749287502126,4.198174928750213,0.25852584385440647,4.365393952485597,4.558004041781995,-0.192610089296398
2024-05-23,2.1934921357793584,4.193492135779358,0.4027751034684446,4.453201127981332,4.545515676879384,-0.09231454889805146
2024-05-24,2.1881550139545425,4.1881550139545425,0.4252867784345531,4.456463668317228,4.537205163429536,-0.08074149511230821
2024-05-28,2.23151419522938,4.23151419522938,0.3201806962951297,4.474333789872596,4.6064132758255925,-0.13207948595299612
2024-05-29,2.1994685526594537,4.199468552659454,0.6140836658486135,4.617178552197256,4.544688099253404,0.07249045294385237
2024-05-30,2.1860248253266263,4.186024825326626,0.5604089318918604,4.552659955218937,4.526069006152933,0.02659094906600412
2024-05-31,2.169460367455187,4.169460367455187,0.5445563631638057,4.508783371266528,4.503392284009145,0.00539108725738302
2024-06-03,2.1756201314200894,4.175620131420089,0.31259806785233835,4.357680201891153,4.5217450726482715,-0.16406487075711862
2024-06-04,2.155510519143519,4.155510519143519,0.263735132810214,4.282800709914217,4.493451069840227,-0.2106503599260101
2024-06-05,2.1407543008909826,4.140754300890983,0.26044251983445044,4.252633721651019,4.471597413183597,-0.21896369153257744
2024-06-06,2.135086749445982,4.135086749445982,0.252107295692543,4.2356369526276865,4.462797807659997,-0.22716085503231032
2024-06-07,2.193673167228617,4.193673167228617,0.2812569982916928,4.368860457956868,4.552708053923142,-0.18384759596627465
2024-06-10,2.1577325371776865,4.1577325371776865,0.5139801651791531,4.46026470351897,4.487657354093328,-0.02739265057435869
2024-06-11,2.1654940548356976,4.165494054835698,0.3363633881529031,4.349627443412924,4.509073473084776,-0.15944602967185162
2024-06-12,2.1372501219382087,4.137250121938209,0.30815423457430047,4.273720598171911,4.46764058405234,-0.19391998588042902
2024-06-13,2.109367648111899,4.109367648111899,0.2860009992150747,4.203511053353701,4.4254069188298315,-0.22189586547613072
2024-06-14,2.11533562575859,4.11533562575859,0.2266425467575326,4.174001556384845,4.4365682780375595,-0.2625667216527141
2024-06-17,2.144705942129441,4.144705942129441,0.21606560779168138,4.225232940703106,4.480979882359934,-0.2557469416568283
2024-06-18,2.1208451669571318,4.120845166957132,0.22365844634764098,4.183386537515019,4.446758841041098,-0.2633723035260793
2024-06-20,2.1232975698569163,4.123297569856916,0.2662049031094256,4.2168383374131855,4.4495038171086945,-0.232665479695509
2024-06-21,2.125701533685792,4.125701533685792,0.257555270857047,4.217098984881617,4.452313373891523,-0.2352143890099061
2024-06-24,2.1318548362540426,4.131854836254043,0.23089868220473164,4.212033421098054,4.462283051697314,-0.2502496305992601
2024-06-25,2.130040617850142,4.130040617850142,0.21442813396679927,4.1963084583000905,4.460813018142027,-0.2645045598419369
2024-06-26,2.146342739976589,4.146342739976589,0.29872914021673136,4.285674554066481,4.4828575536605255,-0.19718299959404462
2024-06-27,2.1344757337618248,4.134475733761825,0.29067103998046306,4.256933386288101,4.464981847315756,-0.20804846102765495
2024-06-28,2.129275223906177,4.129275223906177,0.40652488460435077,4.32814932746445,4.4519076782855675,-0.12375835082111752
2024-07-01,2.1333098867825626,4.133309886782563,0.5972998960494298,4.470129522566997,4.448047795493246,0.022081727073750557
2024-07-02,2.12264074375954,4.12264074375954,0.5452267035262475,4.4132616681324475,4.432936058330127,-0.019674390197679692
2024-07-03,2.112722343313692,4.112722343313692,0.46910040884483895,4.339036602656779,4.42293905103456,-0.08390244837778127
2024-07-05,2.0688785952050353,4.068878595205035,0.47972665480928445,4.262855362814861,4.352960959224488,-0.0901055964096269
2024-07-08,2.0769366339307993,4.076936633930799,0.4432431962314993,4.2529598031391025,4.366492990777554,-0.11353318763845177
2024-07-09,2.073475848758804,4.073475848758804,0.5013905979811062,4.285725067762886,4.36022961515611,-0.07450454739322421
2024-07-10,2.076539284993011,4.076539284993011,0.4682109515860642,4.269206695581998,4.366463197499264,-0.09725650191726576
2024-07-11,2.0345978865170906,4.034597886517091,0.45523894907039697,4.185718042040107,4.297341750451877,-0.11162370841176994
2024-07-12,2.019560812233607,4.019560812233607,0.4822060031447366,4.179801935995315,4.272428201726583,-0.09262626573126731
2024-07-15,2.0129388180070578,4.012938818007058,0.5707209421650594,4.231366203141576,4.255590251717454,-0.024224048575877788
2024-07-16,2.0130257114094405,4.0130257114094405,0.4704046475756911,4.162043476738204,4.259575571041272,-0.09753209430306775
2024-07-17,2.010018174441953,4.010018174441953,0.4586394317743867,4.146126339690988,4.2566724506434905,-0.11054611095250255
2024-07-18,2.01637682560866,4.01637682560866,0.5129737088888842,4.194876714662221,4.263530121041261,-0.06865340637904005
2024-07-19,2.030259217470423,4.030259217470423,0.5290895386855459,4.236422681668158,4.280866129263215,-0.04444344759505725
2024-07-22,2.031479546013024,4.031479546013024,0.5495870223706181,4.252019200439144,4.282308095193482,-0.030288894754337825
2024-07-23,2.021997993207627,4.021997993207627,0.5523163605288364,4.239194790383015,4.266069098094292,-0.026874307711276302
2024-07-24,2.0028152170558826,4.002815217055883,0.664273641789312,4.281503924456287,4.2307229479204596,0.050780976535827804
2024-07-25,2.0170796944823053,4.017079694482305,0.591919445896715,4.257972569067207,4.255611299911286,0.002361269155921164
2024-07-26,1.993645997063588,3.993645997063588,0.5600610201014815,4.189935594065625,4.221344356655974,-0.03140876259034897
2024-07-29,1.9918436718074162,3.991843671807416,0.5283260687285978,4.163660052551143,4.2197721389162135,-0.05611208636507037
2024-07-30,1.984435416588191,3.984435416588191,0.5129265548484065,4.1400574107951735,4.2074360032722735,-0.06737859247709999
2024-07-31,1.968096993174008,3.968096993174008,0.4592518570668629,4.071737955997388,4.185556303990575,-0.11381834799318735
2024-08-01,1.9300944477945166,3.9300944477945166,0.4020983748957412,3.9695913658622497,4.12295725769142,-0.15336589182917004
2024-08-02,1.860303068457398,3.860303068457398,0.26454934120267737,3.768083070172622,3.999606478981679,-0.23152340880905742
2024-08-05,1.8767949445299408,3.876794944529941,0.18764227593712768,3.746987934787112,4.028708312178766,-0.28172037739165434
2024-08-06,1.8985518489891078,3.898551848989108,0.32346928917736095,3.876498341788377,4.063687120714781,-0.18718877892640418
2024-08-07,1.9075468591332339,3.907546859133234,0.404610540579029,3.9558510583868367,4.071305083099334,-0.11545402471249755
2024-08-08,1.9215438076685771,3.921543807668577,0.41881941785831556,3.991267295917409,4.094401146679238,-0.10313385076182913
2024-08-09,1.9100225131104978,3.9100225131104978,0.4082980402167542,3.9521342262292123,4.0808281736186345,-0.1286939473894222
2024-08-12,1.8904817649661467,3.8904817649661467,0.4041543997466732,3.9116147485722994,4.050051353597677,-0.1384366050253778
2024-08-13,1.8789863582430897,3.8789863582430897,0.31922158428426783,3.8367026844710783,4.032842900357446,-0.19614021588636765
2024-08-14,1.8874267808551508,3.887426780855151,0.2583589995581548,3.810346404805518,4.049538835012376,-0.23919243020685776
2024-08-15,1.915957992183884,3.915957992183884,0.35358516465265843,3.920604501421725,4.093880175950713,-0.17327567452898807
2024-08-16,1.9211287776601935,3.9211287776601935,0.2724889878439565,3.8821228180039533,4.100951036204028,-0.21882821820007425
2024-08-19,1.9223924062934827,3.9223924062934827,0.22531927842429145,3.8512853055349625,4.10415652679779,-0.25287122126282746
2024-08-20,1.9081791187238366,3.9081791187238366,0.18906098340030164,3.8049468721327466,4.080520146219326,-0.2755732740865797
2024-08-21,1.8852517046486668,3.8852517046486668,0.20095711606112188,3.7737811076171472,4.040711867976497,-0.2669307603593496
2024-08-22,1.9051589391112884,3.9051589391112884,0.26025327505053886,3.848354897850266,4.072699696519329,-0.2243447986690632
2024-08-23,1.8783846759525744,3.8783846759525744,0.24963005037395858,3.7963669078083986,4.0268565411759445,-0.2304896333675459
2024-08-26,1.8853142249028423,3.8853142249028423,0.24327940228395972,3.8049330865593043,4.0389656019820634,-0.23403251542275916
2024-08-27,1.8715054944181304,3.8715054944181304,0.3106998692543326,3.8285718316518236,4.011995882651484,-0.18342405099966053
2024-08-28,1.8708148918982062,3.870814891898206,0.3232109926659046,3.835244914175231,4.010950368763668,-0.1757054545884369
2024-08-29,1.8775694791134967,3.8775694791134967,0.34783405021876934,3.86414026503642,4.021394674510113,-0.15725440947369274
2024-08-30,1.8858809880070453,3.8858809880070453,0.37653853774350887,3.9031305168798913,4.029966530564241,-0.12683601368435005
2024-09-03,1.8752071843936093,3.8752071843936093,0.29432854792550467,3.8254140352951183,4.017391107844212,-0.19197707254909346
2024-09-04,1.8463700654114845,3.8463700654114845,0.24735642147261716,3.7483110826400434,3.966937772497463,-0.21862668985741962
2024-09-05,1.844001838126509,3.844001838126509,0.21200450340454768,3.7193670293385352,3.9652519890923146,-0.24588495975377933
2024-09-06,1.8246575210098968,3.8246575210098968,0.23023272500192116,3.704787250334756,3.929618003772211,-0.22483075343745496
2024-09-09,1.8261843995583362,3.8261843995583362,0.19374839846644987,3.6800086723435674,3.9342719521102314,-0.25426327976666396
2024-09-10,1.8038758755720323,3.8038758755720323,0.1768979843955174,3.6304880956981394,3.8973124808339543,-0.26682438513581497
2024-09-11,1.815775726026132,3.815775726026132,0.15592241888671943,3.6331793552561735,3.922628127556607,-0.28944877230043353
2024-09-12,1.816396862009313,3.816396862009313,0.19435589990420565,3.6647526224904925,3.916598586244844,-0.2518459637543513
2024-09-13,1.7998104081600417,3.7998104081600417,0.1829531520794654,3.634310361453322,3.88260712752303,-0.24829676606970796
2024-09-16,1.7994607208958726,3.7994607208958726,0.132245848462472,3.603142588909972,3.8790907750049324,-0.2759481860949604
2024-09-17,1.8085175841130336,3.8085175841130336,0.13747489087646825,3.622978518437977,3.8931165873134885,-0.2701380688755117
2024-09-18,1.805188811390117,3.805188811390117,0.23196532261956504,3.685684189294705,3.878538776130981,-0.1928545868362761
2024-09-19,1.804218629709574,3.804218629709574,0.26452483881611544,3.7132128928945516,3.8721135662121577,-0.15890067331760616
2024-09-20,1.7991884093202515,3.7991884093202515,0.26317362340092654,3.706338879456813,3.8612631932927632,-0.1549243138359504
2024-09-23,1.8050328661188857,3.8050328661188857,0.2711506945417481,3.7271268070351704,3.8665963288393117,-0.1394695218041413
2024-09-24,1.7852304426267764,3.7852304426267764,0.3084192777196595,3.7173030786218133,3.831336687860396,-0.11403360923858274
2024-09-25,1.7926824868711861,3.792682486871186,0.36320314490240957,3.7689768920808953,3.8388641759366062,-0.06988728385571097
2024-09-26,1.8145420853051704,3.8145420853051704,0.31255364697589494,3.770090425196774,3.877641756915382,-0.10755133171860809
2024-09-27,1.7949807938480262,3.7949807938480262,0.3007333698507684,3.727314751096361,3.8459121826638256,-0.11859743156746472
2024-09-30,1.824646982348824,3.824646982348824,0.3068226352376522,3.783807019833205,3.8953414577993026,-0.11153443796609741
2024-10-01,1.8067805386154774,3.8067805386154774,0.2615417072086075,3.715753855187086,3.8697368371613887,-0.15398298197430282
2024-10-02,1.8092224738442653,3.8092224738442653,0.32440613550329944,3.7638015943919116,3.8706106174661685,-0.10680902307425688
2024-10-03,1.8291881880196357,3.8291881880196357,0.3633516703371833,3.828835460799681,3.8998477924616735,-0.07101233166199261
2024-10-04,1.905546371563723,3.905546371563723,0.3533937179461346,3.958147757109281,4.026739427920649,-0.0685916708113683
2024-10-07,1.9014181136830288,3.901418113683029,0.48512691531856245,4.032524929771598,4.019487693389679,0.013037236381919115
2024-10-08,1.914764872325783,3.914764872325783,0.4208092760411981,4.020131243903315,4.040213242859552,-0.02008199895623619
2024-10-09,1.9094398116352025,3.9094398116352025,0.5187230262775664,4.074202764150896,4.030393074698088,0.043809689452808165
2024-10-10,1.9141039719710164,3.9141039719710164,0.5156614072915318,4.086809403533995,4.036064803615917,0.05074459991807867
2024-10-11,1.8828161404537909,3.882816140453791,0.6130008028578802,4.093957354985329,3.9807417577234236,0.11321559726190511
2024-10-15,1.9079322015450728,3.907932201545073,0.436608648525072,4.020117615105966,4.029483802703193,-0.009366187597226627
2024-10-16,1.8992683198286215,3.8992683198286215,0.4471056468610888,4.012872005748168,4.012912647807979,-4.064205981091362e-05
2024-10-17,1.8923374821124028,3.892337482112403,0.6073482051931602,4.105810634779275,3.9984225529033934,0.10738808187588189
2024-10-18,1.883345212005402,3.883345212005402,0.6122964833159359,4.093010046897351,3.9835508094222596,0.10945923747509179
2024-10-21,1.9017871084384055,3.9017871084384055,0.7217008410552266,4.202429280479674,4.008359074122333,0.19407020635734096
2024-10-22,1.9118305441776613,3.9118305441776613,0.7166607551798512,4.221704586917655,4.021410382879578,0.20029420403807663
2024-10-23,1.9294490739082164,3.9294490739082164,0.7217030953161148,4.259520827054929,4.047541183785317,0.21197964326961216
2024-10-24,1.9321370057837726,3.9321370057837726,0.6582766165484646,4.223920197398002,4.052303326541313,0.1716168708566883
2024-10-25,1.9400695227913758,3.940069522791376,0.7006636519399008,4.266656514509573,4.064055378585749,0.20260113592382378
2024-10-28,1.9538629627048962,3.9538629627048962,0.7079310099493297,4.299573039866171,4.084885813160498,0.21468722670567342
2024-10-29,1.9483155317214766,3.9483155317214766,0.7272824463432421,4.303310825302617,4.074668573816015,0.228642251486602
2024-10-30,1.969081208243324,3.969081208243324,0.6727229891671556,4.3067966925582475,4.106407376660777,0.20038931589747033
2024-10-31,1.9855536431703626,3.9855536431703626,0.6034941296889418,4.296578651250185,4.133671303722188,0.1629073475279963
2024-11-01,1.980390015789773,3.980390015789773,0.7662516009920797,4.39685751641141,4.116513485529639,0.2803440308817713
2024-11-04,1.9757769900710898,3.9757769900710898,0.683218347538979,4.3323235513219,4.111382369256674,0.22094118206522584
2024-11-05,1.9878609837566685,3.9878609837566685,0.6031592563756787,4.298382461194867,4.134953143467928,0.1634293177269397
2024-11-06,2.0001224097315315,4.0001224097315315,0.7920610905746397,4.452552937491967,4.146540999754466,0.3060119377375008
2024-11-07,1.9735964541152455,3.9735964541152455,0.719276037171352,4.344698540577189,4.111089996680446,0.23360854389674302
2024-11-08,2.0012627966764,4.0012627966764,0.5783855981103789,4.298464209903685,4.156249632661272,0.14221457724241304
2024-11-12,2.034206493732583,4.034206493732583,0.6649588219610658,4.425223724241485,4.203059355989576,0.22216436825190922
2024-11-13,2.0007373681574734,4.000737368157473,0.8025414525461168,4.462098724362233,4.141133774692883,0.3209649496693503
2024-11-14,2.0368978964859394,4.036897896485939,0.6477353053749226,4.41982666157121,4.207667425489663,0.21215923608154696
2024-11-15,2.012321454154467,4.012321454154467,0.751080217418564,4.444108760509593,4.167094086525033,0.27701467398456003
2024-11-18,2.0010376792443196,4.00103767924432,0.7688088783326927,4.433764671128215,4.148834255447526,0.2849304156806891
2024-11-19,1.9987183066401073,3.9987183066401073,0.7226823342179634,4.394845713499338,4.14835006465129,0.24649564884804764
2024-11-20,2.015603173251961,4.015603173251961,0.6691700567704375,4.389978858034971,4.174185253245508,0.21579360478946352
2024-11-21,2.0307259358648153,4.030725935864815,0.6521385422613477,4.407149710684271,4.199507473583803,0.20764223710046803
2024-11-22,2.0380254373338005,4.0380254373338005,0.6190414951758898,4.3959954710105436,4.2144377766525425,0.18155769435800106
2024-11-25,2.0079835754306288,4.007983575430629,0.49648787639703595,4.2475829297102035,4.175068427945181,0.07251450176502239
2024-11-26,2.0020740012862674,4.0020740012862674,0.5795797164580136,4.2922069582118825,4.164271504129123,0.12793545408275975
2024-11-27,1.9863451022368679,3.986345102236868,0.5382777213514887,4.232508617083861,4.140357735126908,0.09215088195695298
2024-11-29,1.959396457698503,3.959396457698503,0.5521742326655241,4.186032634031638,4.102979212593962,0.08305342143767547
2024-12-02,1.9766121579763336,3.9766121579763336,0.48398833677931474,4.178317977196035,4.1262700596873065,0.0520479175087285
2024-12-03,1.9769912110176193,3.9769912110176193,0.535604323579669,4.220859908419612,4.120038398116917,0.10082151030269504
2024-12-04,1.959660597188389,3.959660597188389,0.5476756727719891,4.1989419038229325,4.092780010052042,0.10616189377089036
2024-12-05,1.9738800030175412,3.973880003017541,0.4471026423051656,4.157696485677693,4.115139957749561,0.04255652792813258
2024-12-06,1.9532053861074914,3.9532053861074914,0.48129767550900837,4.143011774847435,4.079601741320533,0.06341003352690144
2024-12-09,1.962535826817522,3.962535826817522,0.5011844852175225,4.177776152380899,4.090449785023214,0.08732636735768473
2024-12-10,1.9697611835226283,3.9697611835226283,0.5102678653013344,4.200368148639115,4.1000660297692795,0.10030211886983587
2024-12-11,1.969739516308607,3.969739516308607,0.5888832463215437,4.25580576691909,4.095845280585932,0.15996048633315763
2024-12-12,1.974768352598268,3.974768352598268,0.663116537290307,4.319119824195428,4.099211228225788,0.21990859596964007
2024-12-13,1.9933961274309624,3.9933961274309624,0.7257291321353323,4.4017428568535095,4.12441988897738,0.2773229678761293
2024-12-16,1.994893900069279,3.994893900069279,0.7064777626127237,4.390912423869911,4.127978127880939,0.26293429598897156
2024-12-17,1.9945974786081635,3.9945974786081635,0.7211427405352158,4.401079964052091,4.126562606220838,0.274517357831253
2024-12-18,2.050014633014001,4.050014633014001,0.7237857052994858,4.523095969207792,4.20710057738562,0.31599539182217207
2024-12-19,2.028178210208246,4.028178210208246,0.890768624909609,4.596349736638716,4.164640576973653,0.43170915966506307
2024-12-20,2.0175241285978416,4.017524128597842,0.8389512270033812,4.5340420411041,4.153609888051512,0.38043215305258826
2024-12-23,2.0317796351772444,4.031779635177244,0.9071259647514518,4.61123924862245,4.17215737519354,0.43908187342891036
2024-12-24,2.041521108370837,4.041521108370837,0.8736974626517355,4.611988055069672,4.185805491897336,0.42618256317233527
2024-12-26,2.030076814863257,4.030076814863257,0.8865792125060059,4.596056402299691,4.168601647701882,0.42745475459780913
2024-12-27,2.024337813411343,4.024337813411343,0.9684399469233655,4.6448024911427295,4.153539264707063,0.49126322643566667
2024-12-30,1.994852370421249,3.994852370421249,0.9384832780347256,4.56563827536497,4.107876881941663,0.4577613934233069
2024-12-31,1.9954449889076002,3.9954449889076002,0.9645783474803205,4.586529616437061,4.106563136332256,0.4799664801048049
2025-01-02,1.9908188824387167,3.9908188824387167,0.96600467540115,4.578116622645535,4.099278707744267,0.47883791490126804
2025-01-03,2.00437629669851,4.00437629669851,0.9780767615812778,4.614467480040106,4.119516420193888,0.4949510598462181
2025-01-06,1.9980061852925246,3.9980061852925246,1.0279239813250367,4.636016865285321,4.107530809989924,0.5284860552953976
2025-01-07,1.9977801793932883,3.9977801793932883,1.1175681976348235,4.697270555760548,4.103633639316142,0.5936369164444066
2025-01-08,1.9889764321530095,3.9889764321530095,1.137580403910504,4.692701137085963,4.089471593743015,0.6032295433429473
2025-01-09,1.9902389920512533,3.9902389920512533,1.1508393973367665,4.70912725186393,4.087511934562087,0.6216153173018428
2025-01-10,2.0452017350589813,4.045201735058981,1.1442522878075083,4.814350297336269,4.174765166024489,0.6395851313117795
2025-01-13,2.0490159176061766,4.049015917606177,1.1598337632215623,4.831147838032866,4.181299805894072,0.6498480321387943
2025-01-14,2.033793358545111,4.033793358545111,1.194721228624812,4.825613488609671,4.155228795806768,0.6703846928029025
2025-01-15,1.9959770618911463,3.9959770618911463,1.0964150616846133,4.679855827190935,4.101165718039068,0.578690109151867
2025-01-16,1.9730897084659915,3.9730897084659915,1.1153576561300413,4.64268313550113,4.0698488381792375,0.5728342973218927
2025-01-17,1.9983655577944077,3.9983655577944077,1.0254885182040407,4.631090099920135,4.111058925169537,0.5200311747505975
2025-01-21,2.0060895521325577,4.006089552132558,0.9410571234228939,4.587212999262966,4.127409443914947,0.4598035553480191
2025-01-22,2.011687955927691,4.011687955927691,0.9641602274330108,4.614306431993052,4.135349100616721,0.4789573313763311
2025-01-23,2.006913281667032,4.006913281667032,1.0349707769941467,4.6585252960260055,4.121402595525149,0.5371227005008565
2025-01-24,2.00103888055051,4.00103888055051,1.0273010411827759,4.640705532250776,4.113033934578178,0.5276715976725983
2025-01-27,1.9951053547971611,3.995105354797161,0.9003217255284461,4.5432307851053455,4.115107298655099,0.42812348645024656
2025-01-28,1.9797530331249078,3.979753033124908,0.9750627063651303,4.565128575300637,4.085303579201735,0.47982499609890183
2025-01-29,1.9927760361094542,3.992776036109454,0.9499620110306486,4.570361340699911,4.109369108321604,0.4609922323783069
2025-01-30,1.9768138120194791,3.976813812019479,0.9413724786586428,4.532813343940255,4.084231410075905,0.4485819338643502
2025-01-31,1.9917970748738512,3.991797074873851,0.985408100525377,4.594688553175643,4.1052024735703325,0.4894860796053102
2025-02-03,1.9998850835223934,3.9998850835223934,0.8852886449477273,4.5337654759274075,4.121684791099978,0.4120806848274299
2025-02-04,1.9877671491482474,3.9877671491482474,0.9054168508854827,4.527976177464714,4.104745641939251,0.4232305355254624
2025-02-05,1.9788683434613574,3.9788683434613574,0.7896703892974379,4.4274536206202875,4.096940636819736,0.33051298380055183
2025-02-06,1.9978206521955784,3.9978206521955784,0.7551407521256603,4.442935132126347,4.126743494155371,0.3161916379709755
2025-02-07,2.0231636066323944,4.023163606632394,0.7372923776083784,4.474836505267339,4.166801449237882,0.3080350560294569
2025-02-10,2.0179783499404635,4.0179783499404635,0.7614556276543345,4.481494532147543,4.1573555331614775,0.324138998986065
2025-02-11,2.017505346661032,4.017505346661032,0.8198754595307616,4.520612891144846,4.154428183980728,0.366184707164118
2025-02-12,2.044776624370563,4.044776624370563,0.9055323646735864,4.63575809441546,4.192919441199996,0.442838653215464
2025-02-13,2.0314902777365518,4.031490277736552,0.7811822344430581,4.521398457239588,4.178429139877024,0.34296931736256386
2025-02-14,2.0116379224451393,4.011637922445139,0.7620387812611877,4.469778806450562,4.146950587666787,0.32282821878377543
2025-02-18,2.024563012164286,4.024563012164286,0.8391539091574742,4.5502631516387755,4.163164229797477,0.38709892184129835
2025-02-19,2.0079863078646127,4.007986307864613,0.8583225992664509,4.529170128610562,4.137093259711013,0.39207686889954907
2025-02-20,2.0042457238991247,4.004245723899125,0.827766935545986,4.5003362844849155,4.132599371989327,0.36773691249558826
2025-02-21,1.9833792457703225,3.9833792457703225,0.7867740852689815,4.436312589286755,4.102901455446008,0.3334111338407473
2025-02-24,1.9718207739447564,3.9718207739447564,0.796481306774278,4.419443279514737,4.0852100230175585,0.3342332564971784
2025-02-25,1.941274255719179,3.941274255719179,0.7363638457760073,4.313962719529969,4.04157329404307,0.2723894254868986
2025-02-26,1.9299657478738936,3.9299657478738936,0.7017100639573064,4.264410177018361,4.029416807620889,0.23499336939747195
2025-02-27,1.9300592800108305,3.9300592800108305,0.7550454417716841,4.302920864786303,4.02691642984836,0.2760044349379429
2025-02-28,1.9100117664331435,3.9100117664331435,0.7356167177314763,4.255139783260909,3.994519164338389,0.2606206189225202
2025-03-03,1.8976789237912968,3.8976789237912968,0.6680502102906125,4.18331654092609,3.9790486755804086,0.20426786534568153
2025-03-04,1.8946751953839112,3.894675195383911,0.7607231639977816,4.245037193901131,3.9682056114424573,0.27683158245867334
2025-03-05,1.91535484636983,3.91535484636983,0.7870446576649925,4.306842837154994,3.9965951621425235,0.3102476750124703
2025-03-06,1.8988325330412579,3.898832533041258,0.8522508790672978,4.322499639908974,3.965720585909338,0.3567790539996363
2025-03-07,1.9059856511264002,3.9059856511264,0.8730106125070938,4.348587023764628,3.9781023345510085,0.3704846892136193
2025-03-10,1.8748093474365817,3.8748093474365817,0.8144865214471992,4.248499441739172,3.9320436754024883,0.3164557663366838
2025-03-11,1.8783385057064308,3.878338505706431,0.8955339818603125,4.309253221443881,3.935164676771819,0.3740885446720621
2025-03-12,1.8944678267305761,3.894467826730576,0.9156104676668892,4.351391643113228,3.960731078123119,0.3906605649901089
2025-03-13,1.877815754717119,3.877815754717119,0.8880682195615419,4.300841755812255,3.935791957934556,0.36504979787769853
2025-03-14,1.9015457528563076,3.9015457528563076,0.8861814124766005,4.3435729730084915,3.972729929672766,0.3708430433357255
2025-03-17,1.9126060773438596,3.9126060773438596,0.8484750697383339,4.335316318558152,3.992072048172331,0.34324427038582117
2025-03-18,1.9023621087586946,3.9023621087586946,0.8438309588825268,4.3090338386250515,3.9789623307126996,0.33007150791235196
2025-03-19,1.8946860436383801,3.89468604363838,0.813503762399475,4.277233237860925,3.9701160862181997,0.3071171516427249
2025-03-20,1.8832591762401023,3.8832591762401023,0.815960834640745,4.258720367200566,3.9495608888019067,0.30915947839865954
2025-03-21,1.868923729436979,3.868923729436979,0.8787072816770949,4.274537754450215,3.9231014138034546,0.3514363406467602
2025-03-24,1.8930224307540016,3.8930224307540016,0.9378267871344277,4.358786217948429,3.958642265453738,0.4001439524946915
2025-03-25,1.8820397959570485,3.8820397959570485,0.9353210938421359,4.335486238652499,3.9426493320777487,0.39283690657475034
2025-03-26,1.883200857059542,3.883200857059542,0.9822607099186533,4.369341927907874,3.941786326727997,0.42755560117987645
2025-03-27,1.8755894428709965,3.8755894428709965,1.047122138116694,4.400239388275742,3.928183374973774,0.4720560133019682
2025-03-28,1.8464364103147943,3.8464364103147943,0.96447634689522,4.28683234496784,3.885785690517812,0.4010466544500275
2025-03-31,1.8428128600744174,3.8428128600744174,0.9231513620230749,4.25133466742128,3.8809918970052353,0.3703427704160447
2025-04-01,1.8354043703650404,3.8354043703650404,0.8571579652115302,4.1902345371497685,3.8724181294796503,0.3178164076701182
2025-04-02,1.851369937739328,3.851369937739328,0.8613922036731836,4.222212762480188,3.899347443365027,0.32286531911516114
2025-04-03,1.771984498912019,3.771984498912019,0.8881022765627682,4.08401893517133,3.7791323033019864,0.3048866318693437
2025-04-04,1.7810510113077314,3.7810510113077314,0.7786799271506224,4.03275198084107,3.794437443474957,0.23831453736611286
2025-04-07,1.7744991737227878,3.7744991737227878,1.0221897734773915,4.189114020217009,3.772309177625347,0.4168048425916626
2025-04-08,1.7580427398513052,3.758042739851305,1.2496010758452911,4.320371085250121,3.7338061045957973,0.586564980654324
2025-04-09,1.8465800127037326,3.8465800127037326,1.140267612922397,4.408338450381059,3.882566870377696,0.5257715800033633
2025-04-10,1.7934332272598752,3.793433227259875,1.3876850219858596,4.4784858045210845,3.786304730563549,0.6921810739575354
2025-04-11,1.8486835832651565,3.8486835832651565,1.330351209892763,4.548891391827771,3.87230017051947,0.6765912213083012
2025-04-14,1.801996443573337,3.801996443573337,1.30857740277286,4.44069223930687,3.8041349977918992,0.6365572415149705
2025-04-15,1.7851098443413207,3.7851098443413207,1.3173440660340656,4.4079182037065685,3.778347573045087,0.6295706306614814
2025-04-16,1.7568841118297982,3.756884111829798,1.3070181632780802,4.3442933682513205,3.7377420167227937,0.6065513515285268
2025-04-17,1.7647431716851543,3.7647431716851543,1.3749591721938321,4.404525958454838,3.7503813226128377,0.654144635842
2025-04-21,1.72698635569202,3.72698635569202,1.6098953888820446,4.500555686153345,3.6766930440992827,0.8238626420540625
2025-04-22,1.7502969303621043,3.7502969303621043,1.5180791674548546,4.477922641675964,3.7185943274666746,0.7593283142092897
2025-04-23,1.7855854642978528,3.785585464297853,1.3875173604356261,4.454839842553709,3.7797112459922437,0.6751285965614655
2025-04-24,1.7601210814070214,3.7601210814070214,1.3444107847302318,4.375637167719748,3.7411476015483003,0.6344895661714474
2025-04-25,1.7510290589781263,3.7510290589781263,1.3059827346383823,4.3302754171656535,3.7297872091546016,0.6004882080110518
2025-04-28,1.7262330050945494,3.7262330050945494,1.299104804383206,4.279436099877755,3.692978433170236,0.5864576667075192
2025-04-29,1.7177588593800266,3.7177588593800266,1.2452778730085603,4.226553273276818,3.680309406122937,0.5462438671538812
2025-04-30,1.6844291182511313,3.6844291182511313,1.32793310152549,4.218382947245068,3.6251068371991657,0.5932761100459025
2025-05-01,1.709199344638023,3.709199344638023,1.3808235033571572,4.297314270781251,3.6620273628203592,0.6352869079608916
2025-05-02,1.7510269562859833,3.7510269562859833,1.3750304812202963,4.370144960096982,3.727772072946295,0.6423728871506871
2025-05-05,1.7492340963585988,3.749234096358599,1.4296112995458472,4.403748957858977,3.7237112983296283,0.6800376595293489
2025-05-06,1.730881910184479,3.730881910184479,1.4388476546831486,4.376542830621702,3.6939427674634637,0.6826000631582381
2025-05-07,1.7328984643687448,3.732898464368745,1.370171526875649,4.329335973869454,3.7035456505765665,0.6257903232928874
2025-05-08,1.7779175844333963,3.7779175844333963,1.3921086327779024,4.434681335433264,3.7687214191210994,0.6659599163121643
2025-05-09,1.776569432654469,3.776569432654469,1.392901943403185,4.434381685133552,3.7663736547081132,0.6680080304254385
2025-05-12,1.816706313222248,3.816706313222248,1.385553610609925,4.5051916460789,3.829021534404547,0.6761701116743528
2025-05-13,1.8124291990022101,3.81242919900221,1.4647499164821918,4.5473477466779375,3.8191749488618356,0.7281727978161019
2025-05-14,1.8285542702303985,3.8285542702303985,1.46766811605554,4.581952962964892,3.8428507996859644,0.7391021632789276
2025-05-15,1.7914190412670337,3.7914190412670337,1.4621333151092069,4.504348764802327,3.7881387813168232,0.7162099834855034
2025-05-16,1.794775642396246,3.794775642396246,1.428654015943608,4.4831793075015565,3.7962499396777685,0.686929367823788
2025-05-19,1.784418472699194,3.784418472699194,1.5012150707741592,4.514759809449506,3.777318883765106,0.7374409256844001
2025-05-20,1.7742476750007796,3.7742476750007796,1.5669798984219758,4.538463757414402,3.7595467868832504,0.7789169705311512
2025-05-21,1.776707993816423,3.776707993816423,1.723241994935397,4.6528888028666575,3.75651023172945,0.8963785711372076
2025-05-22,1.7706039805297706,3.7706039805297706,1.6848298173391907,4.608932266844383,3.751091085216046,0.8578411816283373
2025-05-23,1.7707625089080068,3.770762508908007,1.6447992929768187,4.575750205282103,3.757287899755409,0.8184623055266935
2025-05-27,1.7640520897698906,3.7640520897698906,1.5430371955818885,4.491942910488978,3.750421070018679,0.7415218404702992
2025-05-28,1.7740897530664554,3.7740897530664554,1.5740558891587488,4.531955297588848,3.766281387672481,0.7656739099163667
2025-05-29,1.760648657221104,3.760648657221104,1.5335126120957963,4.478723607466983,3.747796464374627,0.7309271430923561
2025-05-30,1.7461661375432698,3.7461661375432698,1.5553678654898313,4.46573959067401,3.72634728017016,0.7393923105038502
2025-06-02,1.748475074627578,3.748475074627578,1.6196462216826912,4.514586602300213,3.724747308372272,0.7898392939279408
2025-06-03,1.7598676010348768,3.759867601034877,1.5896888881812057,4.516442119014443,3.742690225452024,0.7737518935624195
2025-06-04,1.7384488980499668,3.738448898049967,1.498840762525825,4.414610628585621,3.713691239451431,0.7009193891341896
2025-06-05,1.769911574520897,3.769911574520897,1.4418623937654713,4.440998746882416,3.7602095484559404,0.6807891984264756
2025-06-06,1.812536606335172,3.812536606335172,1.4877977218083247,4.558334746375382,3.822781955523409,0.7355527908519734
2025-06-09,1.8000205356902015,3.8000205356902015,1.4885811117777399,4.53336218339328,3.8051354607192454,0.7282267226740342
2025-06-10,1.8013526771977837,3.8013526771977837,1.4564848939865973,4.513264116371592,3.808771317000578,0.704492799371014
2025-06-11,1.7777232287473055,3.7777232287473055,1.4447431130994959,4.459833347495999,3.773153720427873,0.6866796270681257
2025-06-12,1.7730765841652385,3.7730765841652385,1.3605584989135986,4.3946571119453415,3.768473888290096,0.6261832236552456
2025-06-13,1.7761446734943647,3.7761446734943647,1.4457766446961688,4.456736140401539,3.7690131533413505,0.6877229870601882
2025-06-16,1.773499535542257,3.773499535542257,1.5195121944548555,4.499399190814519,3.7644644781195677,0.7349347126949515
2025-06-17,1.7702181972936657,3.7702181972936657,1.4218690558777274,4.423154704454806,3.764855299336197,0.6582994051186088
2025-06-18,1.766195738994064,3.766195738994064,1.4390351254740166,4.427476706469091,3.7590583994890436,0.6684183069800471
2025-06-20,1.7538079841449843,3.7538079841449843,1.4650218122431005,4.424470382389822,3.736806899725161,0.6876634826646613
2025-06-23,1.7314262344855607,3.7314262344855607,1.465637094373264,4.383527927243797,3.702231816287072,0.6812961109567253
2025-06-24,1.7174760375525793,3.7174760375525793,1.4459835455686711,4.342100163594756,3.6819775086015025,0.6601226549932533
2025-06-25,1.7090526880557562,3.709052688055756,1.4618481481027281,4.3365788868099795,3.6678320598779566,0.6687468269320229
2025-06-26,1.6904032871610468,3.690403287161047,1.4698667653489794,4.3081776947081005,3.638378038156965,0.6697996565511355
2025-06-27,1.6983277228832705,3.6983277228832705,1.5008603963429392,4.344217750812345,3.64957680592577,0.6946409448865754
2025-06-30,1.7001150281916537,3.7001150281916537,1.4012338645939728,4.2808261958860445,3.656942301604108,0.6238838942819367
2025-07-01,1.7264730935606423,3.7264730935606423,1.354207213356296,4.299725662659971,3.6978604920592684,0.6018651706007025
2025-07-02,1.7241984904905863,3.7241984904905863,1.4279671190290886,4.347862145611612,3.689838620894783,0.6580235247168287
2025-07-03,1.7566132584580672,3.756613258458067,1.4193145722539446,4.395285983480157,3.749202107930525,0.6460838755496323
2025-07-07,1.7452548615431738,3.7452548615431738,1.5199215712954492,4.443847694124085,3.723881892918351,0.7199658012057344
2025-07-08,1.7541932886446645,3.7541932886446645,1.529450810560558,4.469373337197571,3.738312856529178,0.7310604806683934
2025-07-09,1.7405174635402858,3.740517463540286,1.451126323505144,4.389093088157939,3.7199556907287765,0.6691373974291621
2025-07-10,1.749169449430532,3.749169449430532,1.4300636358705097,4.3932519139070125,3.7323169217690833,0.6609349921379293
2025-07-11,1.74822036262335,3.74822036262335,1.5599427565924122,4.481203300552958,3.724805515497217,0.7563977850557415
2025-07-14,1.7431491686978546,3.7431491686978546,1.5738430480928063,4.480823614915717,3.7166572498971604,0.7641663650185562
2025-07-15,1.7609102205109863,3.7609102205109863,1.6193127053313745,4.546331280420317,3.7416811681949205,0.8046501122253962
2025-07-16,1.7299514163374852,3.729951416337485,1.66323229234653,4.515673008999681,3.693368283502859,0.8223047254968217
2025-07-17,1.7390135558486648,3.739013555848665,1.653009600489181,4.523652287152915,3.7085786628602944,0.8150736242926206
2025-07-18,1.7229008416080447,3.7229008416080447,1.6484503879940933,4.49003758088941,3.683961954088361,0.8060756268010496
2025-07-21,1.717873911243153,3.717873911243153,1.5740669189133785,4.426957312535135,3.6810440737953085,0.7459132387398268
2025-07-22,1.7079447189310457,3.7079447189310457,1.5517856694080958,4.3911432090085265,3.6659878658283027,0.7251553431802238
2025-07-23,1.7319175013254693,3.7319175013254693,1.5498045844800243,4.437787837687197,3.7023253438941275,0.7354624937930696
2025-07-24,1.746465494308822,3.746465494308822,1.540406856822682,4.4590684897919095,3.724597891613455,0.7344705981784547
2025-07-25,1.743366777292671,3.743366777292671,1.5008284828902294,4.425057692914284,3.721025221178701,0.7040324717355828
2025-07-28,1.7462456354712472,3.7462456354712472,1.5360728294314292,4.45640382568362,3.723921176128374,0.7324826495552461
2025-07-29,1.7403314429619954,3.7403314429619954,1.4171266622087364,4.361926633358375,3.720233355223972,0.6416932781344031
2025-07-30,1.7629878570245054,3.7629878570245054,1.4247185679417305,4.405760536861744,3.758838944703932,0.6469215921578124
2025-07-31,1.7656539094145955,3.7656539094145955,1.4066548761974165,4.398168087015109,3.7650100047245774,0.6331580822905316
2025-08-01,1.691733475923833,3.691733475923833,1.3908557601740839,4.264378175079571,3.6379817284870377,0.6263964465925334
2025-08-04,1.6813291103061019,3.681329110306102,1.3929426286016904,4.245148748315069,3.620209080149166,0.624939668165903
2025-08-05,1.6910747483162751,3.691074748316275,1.371707101593448,4.24708480629379,3.6361071385826613,0.6109776677111287
2025-08-06,1.678355036998262,3.678355036998262,1.4359991612175156,4.267636638439733,3.613320027800715,0.6543166106390177
2025-08-07,1.6932762417179958,3.693276241717996,1.4125349530792972,4.2799976537743,3.6374755624560033,0.642522091318297
2025-08-08,1.705822225335588,3.705822225335588,1.430648992437452,4.320214068306305,3.6538825224106586,0.666331545895646
2025-08-11,1.7081674695130857,3.7081674695130857,1.4063340726469464,4.308437732780438,3.657768984002803,0.6506687487776346
2025-08-12,1.6921404994659142,3.692140499465914,1.4828856251351734,4.333249853016577,3.627424832058715,0.705825020957862
2025-08-13,1.6775149732175052,3.677514973217505,1.439070688634442,4.276893625677267,3.6049903282887743,0.6719032973884924
2025-08-14,1.6849986578070428,3.684998657807043,1.500703114159979,4.328738449815724,3.6155289187023913,0.7132095311133324
2025-08-15,1.6829585027122675,3.6829585027122675,1.5749992387649145,4.37315631426574,3.6108750188574787,0.7622812954082616
2025-08-18,1.6818503695920555,3.6818503695920555,1.5929891062190649,4.382585558043655,3.607746942529227,0.7748386155144278
2025-08-19,1.675350556983318,3.675350556983318,1.5596147206929336,4.346342020697132,3.598550815369832,0.7477912053272999
2025-08-20,1.6710690195812319,3.671069019581232,1.5457209497866868,4.3280072623657215,3.5923650204632276,0.7356422419024939
2025-08-21,1.6901879985817132,3.690187998581713,1.5552681613418304,4.3704165136622235,3.6233399029074906,0.7470766107547329
2025-08-22,1.653762198801715,3.653762198801715,1.5499539347173625,4.29986067615616,3.565744947579789,0.7341157285763713
2025-08-25,1.6645241434303841,3.664524143430384,1.5517277714252602,4.320010248764112,3.581121378899642,0.7388888698644704
2025-08-26,1.6370402699593853,3.6370402699593853,1.603165879508877,4.301964360375208,3.537076183141652,0.7648881772335558
2025-08-27,1.6200404856592279,3.620040485659228,1.6354681315829591,4.288353994706684,3.510747211526975,0.7776067831797091
2025-08-28,1.6259895453036037,3.6259895453036037,1.5759402726311684,4.256243945502234,3.5230073800002346,0.7332365655019997
2025-08-29,1.6125517539129106,3.6125517539129106,1.6352148924901044,4.273459508363572,3.4979781705241217,0.7754813378394498
2025-09-02,1.6198407241405235,3.6198407241405235,1.694848960719046,4.327401640066165,3.506089860597852,0.8213117794683127
2025-09-03,1.6143188764341971,3.614318876434197,1.6082688131909428,4.260625998176189,3.4977393521592646,0.7628866460169244
2025-09-04,1.6018870868574027,3.6018870868574027,1.5743875795779916,4.211607850124027,3.4796941057779756,0.7319137443460515
2025-09-05,1.5924363755182895,3.5924363755182895,1.4730802587226837,4.136094027154808,3.4593396557406866,0.6767543714141215
2025-09-08,1.6025367140497586,3.6025367140497586,1.3787831105364274,4.094688572356031,3.4784479897075857,0.616240582648445
2025-09-09,1.6136665740092262,3.613666574009226,1.3782735110326065,4.112723525296768,3.4958202504534928,0.616903274843275
2025-09-10,1.6185977099612678,3.618597709961268,1.3125287492525928,4.07833510360323,3.5041265487157824,0.5742085548874476
2025-09-11,1.6246437435016965,3.6246437435016965,1.2509662472844214,4.050625762072611,3.5132261501080735,0.5373996119645379
2025-09-12,1.6368502745164797,3.6368502745164797,1.2895070414931995,4.103417228539469,3.530671513338318,0.5727457152011515
2025-09-15,1.6309392991954361,3.630939299195436,1.2789212803565535,4.084770720329165,3.523548320512521,0.5612223998166441
2025-09-16,1.6241134506075738,3.624113450607574,1.2825855971432745,4.077253825500488,3.510850972364131,0.5664028531363572
2025-09-17,1.6401474281323267,3.6401474281323267,1.2665840342437047,4.100821307455356,3.5353920962866683,0.5654292111686878
2025-09-18,1.6440830363415877,3.6440830363415877,1.3298417254553252,4.152166698496465,3.5358500685547933,0.616316629941672
2025-09-19,1.6450279325465367,3.6450279325465367,1.3639321684541699,4.178897327478056,3.535039695192337,0.6438576322857195
2025-09-22,1.6496980693186565,3.6496980693186565,1.3649370103324685,4.186642426415665,3.5412792078431092,0.6453632185725562
2025-09-23,1.646073904523579,3.646073904523579,1.3309943456291151,4.1555526058169745,3.5377371066894225,0.617815499127552
2025-09-24,1.6617452897808143,3.6617452897808143,1.333607022683621,4.1896869627726225,3.5612745229132328,0.6284124398593898
2025-09-25,1.6891331338132645,3.6891331338132645,1.2804365754337148,4.204678190981799,3.6068480336250013,0.5978301573567975
2025-09-26,1.6863511332028267,3.6863511332028267,1.3187891661021895,4.22970138825321,3.598780748859814,0.6309206393933966
2025-09-29,1.685053288505003,3.685053288505003,1.2586826134439235,4.185633590724294,3.6004154976405798,0.5852180930837139
2025-09-30,1.6768150241838455,3.6768150241838455,1.2952914664551551,4.19869534009259,3.5847845596147896,0.6139107804778008
2025-10-01,1.6536524035005051,3.653652403500505,1.3074955298617112,4.1649213695558736,3.5464999149933583,0.6184214545625153
2025-10-02,1.6559649937175003,3.6559649937175003,1.2677630875192918,4.141833668675457,3.551418225739976,0.5904154429354813
2025-10-03,1.6706694794132702,3.67066947941327,1.2752919211428928,4.177774093343155,3.572932344043429,0.6048417492997258
2025-10-06,1.6737949481071226,3.6737949481071226,1.3348750315207312,4.2253046527843585,3.5746686457734045,0.650636007010954
2025-10-07,1.6623748262079232,3.662374826207923,1.310154537376354,4.184100884359228,3.55881762700064,0.6252832573585874
2025-10-08,1.6720721886913807,3.6720721886913807,1.286551094075019,4.187048874592648,3.5749827043177227,0.6120661702749253
2025-10-09,1.6764883985703634,3.6764883985703634,1.288167348028769,4.197797538707024,3.5815812484043557,0.6162162903026687
2025-10-10,1.659236162824925,3.659236162824925,1.1969369974717088,4.104744497384609,3.55794231189143,0.546802185493179
2025-10-14,1.6383413240525755,3.6383413240525755,1.216687831089133,4.07767329247014,3.5251171473226965,0.5525561451474439
2025-10-15,1.6433036788015976,3.6433036788015976,1.2398986429538779,4.101346792272548,3.5318404921475044,0.569506300125044
2025-10-16,1.6202007670407177,3.6202007670407177,1.1996939194427716,4.032242099888006,3.496777492750141,0.5354646071378655
2025-10-17,1.6359136886922947,3.6359136886922947,1.2039404254365955,4.066267011122129,3.520412525275328,0.5458544858468009
2025-10-20,1.6351648510516945,3.6351648510516945,1.1810524098337378,4.047375253570784,3.5203413262850063,0.5270339272857774
2025-10-21,1.6341616206041074,3.6341616206041074,1.1421453120463592,4.018135469652327,3.5207451251408903,0.4973903445114365
2025-10-22,1.6371234852367316,3.6371234852367316,1.1273494480708655,4.015871885345026,3.5261268190223896,0.4897450663226368
2025-10-23,1.649110718591288,3.649110718591288,1.156996092062335,4.058669786218503,3.5429399186939015,0.5157298675246014
2025-10-24,1.6432445244862706,3.6432445244862706,1.1825197665133453,4.0651825556110435,3.530818755075176,0.5343638005358673
2025-10-27,1.6539619864728792,3.653961986472879,1.1392309442733848,4.055462600481851,3.54917055331444,0.506292047167411
2025-10-28,1.654118324591181,3.654118324591181,1.1159790041825404,4.040659642708355,3.5494981149677045,0.49116152774065025
2025-10-29,1.6895341616891244,3.6895341616891244,1.1387287117097928,4.117638030766884,3.609187268822545,0.5084507619443386
2025-10-30,1.6865877034081436,3.6865877034081436,1.199220658625066,4.151790557066657,3.6036781797830364,0.5481123772836205
2025-10-31,1.6768630333429186,3.6768630333429186,1.231129240487597,4.153590503660617,3.5876815299514084,0.5659089737092082
2025-11-03,1.6758367026265972,3.6758367026265972,1.2515247006375532,4.1662849271738445,3.583951192921339,0.5823337342525057
2025-11-04,1.6685898577468379,3.668589857746838,1.2334159779821796,4.141948164358415,3.571081650431827,0.570866513926588
2025-11-05,1.6833834707452198,3.6833834707452198,1.2954208292784921,4.211837026710207,3.5919389082591233,0.6198981184510841
2025-11-06,1.6584488934100463,3.6584488934100463,1.2698491490210566,4.147705013000531,3.552526564917489,0.5951784480830415
2025-11-07,1.649362690707708,3.649362690707708,1.2976470834573153,4.148451806927363,3.5371703523661333,0.6112814545612295
2025-11-10,1.66462965204758,3.66462965204758,1.2829641458473766,4.168633679701269,3.5604704879156546,0.6081631917856147
2025-11-12,1.6568970636901348,3.656897063690135,1.239969792108817,4.122301498418014,3.5517920813424544,0.5705094170755594
2025-11-13,1.6652932452067155,3.6652932452067155,1.2750755650155279,4.161888402365923,3.5651616704722127,0.5967267318937104
2025-11-14,1.6687805348485654,3.6687805348485654,1.3179236394757954,4.1967371700865845,3.5691048587593386,0.627632311327246
2025-11-17,1.6676318082376227,3.6676318082376227,1.292536777749377,4.175784364056409,3.5687993834417635,0.6069849806146457
2025-11-18,1.6490355460718078,3.649035546071808,1.3383581645665812,4.172329575186224,3.5373520032607595,0.6349775719254649
2025-11-19,1.6538275069090034,3.6538275069090034,1.3402055137630304,4.18214906009499,3.546259842719337,0.6358892173756532
2025-11-20,1.6424619098452595,3.6424619098452595,1.332018745600342,4.155924040590935,3.528181851054638,0.6277421895362969
2025-11-21,1.6172117417712855,3.6172117417712855,1.3504246095975319,4.118345979417219,3.4873253958375994,0.6310205835796197
2025-11-24,1.6207947257332904,3.6207947257332904,1.303070728387067,4.094145208062696,3.494419414205409,0.5997257938572873
2025-11-25,1.6062939579996218,3.606293957999622,1.3057127787414036,4.064868690371086,3.4734151074810624,0.5914535828900238
2025-11-26,1.6150801052390555,3.6150801052390555,1.267626087022717,4.053770365975334,3.4902677587266298,0.5635026072487039
2025-11-28,1.6207591199017237,3.6207591199017237,1.2934823493697474,4.083227441142711,3.4975493332016203,0.5856781079410904
2025-12-01,1.6337707896743403,3.6337707896743403,1.3575802271022956,4.156684932305607,3.5107068957427665,0.6459780365628407
2025-12-02,1.6251390460820652,3.625139046082065,1.3765978784700499,4.155702428191004,3.495575008838824,0.6601274193521802
2025-12-03,1.6136407739280436,3.6136407739280436,1.3639875206892578,4.12534791911338,3.4769134582356256,0.6484344608777541
2025-12-04,1.6332374700718013,3.6332374700718013,1.3787815668276417,4.175554177409269,3.505926663289126,0.6696275141201427
2025-12-05,1.6433022348727988,3.643302234872799,1.378408665076182,4.194408270905878,3.518856489099551,0.6755517818063272
2025-12-08,1.6538074982943947,3.6538074982943947,1.3958573171318225,4.230026786130435,3.532394927606576,0.697631858523859
2025-12-09,1.6730123973110906,3.6730123973110906,1.3415308981106824,4.231612376099465,3.562901434486212,0.6687109416132526
2025-12-10,1.6480824584268596,3.6480824584268596,1.3938135408995693,4.221676096240866,3.5265627606535612,0.6951133355873051
2025-12-11,1.637318434113027,3.637318434113027,1.399211500564994,4.2067361616886,3.5016940774865737,0.705042084202026
2025-12-12,1.6332220993375302,3.63322209933753,1.493897817079893,4.266747774988358,3.489835395258021,0.7769123797303377
2025-12-15,1.6261704225875526,3.6261704225875526,1.4924234196569657,4.25478744765898,3.4781087573585854,0.776678690300395
2025-12-16,1.6159425881913627,3.6159425881913627,1.4724825666801067,4.221051438579469,3.4645014625907375,0.7565499759887313
2025-12-17,1.6167614038952571,3.616761403895257,1.4835166561191215,4.2292076745714136,3.464961407469386,0.7642462671020276
2025-12-18,1.6060337425815234,3.6060337425815234,1.4595691436110831,4.190759354945547,3.4490405802079693,0.7417187747375773
2025-12-19,1.6148868044011628,3.614886804401163,1.4743609839468341,4.22030838096527,3.4595271907487337,0.7607811902165365
2025-12-22,1.6248823459462436,3.6248823459462436,1.4598045837873759,4.229840514469838,3.474820699060107,0.7550198154097307
2025-12-23,1.6452302019201355,3.6452302019201355,1.3899770712372028,4.221038021455487,3.508696081372781,0.7123419400827062
2025-12-24,1.648244419546586,3.648244419546586,1.346897836235109,4.19600489297726,3.516255938698496,0.6797489542787645
2025-12-26,1.6216925056174816,3.6216925056174816,1.430071428991062,4.202332725435421,3.472240994758408,0.7300917306770134
2025-12-29,1.6148573678904867,3.6148573678904867,1.4206080935429188,4.183440706847775,3.4619086793339426,0.7215320275138324
2025-12-30,1.616345822595033,3.616345822595033,1.4323060308377151,4.1992707249570005,3.4626434997094155,0.736627225247585
2025-12-31,1.6347262843004948,3.634726284300495,1.441256318892421,4.244713015012641,3.4906933650512926,0.7540196499613483
2026-01-02,1.626228376668827,3.626228376668827,1.5015544585662308,4.269693157812657,3.473424797629725,0.7962683601829323
2026-01-05,1.6169401476723735,3.6169401476723735,1.489649701398955,4.242337730346211,3.4601997611436577,0.7821379692025534
2026-01-06,1.6185647625157102,3.6185647625157102,1.5035614619956439,4.253231934065265,3.4633211773714323,0.7899107566938324
2026-01-07,1.6220500416850498,3.62205004168505,1.4314049582853663,4.2090042120841265,3.471400075955856,0.7376041361282706
2026-01-08,1.6381772932735608,3.6381772932735608,1.4454170274795874,4.254822379009953,3.495494469385747,0.759327909624206
2026-01-09,1.6561705352288065,3.6561705352288065,1.3697689715531869,4.232167286393653,3.527217699488404,0.7049495869052493
2026-01-12,1.6569844098910522,3.6569844098910522,1.389432086623307,4.248102713679224,3.5281902305480326,0.7199124831311918
2026-01-13,1.6514795923327057,3.6514795923327057,1.3920992675494368,4.239394421519937,3.521376114196646,0.7180183073232911
2026-01-14,1.6472708956133104,3.6472708956133104,1.351758261795152,4.201785388554258,3.5160381504632707,0.6857472380909875
2026-01-15,1.6731344655090297,3.6731344655090297,1.3115190016264684,4.2243609099459265,3.5575335496128906,0.6668273603330359
2026-01-16,1.686700839935682,3.686700839935682,1.3551430867723155,4.283822467615247,3.574735958099211,0.7090865095160357
2026-01-20,1.6777971341505662,3.677797134150566,1.4919674550414648,4.364244335681465,3.5544207527652616,0.8098235829162035
2026-01-21,1.6757592531407504,3.6757592531407504,1.4437700774099245,4.323980396682772,3.555114308142071,0.7688660885407006
2026-01-22,1.694366109781825,3.694366109781825,1.378766034464606,4.318113061799234,3.5863733537145057,0.7317397080847279
2026-01-23,1.694993477635144,3.694993477635144,1.3545442677504935,4.304109452397173,3.5883272005619857,0.7157822518351868
2026-01-26,1.6978450489824723,3.6978450489824723,1.311453327566178,4.28116683391481,3.5950792003297387,0.6860876335850712
2026-01-27,1.6917875657938168,3.691787565793817,1.3549399219017637,4.303031631159919,3.582571439757541,0.7204601914023776
2026-01-28,1.6938346604046473,3.6938346604046473,1.3888014795452284,4.328667786624424,3.5857655365386223,0.7429022500858014
2026-01-29,1.6724349132234018,3.6724349132234018,1.420468359465053,4.3075634417133495,3.550581120468422,0.7569823212449274
2026-01-30,1.6701051405811533,3.6701051405811533,1.4300612185190875,4.313819913820725,3.546083838349392,0.7677360754713334
2026-02-02,1.6740750664065907,3.6740750664065907,1.4741580496506526,4.348857774956647,3.550124423487183,0.7987333514694641
2026-02-03,1.6752664708071947,3.6752664708071947,1.465109677872002,4.344550831293824,3.5527384829091213,0.7918123483847026
2026-02-04,1.6830200951459737,3.6830200951459737,1.4518480515125631,4.353169982056004,3.56620673720325,0.7869632448527537
2026-02-05,1.6401802614653214,3.6401802614653214,1.4620170324219242,4.277016566449459,3.4961387975839617,0.7808777688654969
2026-02-06,1.645621522994908,3.645621522994908,1.4576155361293992,4.281879111283784,3.5051821864452615,0.7766969248385225
2026-02-09,1.640015892844076,3.640015892844076,1.466723488443372,4.277291440017731,3.4957229848722293,0.7815684551455013
2026-02-10,1.6344302533835808,3.634430253383581,1.3941010220228556,4.217518859257289,3.489249538616586,0.7282693206407034
2026-02-11,1.649260451211731,3.649260451211731,1.408643988704001,4.250170625429169,3.514693557211833,0.7354770682173357
2026-02-12,1.6339390390713078,3.6339390390713078,1.3334260810825338,4.166398131021969,3.495696370829519,0.6707017601924505
2026-02-13,1.6102564829873458,3.610256482987346,1.3298876866702205,4.117752909014743,3.460379746362164,0.6573731626525787
2026-02-17,1.6226712033722919,3.622671203372292,1.2976824789626535,4.116896694887833,3.481509656697023,0.6353870381908102
2026-02-18,1.6294416793304478,3.629441679330448,1.3256262141266593,4.148983424670774,3.4909619880808185,0.6580214365899559
2026-02-19,1.628530739689328,3.628530739689328,1.3144027035442694,4.137070160196659,3.49110901486125,0.6459611453354093
2026-02-20,1.6261989508720553,3.6261989508720553,1.333328814461943,4.142491348058603,3.487402993363032,0.6550883546955708
2026-02-23,1.6019239232448648,3.6019239232448648,1.3360237732570637,4.091819972442688,3.4538253697328427,0.6379946027098455
2026-02-24,1.6117268548651857,3.6117268548651857,1.3194938452608405,4.099149493579762,3.469688130324518,0.6294613632552437
2026-02-25,1.6213516923345388,3.621351692334539,1.2984474266838015,4.1043980020965325,3.4840542645149446,0.6203437375815879
2026-02-26,1.6104006506291704,3.6104006506291704,1.2834636577747753,4.071617978414237,3.468863812326345,0.6027541660878915
2026-02-27,1.5861656781614855,3.5861656781614855,1.2916169198220464,4.030672104140895,3.431726689370181,0.5989454147707138
2026-03-02,1.6210600675237359,3.621060067523736,1.3005031967053728,4.103184633335648,3.4841115690201097,0.619073064315538
2026-03-03,1.6282864799295744,3.6282864799295744,1.2959232043297408,4.112341989422951,3.4968493570005847,0.6154926324223666
2026-03-04,1.6480258793393467,3.6480258793393467,1.269673478904025,4.13198119275554,3.5285959639308233,0.6033852288247168
2026-03-05,1.663976124564627,3.663976124564627,1.275952811364708,4.169884833119563,3.550346409693723,0.6195384234258401
2026-03-06,1.6581270834224782,3.658127083422478,1.3130930209442493,4.187094324527608,3.536616862962716,0.6504774615648925
2026-03-09,1.6587042270719046,3.6587042270719046,1.276762805022054,4.159944558149161,3.54192687382269,0.6180176843264711
2026-03-10,1.665840666564545,3.665840666564545,1.2850423777580078,4.1808224740329765,3.5509895390238477,0.6298329350091287
2026-03-11,1.679752969095432,3.679752969095432,1.3451407861149933,4.24948689655462,3.5703275046578864,0.6791593918967336
2026-03-12,1.7308285843923912,3.730828584392391,1.2988113709737412,4.316824925089402,3.6545734259834575,0.6622514991059445
2026-03-13,1.714548719357083,3.714548719357083,1.3684524401992357,4.332296650731953,3.626190730580537,0.7061059201514159
2026-03-16,1.6936922259802287,3.6936922259802287,1.330749701879248,4.2634573554878115,3.5957275309152226,0.6677298245725889
2026-03-17,1.6911015461012013,3.6911015461012013,1.3060551292611384,4.240937447856299,3.592867967699124,0.6480694801571754
2026-03-18,1.7288049091380202,3.72880490913802,1.291083971579365,4.305202525637624,3.6533049670031,0.6518975586345235
2026-03-19,1.7519009341089244,3.7519009341089244,1.2199858212033172,4.294858964174577,3.6980729585481495,0.5967860056264276
2026-03-20,1.7776708420864082,3.7776708420864082,1.3847233527973835,4.454938602018574,3.7356902903566747,0.7192483116618993
2026-03-23,1.7589158141124344,3.7589158141124344,1.357981747023846,4.4020230695435725,3.705099790122656,0.6969232794209166
2026-03-24,1.7971538220005527,3.7971538220005527,1.3167551634090335,4.447567826829479,3.7686939661738887,0.6788738606555902
2026-03-25,1.783444188712238,3.783444188712238,1.2545792763998884,4.379822668776047,3.7477214558162073,0.6321012129598396
2026-03-26,1.8346998767595792,3.8346998767595792,1.253847275090532,4.4841077019677655,3.8268685589402605,0.6572391430275051
2026-03-27,1.7938694373464799,3.79386943734648,1.3862107712700844,4.497215499756481,3.7547287366761095,0.7424867630803718
2026-03-30,1.7648070553913797,3.7648070553913797,1.322711738307813,4.397585090387064,3.7098956632062605,0.6876894271808038
2026-03-31,1.7521776579373665,3.7521776579373665,1.2851634005334995,4.346754956355646,3.6912358479606397,0.6555191083950063
2026-04-01,1.7621188891018136,3.7621188891018136,1.313025151258909,4.389723410499702,3.702918799493393,0.6868046110063086
2026-04-02,1.7576183767870788,3.7576183767870788,1.2832060206896347,4.358124803703266,3.6985736535475287,0.6595511501557372
2026-04-03,1.7769980944919368,3.776998094491937,1.2966654495463237,4.402555692006838,3.731145097196763,0.6714105948100753
2026-04-06,1.7823397428252008,3.782339742825201,1.2530689356124203,4.38616407928612,3.739157523915045,0.6470065553710747
2026-04-07,1.7623895133360747,3.7623895133360747,1.2968049051566926,4.375055871338431,3.7069300124981286,0.6681258588403027
2026-04-08,1.7520087690470447,3.7520087690470447,1.2746925776112645,4.33904263018304,3.6914589457577427,0.6475836844252973
2026-04-09,1.7452360225524899,3.74523602255249,1.2955230634897745,4.340569666547205,3.67941201695512,0.6611576495920852
2026-04-10,1.7526202814905432,3.752620281490543,1.3106306910430359,4.365656413289081,3.6905418448405305,0.6751145684485502
2026-04-13,1.7443759597057564,3.7443759597057564,1.302113648147202,4.342840852862941,3.6782344715351165,0.6646063813278245
2026-04-14,1.732336622547713,3.732336622547713,1.2667297499254735,4.293237113941469,3.6614951201987593,0.6317419937427098
2026-04-15,1.7381697265921616,3.7381697265921616,1.2888086584597893,4.3221958887080625,3.6682648128462567,0.6539310758618058
2026-04-16,1.7369307712810738,3.7369307712810738,1.337757311398577,4.354431792377743,3.6636096886341707,0.6908221037435722
2026-04-17,1.709607490788649,3.709607490788649,1.3219155873154484,4.289492000949971,3.6208531286819756,0.6686388722679952
2026-04-20,1.7172478842586827,3.7172478842586827,1.30118642095311,4.290483899783021,3.6337337968781647,0.6567501029048559
2026-04-21,1.7431929847110155,3.7431929847110155,1.2853017121881791,4.3314305076991495,3.6751647947952124,0.6562657129039371
2026-04-22,1.7489081369296784,3.7489081369296784,1.2810469056114444,4.340477153042419,3.6838992947343194,0.6565778583080992
2026-04-23,1.764353677920603,3.764353677920603,1.2912909086685955,4.3796598614193485,3.7069118186456262,0.6727480427737222
2026-04-24,1.742499947633064,3.742499947633064,1.3065422762279688,4.346248350395287,3.672084937054305,0.674163413340982
2026-04-27,1.7513037139745222,3.7513037139745222,1.3345228249059744,4.383828205750229,3.684288728213587,0.6995394775366415
2026-04-28,1.7703132248754514,3.7703132248754514,1.307821349091796,4.403806453334476,3.715029650762679,0.6887768025717969
2026-04-29,1.8015118530684404,3.8015118530684404,1.3142577428664772,4.468598461470212,3.7653603540210776,0.7032381074491347
2026-04-30,1.7792719894357774,3.7792719894357774,1.3443937084702196,4.447531848499182,3.7271727934077363,0.7203590550914454
2026-05-01,1.7856953368429274,3.7856953368429274,1.3165620674620708,4.441034845570515,3.738540426331106,0.7024944192394091
2026-05-04,1.8086114831190798,3.80861148311908,1.347329832999125,4.505510691210667,3.7752214814246723,0.7302892097859943
2026-05-05,1.8095806527115386,3.8095806527115386,1.3085350875130555,4.484978835557589,3.7752882791396996,0.7096905564178897
2026-05-06,1.7843389980249356,3.7843389980249356,1.2683302271772208,4.4065545875505014,3.7372577528762467,0.6692968346742547
2026-05-07,1.8028184928039082,3.802818492803908,1.2834625287792454,4.454177443446593,3.7655732685678145,0.6886041748787783
2026-05-08,1.7969323652418723,3.7969323652418723,1.2544333366441247,4.421963654038764,3.757779232373065,0.6641844216656994
2026-05-11,1.8153773278958667,3.8153773278958667,1.274299227684816,4.472516157798788,3.7860661202965487,0.6864500375022393
2026-05-12,1.8309195105725706,3.8309195105725706,1.3146149336442434,4.531270416163081,3.809033231355982,0.7222371848070992
2026-05-13,1.8240305745338645,3.8240305745338645,1.3332491002355829,4.531123856334928,3.796829249315532,0.7342946070193963
2026-05-14,1.8378462478104893,3.8378462478104893,1.2916162599507794,4.5299930475940515,3.820363803756323,0.7096292438377287
2026-05-15,1.8654541058025558,3.8654541058025558,1.4243172805932254,4.679627713215561,3.8565694716571772,0.823058241558384
2026-05-18,1.8643545533917916,3.8643545533917916,1.4382125906459704,4.686279790961745,3.854791266265718,0.8314885246960269
2026-05-19,1.8800648689324433,3.8800648689324433,1.4901329443789777,4.7563895472340105,3.875509184336975,0.8808803628970354
2026-05-20,1.8513994081547196,3.8513994081547196,1.4174465979051512,4.646561753189915,3.834794685747989,0.811767067441926
2026-05-21,1.8688884974434004,3.8688884974434004,1.372988095213084,4.648056278483056,3.866229492993314,0.7818267854897418
2026-05-22,1.8934129809550129,3.893412980955013,1.297570966213998,4.64096336657913,3.910951005400281,0.7300123611788489
2026-05-26,1.8630659360026485,3.8630659360026485,1.2788929390160115,4.568425799275475,3.8630239127144463,0.7054018865610283
2026-05-27,1.860244426848574,3.860244426848574,1.2622364600528986,4.551875188329157,3.8588478200447485,0.6930273682844081
2026-05-28,1.859352015253485,3.859352015253485,1.2235971430991173,4.523677595415633,3.858842256478819,0.6648353389368142
2026-05-29,1.8511471653016827,3.8511471653016827,1.2337254102951523,4.512749435704297,3.8465324370136145,0.6662169986906825
2026-06-01,1.8706669353032623,3.8706669353032623,1.2181625581235584,4.5415510908711605,3.877652456861702,0.6638986340094584
2026-06-02,1.8734245820823077,3.8734245820823077,1.1836273334879888,4.523244867330479,3.8834160593837357,0.6398288079467429
2026-06-03,1.8861205908375922,3.886120590837592,1.2076421459475526,4.5653535125412015,3.9023964528005832,0.6629570597406182
2026-06-04,1.8725699718210649,3.872569971821065,1.2114438106642318,4.54156432819732,3.8803727267333192,0.6611916014640009
2026-06-05,1.9181608161736179,3.918160816173618,1.2070385323464166,4.624978340734907,3.955941902142029,0.6690364385928786
2026-06-08,1.9122730151797143,3.9122730151797143,1.2354044838037561,4.632324540674514,3.945769164128664,0.6865553765458499
2026-06-09,1.9028815696499564,3.9028815696499564,1.2177973921985599,4.602193309577004,3.9310892568438924,0.6711040527331114
2026-06-10,1.9019608503629257,3.9019608503629257,1.246587005113457,4.620072460630258,3.928555411976329,0.691517048653929
2026-06-11,1.877997090284147,3.877997090284147,1.1668286614411798,4.516540335731702,3.8943765060597695,0.6221638296719325
2026-06-12,1.8889897175661545,3.8889897175661545,1.1833964552393113,4.550180980206295,3.9108960390626315,0.6392849411436634
2026-06-15,1.8788925759517312,3.878892575951731,1.1801773187289593,4.5281007117213425,3.8948153843074533,0.6332853274138892
2026-06-16,1.8768206894450046,3.8768206894450046,1.1219692420329217,4.4817543422108805,3.8953769844402006,0.5863773577706799
2026-06-17,1.9415141876393918,3.9415141876393918,1.0509878535215176,4.549310391512081,4.0095544974803055,0.5397558940317753
2026-06-18,1.9330022403826206,3.9330022403826206,1.0149262567766133,4.50702633576931,3.9978437329048853,0.5091826028644246
2026-06-22,1.9521464804865758,3.952146480486576,1.0468660938164804,4.5626110959945345,4.030128539135889,0.5324825568586453
2026-06-23,1.9384467119839854,3.9384467119839854,1.0633548355039384,4.549745555415688,4.005597976530668,0.5441475788850205
2026-06-24,1.9205702765570791,3.920570276557079,0.9730386888160307,4.449110211711252,3.982901787346941,0.4662084243643112
2026-06-25,1.9073703652920884,3.9073703652920884,0.9891726872223066,4.432428666640693,3.962429409052411,0.46999925758828187
2026-06-26,1.8914476410195533,3.8914476410195533,1.007257700548419,4.41336577224454,3.93632726451466,0.4770385077298802
2026-06-29,1.8997778609018994,3.8997778609018994,0.9856642534876419,4.413380012428841,3.9515951224158217,0.4617848900130195
2026-06-30,1.9098306149384285,3.9098306149384285,1.0489331913026732,4.4771332149567895,3.9648577096675646,0.5122755052892249
2026-07-01,1.9204355331862288,3.920435533186229,1.0912937876012672,4.527832416679409,3.979621491568951,0.5482109251104581
2026-07-02,1.904936054838096,3.904936054838096,1.152082186764364,4.540978210003638,3.9511640176372165,0.589814192366422
2026-07-06,1.8940317657711674,3.8940317657711674,1.1606680162874703,4.5261495961498595,3.9328241720367956,0.5933254241130639
2026-07-07,1.914821366227784,3.914821366227784,1.2033798053621538,4.595107436415047,3.965337039028968,0.6297703973860789
2026-07-08,1.9219958103380819,3.921995810338082,1.2243500087713048,4.6235438572992305,3.9760945545794772,0.6474493027197532
2026-07-09,1.9052430373723723,3.9052430373723723,1.2341946579344016,4.598708774303468,3.9479196247127444,0.6507891495907234
2026-07-10,1.9217751116100246,3.9217751116100246,1.226705640405502,4.624344658003314,3.975914136738675,0.6484305212646388
2026-07-13,1.9454649572163376,3.9454649572163376,1.239428240156573,4.677561384153421,4.0148682045689545,0.6626931795844664
2026-07-14,1.9160935313290182,3.916093531329018,1.2604086945389055,4.6415564723014064,3.96178866380127,0.6797678085001366
2026-07-15,1.8915154827702167,3.8915154827702167,1.2737005936479298,4.604479029380177,3.920358572460445,0.6841204569197319
2026-07-16,1.9002151519328478,3.900215151932848,1.2817441908949307,4.625755947475716,3.9349425291518396,0.6908134183238768
2026-07-17,1.9105708717423653,3.9105708717423653,1.2292120651438383,4.60816944090785,3.954884380926925,0.653285059980925
2026-07-20,1.9206573059887688,3.920657305988769,1.2719337177958403,4.656426151126167,3.9700343043122954,0.6863918468138719
2026-07-21,1.9405485849621584,3.9405485849621584,1.275304557274917,4.695951155889504,4.003133686384465,0.6928174695050391
2026-07-22,1.9563231111233108,3.956323111123311,1.2904394072285923,4.7345864507141355,4.029813498277012,0.7047729524371231
2026-07-23,1.9730369317405447,3.9730369317405447,1.3070250314686271,4.776561219357345,4.057615387884974,0.7189458314723707
2026-07-24,1.962772889811184,3.962772889811184,1.2968709466668953,4.747639853391957,4.0427917674890805,0.7048480859028761
2026-07-27,1.9634573532740163,3.9634573532740163,1.242993300841249,4.710802777885806,4.0467922476816485,0.6640105302041572
2026-07-28,1.9462333733494859,3.946233373349486,1.2266763050633198,4.667428214603773,4.018632873828699,0.6487953407750737
2026-07-29,1.9194009404351107,3.9194009404351107,1.3972185087543947,4.737467036833925,3.964962946532054,0.772504090301871
2026-07-30,1.9212992321681668,3.921299232168167,1.405106547589142,4.749769514117082,3.9654542491959823,0.7843152649210996
2026-07-31,1.9350979109954238,3.935097910995424,1.4732615684351975,4.822998451509963,3.985446382483625,0.837552069026338
2026-08-03,1.9275511225398034,3.9275511225398034,1.4121365699820005,4.7650492784231755,3.976470274287337,0.7885790041358387
2026-08-04,1.9061625482838025,3.9061625482838025,1.3725383114980296,4.696296778900512,3.9433608708478074,0.7529359080527049
2026-08-05,1.9041503096334864,3.9041503096334864,1.3742588340165867,4.6952092244097665,3.9389077737748934,0.7563014506348731
2026-08-06,1.9288661466652428,3.928866146665243,1.3880591693579456,4.75325767856429,3.977962802469227,0.7752948760950629
