meeting,is_sep,fed_date,fed_source,n_fed,rstar_fed,rstar_fed_mean,rstar_fed_sd,rstar_fed_iqr,fed_date_at,rstar_fed_at,sep_revision,rstar_spd,i_star_spd,pi_star_spd,i_star_iqr_spd,pi_source_spd,acm_date,rstar_acm,rn_fwd_9y1y,tp_fwd_9y1y,wedge_spd,wedge_acm,dy1_d1,drn1_d1,dtp1_d1,dy2_d1,drn2_d1,dtp2_d1,dy3_d1,drn3_d1,dtp3_d1,dy4_d1,drn4_d1,dtp4_d1,dy5_d1,drn5_d1,dtp5_d1,dy6_d1,drn6_d1,dtp6_d1,dy7_d1,drn7_d1,dtp7_d1,dy8_d1,drn8_d1,dtp8_d1,dy9_d1,drn9_d1,dtp9_d1,dy10_d1,drn10_d1,dtp10_d1,dy1_d2,drn1_d2,dtp1_d2,dy2_d2,drn2_d2,dtp2_d2,dy3_d2,drn3_d2,dtp3_d2,dy4_d2,drn4_d2,dtp4_d2,dy5_d2,drn5_d2,dtp5_d2,dy6_d2,drn6_d2,dtp6_d2,dy7_d2,drn7_d2,dtp7_d2,dy8_d2,drn8_d2,dtp8_d2,dy9_d2,drn9_d2,dtp9_d2,dy10_d2,drn10_d2,dtp10_d2
2012-01-25,True,,,,,,,,2012-01-25,2.2,,,,,,,2012-01-24,0.3717671779081062,2.371767177908106,1.6373255337207429,,,0.15218146572126834,-0.5811631091816316,0.7333445749029,-3.5923454835603414,-2.6262139879382196,-0.9661314956221217,-6.693542037852401,-3.6884135037712484,-3.0051285340811527,-8.54213708062913,-4.1857071020164724,-4.356429978612658,-9.418592910931888,-4.394160826360183,-5.024432084571706,-9.679733165789584,-4.451030482749141,-5.228702683040442,-9.587605413868271,-4.425049501349809,-5.162555912518463,-9.308083633775222,-4.3524170395157435,-4.955666594259478,-8.939640959636574,-4.2532804813665726,-4.686360478270002,-8.538602015999341,-4.139418249271443,-4.399183766727899,-0.3011572953312558,-0.5988009030677421,0.29764360773648635,-4.977193106932287,-2.4619786825410412,-2.515214424391246,-9.364133558674991,-3.591277966983239,-5.772855591691753,-12.272654812381445,-4.1855542400344445,-8.087100572347,-13.925850993392553,-4.479735973321796,-9.446115020070756,-14.740377598675591,-4.604082446742808,-10.136295151932783,-15.044344221809158,-4.628590260410881,-10.415753961398277,-15.053461583344351,-4.592521730451626,-10.460939852892725,-14.90013960356935,-4.519070452080021,-10.381069151489331,-14.663135822851592,-4.42257595602924,-10.240559866822352
2012-03-13,False,2012-01-25,table2_compilation,17.0,2.2,2.2029411764705884,0.2403860793141476,0.5,,,,,,,,,2012-03-12,0.4181761094625944,2.4181761094625944,1.4186873626071321,,1.7818238905374058,1.2938581576167618,-0.8674359815070976,2.1612941391238594,3.013066095200956,-1.1588896213713533,4.17195571657231,4.812039553676134,-1.070853543505279,5.882893097181413,6.327090391729384,-0.9022684995711738,7.229358891300558,7.537857380168367,-0.7347827725595613,8.272640152727927,8.50036722646108,-0.5902803198497786,9.090647546310858,9.273279142556955,-0.47178224181004813,9.745061384367004,9.902721207729615,-0.37655632443707177,10.279277532166686,10.422448687656981,-0.30058085390465283,10.723029541561635,10.856868158715605,-0.2400232693262172,11.096891428041822,2.022187200936626,-3.5560103892740695,5.578197590210696,8.72071321536813,-2.399009946128239,11.11972316149637,14.368068968596276,-1.3379994270005635,15.706068395596839,18.56371437879555,-0.5380093959844012,19.10172377477995,21.59442219096097,0.04509305587596657,21.549329135085003,23.799999641118717,0.4656938024066859,23.334305838712034,25.438879189828256,0.7670297703923024,24.671849419435954,26.686811954656076,0.9810781600057217,25.705733794650353,27.65976908326364,1.1310904872017025,26.528678596061937,28.434443356544215,1.233940995011884,27.20050236153233
2012-04-25,True,2012-01-25,table2_compilation,17.0,2.2,2.2029411764705884,0.2403860793141476,0.5,2012-04-25,2.2,0.0,,,,,,2012-04-24,0.3978725397266025,2.3978725397266025,1.40775969415645,,1.8021274602733977,-1.9611777499150413,-2.847613690820788,0.8864359409057471,-1.3816679429503487,-2.7900949877499026,1.408427044799554,-0.9172731692512925,-2.6483974474265426,1.73112427817525,-0.5008240838175859,-2.485677650827456,1.98485356700987,-0.12143378983953124,-2.3279206075504932,2.206486817710962,0.22077518375720473,-2.1832241837627553,2.40399936751996,0.5258743438552926,-2.052893995567706,2.5787683394229988,0.7956774838740355,-1.9359310197770263,2.731608503651062,1.0331837614443007,-1.8307277834688662,2.863911544913167,1.2418798074828263,-1.7356750834979229,2.977554890980749,0.33622425269295986,0.16900676540414217,0.1672174872888177,-0.9557087814972276,-0.7124291976976643,-0.24327958379956327,-1.8115353705503767,-1.128665000327822,-0.6828703702225547,-2.241176820267854,-1.3154523329508172,-0.9257244873170367,-2.383999250946567,-1.3916624404409217,-0.9923368105056452,-2.3593654363558203,-1.4123318339694046,-0.9470336023864157,-2.2459883876265962,-1.4038433614039114,-0.8421450262226848,-2.0909293285127584,-1.3795695935982177,-0.7113597349145406,-1.920897080614381,-1.346682007702138,-0.574215072912243,-1.7504363259079891,-1.3092243708174855,-0.4412119550905036
2012-06-20,True,2012-04-25,table2_compilation,17.0,2.2,2.1852941176470586,0.2939411234976232,0.5,2012-06-20,2.2,0.0,,,,,,2012-06-19,0.5054437331476294,2.5054437331476294,0.50493705656335,,1.6945562668523708,2.3081825989498124,2.470310124544972,-0.16212752559515986,2.7649042290320947,2.7868985375543334,-0.021994308522238493,3.0094244227239275,2.858575405989694,0.15084901673423357,3.0540951942323313,2.819997015800979,0.23409817843135228,2.9720213284471497,2.736041730699912,0.23597959774723787,2.8235422764111284,2.635048377064164,0.18849389934696426,2.647133968892379,2.529488929004442,0.11764503988793695,2.4647584734122097,2.4249428291645447,0.03981564424766493,2.287999178024336,2.32389922469185,-0.03590004666751412,2.122400173094108,2.2274116112687814,-0.10501143817467362,2.139532725394036,3.3216414669211938,-1.1821087415271574,2.296212975020845,3.846504810071166,-1.5502918350503214,2.293223093369395,3.953979562886234,-1.6607564695168386,2.0651351723419142,3.8817317711058896,-1.8165965987639754,1.6932403833027632,3.741431097250114,-2.048190713947351,1.2569301167605906,3.579861065045553,-2.3229309482849625,0.8079888188886386,3.416278829960895,-2.608290011072256,0.3750970343159521,3.2584105796664486,-2.8833135453504966,-0.027919839730050633,3.109089104204532,-3.1370089439345827,-0.39582016140149445,2.969053268527544,-3.3648734299290384
2012-08-01,False,2012-06-20,table2_compilation,19.0,2.2,2.110526315789474,0.3736656778206468,0.3999999999999999,,,,,,,,,2012-07-31,0.46217295098058386,2.462172950980584,0.46149643766730675,,1.7378270490194163,0.6500863551574948,-0.4829024749008315,1.1329888300583262,1.6249265354394138,-0.6355941677949728,2.260520703234387,2.6703518821424854,-0.5777241913909603,3.2480760735334457,3.545825285694443,-0.4789043680360927,4.024729653730535,4.23673012908271,-0.3831079078803201,4.619838036963031,4.778421024030832,-0.3014704484578412,5.079891472488674,5.207819495735011,-0.23509472898883832,5.442914224723849,5.5536156308352735,-0.18214044305790988,5.735756073893183,5.836484403071296,-0.14018570842926348,5.976670111500559,6.071124276015194,-0.10698730897995556,6.17811158499515,1.2698036453043238,1.9679628432491714,-0.6981591979448476,1.311965069942314,2.204545047920919,-0.8925799779786053,1.3220310698844329,2.242724254916495,-0.9206931850320621,1.2168654951875968,2.1924600012804274,-0.9755945060928306,1.0294902961995867,2.109077689533112,-1.0795873933335254,0.8020384350726495,2.0160198377973337,-1.2139814027246842,0.5638476863390807,1.9229038603641335,-1.3590561740250529,0.33178976104648594,1.8335281614471066,-1.5017384004006207,0.11432979646348596,1.7492269642092495,-1.6348971677457635,-0.0850525215805309,1.6702882596271618,-1.7553407812076927
2012-09-13,True,2012-06-20,table2_compilation,19.0,2.2,2.110526315789474,0.3736656778206468,0.3999999999999999,2012-09-13,2.0,-0.20000000000000018,,,,,,2012-09-12,0.40612481609976925,2.4061248160997692,1.02034882444108,,1.793875183900231,0.0659573635185956,-1.5972199772208706,1.663177340739466,-0.6793819437773962,-1.7785556758415089,1.0991737320641126,-2.124379269483984,-1.9721875360669494,-0.15219173341703418,-3.1709812955624974,-2.0603112983460345,-1.1106699972164624,-3.7408165458606146,-2.0810412628691766,-1.659775282991438,-3.967269301743781,-2.063780428351869,-1.903488873391912,-3.9822779519403273,-2.025294850794479,-1.9569831011458483,-3.878343082904445,-1.9750157329107676,-1.9033273499936776,-3.7133733035134675,-1.91841642595465,-1.7949568775588176,-3.521720025658581,-1.8587871611033258,-1.6629328645552555,0.3234063108750046,-5.343913070432402,5.667319381307406,0.8776538726405075,-7.110372894170852,7.98802676681136,1.4438041158548742,-7.598644812509548,9.042448928364422,2.5099241611439838,-7.532343719596901,10.042267880740885,3.926949063044416,-7.25680092021247,11.183749983256885,5.488587616651608,-6.915411458750754,12.40399907540236,7.051828478292155,-6.565947803394112,13.617776281686266,8.536953038464778,-6.230721741489065,14.767674779953843,9.906849880134816,-5.917314808174301,15.824164688309118,11.149356909698938,-5.62722608994255,16.776582999641487
2012-10-24,False,2012-09-13,table2_compilation,19.0,2.0,2.0710526315789477,0.3700340629674958,0.2999999999999998,,,,,,,,,2012-10-23,0.45355009651669675,2.4535500965166968,0.886046969310887,,1.5464499034833032,0.27523953650514243,-0.6839755062088698,0.9592150427140123,-0.7733831489079024,-1.962452749478466,1.1890696005705637,-1.1512330603226872,-2.4554307124613484,1.3041976521386611,-1.0736545067827064,-2.6096658654074845,1.5360113586247781,-0.7460974042249324,-2.6184968267737307,1.8723994225487983,-0.30472251912050385,-2.5644059622212834,2.2596834431007795,0.17171644726612367,-2.4837081529884175,2.655424600254541,0.6413317200589796,-2.392974073713239,3.0343057937722184,1.0837228954600153,-2.2999818770697456,3.383704772529761,1.490390481613546,-2.208430488950963,3.698820970564509,-1.5081685497252835,-3.251431516518716,1.7432629667934325,1.1876274546988141,-2.275917061543492,3.4635445162423064,3.1702350053863793,-1.638505233891907,4.808740239278286,4.531425662363386,-1.213158042149698,5.744583704513085,5.455811055097293,-0.9172967912222663,6.373107846319559,6.09229178992412,-0.7044029968739096,6.79669478679803,6.541322246800507,-0.5472137593219406,7.088536006122448,6.866986314345236,-0.42882116079883126,7.295807475144067,7.109693731300504,-0.3382179612285263,7.44791169252903,7.295149813789603,-0.26796237176367477,7.563112185553278
2012-12-12,True,2012-09-13,table2_compilation,19.0,2.0,2.0710526315789477,0.3700340629674958,0.2999999999999998,2012-12-12,2.0,0.0,,,,,,2012-12-11,0.4322198548448952,2.4322198548448952,0.7413298751268953,,1.5677801451551048,-0.2423063445951973,-2.307907426435385,2.0656010818401875,0.019934118438355575,-3.225601528954253,3.2455356473926082,0.627248081972176,-3.449095046212103,4.076343128184279,1.4162026910261694,-3.4056775223299085,4.821880213356078,2.259745495986343,-3.2673433394795337,5.527088835465877,3.0835027079667565,-3.101774274039637,6.1852769820063935,3.8508335324927145,-2.9352643890513175,6.786097921544032,4.547422429794978,-2.7774919717120428,7.324914401507021,5.170915047079538,-2.6314056198589064,7.802320666938445,5.724833545000374,-2.497263497016333,8.222097042016706,-0.09586022243747438,-1.8712296592900135,1.775369436852539,1.2573799230410077,-2.3303281066752057,3.5877080297162136,2.945435464733559,-2.28181132610204,5.227246790835599,4.444715461536236,-2.1039254003746954,6.548640861910932,5.6745442370030315,-1.9068876596635143,7.581431896666546,6.66783763940434,-1.7244090746823537,8.392246714086692,7.474204345314628,-1.5648251180722994,9.039029463386928,8.136217831326075,-1.4279345033883173,9.564152334714393,8.686309250342216,-1.3109673155807133,9.997276565922931,9.14849566131226,-1.210717445341003,10.359213106653264
2013-01-30,False,2012-12-12,table2_compilation,19.0,2.0,2.0473684210526315,0.3632722931944715,0.375,,,,2.0,4.0,2.0,0.0,assumed,2013-01-29,0.40582266176481596,2.405822661764816,1.3874121480365655,0.0,1.594177338235184,-2.1332958283986487,-2.7620926249464355,0.628796796547787,-1.9873086424815334,-2.860499465287547,0.8731908228060137,-1.8354995977100885,-2.808090265193075,0.9725906674829865,-1.6228540831522698,-2.6958338961271364,1.0729798129748669,-1.3716094187182781,-2.56668706480212,1.195077646083842,-1.1091266055712756,-2.4376986398251588,1.3285720342538831,-0.8535990338706112,-2.3150862383518933,1.461487204481282,-0.6146544728791836,-2.200715799665276,1.5860613267860924,-0.39630847171387984,-2.094744902387502,1.6984364306736222,-0.19937113464063572,-1.9966998482510157,1.79732871361038,-1.8752633684692572,-1.7181975367891456,-0.15706583168011157,-2.431752145550176,-2.328425455157407,-0.10332669039276876,-2.3809549276989306,-2.4921646167532394,0.11120968905430906,-2.129231540206955,-2.4905758527813515,0.3613443125743965,-1.8272314275755153,-2.425027701714988,0.5977962741394727,-1.529911060342748,-2.335754910403387,0.8058438500606391,-1.2560692169886645,-2.2395512750366775,0.983482058048013,-1.0106176706959458,-2.1436031629291197,1.132985492233174,-0.793148219253692,-2.050964202320138,1.257815983066446,-0.6013296680243752,-1.9628446772138597,1.3615150091894845
2013-03-20,True,2012-12-12,table2_compilation,19.0,2.0,2.0473684210526315,0.3632722931944715,0.375,2013-03-20,2.0,0.0,2.0,4.0,2.0,0.25,assumed,2013-03-19,0.37945406573746965,2.3794540657374696,1.312178047626925,0.0,1.6205459342625304,0.15887813577482313,-1.204245756444497,1.36312389221932,0.5574557292694488,-1.8039179474867857,2.3613736767562346,1.2454496027367035,-1.927462899230703,3.1729125019674065,1.9822521629553336,-1.8842799391011855,3.866532102056519,2.6791217500175546,-1.7870433459668544,4.466165095984409,3.3074961173346074,-1.6777910834888776,4.985287200823485,3.8625116706099583,-1.5718682718173893,5.434379942427348,4.348346800648328,-1.4742849928075952,5.8226317934559235,4.772215718265516,-1.3860524163756827,6.158268134641198,5.141893372095918,-1.3067025121910714,6.4485958842869895,-0.5831429350239281,-1.1203959224247857,0.5372529874008575,0.7759350640273305,-0.3909407056327391,1.1668757696600696,1.6337832449578316,-0.010030887447703973,1.6438141324055355,2.1298960320253357,0.1979509535930013,1.9319450784323344,2.39844944641332,0.31696140122744465,2.0814880451858753,2.5318772896098185,0.3869137557368507,2.144963533872968,2.5873428030283474,0.42799910485891157,2.159343698169436,2.598734705868133,0.4511824574250589,2.1475522484430742,2.5858221533797687,0.4628199923253584,2.1230021610544103,2.560075555334551,0.4668047834474054,2.0932707718871457
2013-05-01,False,2013-03-20,table2_compilation,19.0,2.0,2.0210526315789474,0.3313909241339267,0.2749999999999999,,,,,,,,,2013-04-30,0.41082954485011847,2.4108295448501185,0.8671230466351356,,1.5891704551498815,0.3141067992233626,1.9065485375826392,-1.5924417383592764,-0.474085790285253,2.134709316852987,-2.60879510713824,-1.2112012022252872,2.101646922286249,-3.312848124511536,-1.899339711978476,1.9830206653709936,-3.8823603773494697,-2.5273661285729054,1.8459198231503549,-4.37328595172326,-3.0896046880160566,1.713940608697817,-4.803545296713874,-3.5866828314237376,1.594202105052267,-5.180884936476005,-4.023056279310189,1.48775832471999,-5.510814604030179,-4.40487796923561,1.393589506445836,-5.798467475681446,-4.738694824288614,1.3101221533756036,-6.0488169776642176,-0.5303244949815544,0.886984955909137,-1.4173094508906914,-1.09683181828836,1.2009733333200046,-2.297805151608365,-1.6612582010433474,1.244431378103572,-2.9056895791469195,-2.213416633375859,1.1919667268253664,-3.405383360201225,-2.7324836820100673,1.11174407997211,-3.8442277619821774,-3.2058946184347126,1.0289129884767156,-4.234807606911428,-3.6294669590338113,0.9520315335164065,-4.581498492550217,-4.004252168241851,0.8833356965298078,-4.887587864771659,-4.333933837406367,0.8227361041150738,-5.156669941521441,-4.623220409078854,0.7693820120994177,-5.392602421178272
2013-06-19,True,2013-03-20,table2_compilation,19.0,2.0,2.0210526315789474,0.3313909241339267,0.2749999999999999,2013-06-19,2.0,0.0,2.0,4.0,2.0,0.25,assumed,2013-06-18,0.4106072954812543,2.4106072954812543,1.6735792344534435,0.0,1.5893927045187457,-0.32240682192277714,7.7492489273586065,-8.071655749281383,3.9459562950094176,9.511907139489878,-5.565950844480461,10.446859939941177,10.748701874210937,-0.3018419342697587,14.808463715647868,11.254372065773039,3.55409164987483,16.92988957233532,11.34766677687299,5.582222795462332,17.506208070258445,11.223681421253373,6.282526649005071,17.164088868189054,10.985287354340967,6.178801513848087,16.32884835463986,10.687269345859773,5.641579008780084,15.261033257189993,10.359932375115166,4.901100882074827,14.111895685260833,10.020696328716872,4.091199356543962,-0.9136446334662846,4.890880593512101,-5.804525226978385,6.367692480234028,7.714629899547437,-1.3469374193134098,14.939790628944927,9.61326874477318,5.326521884171748,20.69621491170126,10.548415789147509,10.147799122553753,23.768331244994776,10.932368233218526,12.835963011776252,25.009595360089754,11.011162628367376,13.998432731722376,25.146921591747606,10.9171547862301,14.229766805517507,24.667929175188252,10.723293239249543,13.94463593593871,23.872164039106902,10.471648676510824,13.400515362596078,22.935777112202782,10.187557892175958,12.748219220026824
2013-07-31,False,2013-06-19,table2_compilation,19.0,2.0,2.0210526315789474,0.3313909241339267,0.2749999999999999,,,,2.0,4.0,2.0,0.5,assumed,2013-07-30,0.42600705510551506,2.426007055105515,2.2795046435366952,0.0,1.573992944894485,0.41250891389940647,1.3679845614396335,-0.9554756475402271,0.1880949483420269,1.6571803461230132,-1.4690853977809866,-0.10412411597123805,1.7028015112631023,-1.8069256272343404,-0.44885351015613306,1.6547431312177063,-2.1035966413738394,-0.8092124786482913,1.5757015445309608,-2.384914023179252,-1.159041571285102,1.4901461268016947,-2.6491876980867968,-1.4844513121798908,1.4072348502435994,-2.8916861624235013,-1.7798351006978574,1.3300363016106154,-3.109871402308473,-2.044296621513153,1.2592152899926212,-3.3035119115057743,-2.279330706822291,1.1945250889568548,-3.473855795779146,0.7915301209461545,2.2110741015513717,-1.4195439806052175,2.3813818462438405,1.3826285153662603,0.9987533308775776,5.8129864673372005,1.4179927289376115,4.394993738399588,8.661679815955225,1.5565283715836264,7.105151444371605,10.629159217214635,1.676528464507665,8.95263075270697,11.900248050263396,1.7593321832564346,10.140915867006973,12.697638585319648,1.8077855220008043,10.889853063318844,13.189323945560982,1.8288486036496021,11.36047534191138,13.487211114795272,1.8292755468568567,11.657935567938416,13.662646907890386,1.81462937010346,11.848017537786927
2013-09-18,True,2013-06-19,table2_compilation,19.0,2.0,2.0210526315789474,0.3313909241339267,0.2749999999999999,2013-09-18,2.0,0.0,2.0,4.0,2.0,0.5,assumed,2013-09-17,0.5022314183559491,2.502231418355949,2.3711855360713177,0.0,1.497768581644051,-1.1983483371894033,-9.084796508907825,7.886448171718421,-5.456408530708706,-10.421446404700399,4.965037873991696,-12.282272470293677,-11.499862879666054,-0.7824095906276196,-16.985389770805348,-11.934104354225722,-5.051285416579631,-19.392264907454493,-11.988227121218886,-7.404037786235607,-20.194261816139193,-11.83759271439272,-8.356669101746483,-20.029382980207757,-11.57747412811283,-8.451908852094924,-19.334734482068505,-11.259690933352239,-8.075043548716266,-18.380097941513405,-10.913432284858127,-7.46666565665528,-17.323439364066218,-10.5557496616286,-6.767689702437618,-0.5897982381288663,-5.28047202353929,4.690673785410423,-4.876945215630258,-7.742360161435077,2.865414945804823,-9.499487272606844,-9.04681144292809,-0.4526758296787503,-12.278623052377192,-9.553065800646177,-2.7255572517310256,-13.423734321658776,-9.651948995973658,-3.7717853256851175,-13.504796057747459,-9.546439526368268,-3.9583565313792146,-12.980728469724845,-9.33731665471923,-3.643411815005604,-12.15010347904868,-9.076195757027183,-3.073907722021496,-11.190931974072749,-8.790702989115552,-2.400228984957198,-10.203931103174124,-8.496236942587165,-1.7076941605869589
2013-10-30,False,2013-09-18,table2_compilation,17.0,2.0,1.9411764705882355,0.2761261935066726,0.0,,,,,,,,,2013-10-29,0.4083136567036245,2.4083136567036245,2.195058430788057,,1.5916863432963755,-0.6084242705572951,0.239866942968181,-0.8482912135254761,-0.43287074042268614,-0.051724075401313185,-0.38114666502137573,0.413152697423258,-0.05841302699103601,0.47156572441429123,1.1438025366807714,-0.021890438141114466,1.1656929748218858,1.6441169377165332,0.016498873245729406,1.6276180644708038,1.9569162255488104,0.04846813060691568,1.9084480949418947,2.142120726207497,0.07315273092659558,2.0689679952808904,2.246038811594575,0.09149140642907838,2.1545474051654967,2.2996301631311056,0.10472844285636107,2.1949017202747445,2.3225271334157416,0.11399728938710219,2.2085298440286394,-1.102490818741808,-0.48715140262209355,-0.6153394161197145,-0.9829396969215254,-1.3181595346780512,0.335219837756523,0.3500750124462382,-1.4516641289868015,1.8017391414330397,1.6370055628813662,-1.405664927959166,3.0426704908405378,2.6349731451544844,-1.311563425763218,3.9465365709177025,3.3662548388615487,-1.2106447074004767,4.576899546262025,3.8987619991058375,-1.116217878893866,5.0149798779997035,4.2917358101262515,-1.0318563731562147,5.323592183282466,4.587798590281578,-0.9576775218762767,5.545476112157854,4.815889782941785,-0.8926653304922594,5.708555113434044
2013-12-18,True,2013-09-18,table2_compilation,17.0,2.0,1.9411764705882355,0.2761261935066726,0.0,2013-12-18,2.0,0.0,,,,,,2013-12-17,0.39868251352546125,2.3986825135254612,2.736958914570595,,1.6013174864745388,-0.49944893476233654,1.884607087793075,-2.3840560225554115,-1.641407501990555,-0.03332096412345109,-1.6080865378671039,-0.2446168102210322,-0.5935596299202123,0.34894281969918284,1.3285772667714246,-0.7594294566026782,2.088006723374103,2.5641316981985796,-0.7866162090142126,3.350747907212792,3.4471111005874855,-0.7629465693832271,4.210057669970713,4.062774205175401,-0.7220485781598174,4.78482278333523,4.493173022532382,-0.677320395526182,5.170493418058553,4.798450937661025,-0.6340282796275076,5.432479217288533,5.019232571582144,-0.5940459954141275,5.6132785669962715,-1.7193142627514035,3.18373742909793,-4.903051691849333,1.3143049491950998,4.329729580153375,-3.0154246309582744,5.909455290721377,5.21510483277208,0.6943504579492998,9.093577329815638,5.646338335915313,3.4472389939003145,10.768773316925229,5.8090286521325085,4.959744664792698,11.38809542857997,5.823185250344687,5.564910178235283,11.367657740740711,5.754198061302473,5.6134596794382485,10.992669074324413,5.638033205031679,5.354635869292723,10.439585249475147,5.4952840077535425,4.944301241721605,9.812176531228722,5.338238256480676,4.473938274748046
2014-01-29,False,2013-12-18,table2_compilation,17.0,2.0,1.894117647058824,0.2513974781924482,0.25,,,,,,,,,2014-01-28,0.5147653365153282,2.514765336515328,2.2157140705434504,,1.4852346634846718,-0.5203054833455983,0.09192794838901175,-0.6122334317346101,-1.8734836183802173,0.209404887951542,-2.0828885063317593,-3.5719382209467576,0.07204605831062638,-3.643984279257384,-4.937228497380319,-0.07592915356861019,-4.861299343811709,-5.922989456665295,-0.19673475493187098,-5.726254701733424,-6.616784775562379,-0.2878720104621868,-6.328912765100192,-7.10769144494261,-0.3539599741002375,-6.753731470842372,-7.461367085537152,-0.40041132015908865,-7.060955765378063,-7.721990498058773,-0.43191340409431955,-7.290077093964453,-7.918521080394925,-0.4521840631302343,-7.46633701726469,0.5817148109921177,4.7161698371042675,-4.13445502611215,-1.994781136548457,3.389571895605972,-5.384353032154429,-2.691568329179961,2.7654808115117557,-5.4570491406917165,-3.012730526747509,2.3675405520932835,-5.380271078840792,-3.3198368509032017,2.0812781692187143,-5.401115020121916,-3.6651320012071498,1.8624083919513423,-5.527540393158481,-4.031605522118964,1.6885334868048218,-5.720139008923786,-4.396573544108495,1.546529651810724,-5.943103195919219,-4.744641718731968,1.4280180747733962,-6.172659793505364,-5.0677094174716775,1.3273489521559823,-6.39505836962766
2014-03-19,True,2013-12-18,table2_compilation,17.0,2.0,1.894117647058824,0.2513974781924482,0.25,2014-03-19,2.0,0.0,,,,,,2014-03-18,0.5608257629520157,2.5608257629520157,1.9062727632776593,,1.4391742370479843,2.8733428145411715,8.380553858721715,-5.5072110441805435,10.572729910771278,14.329059598672883,-3.756329687901605,15.97043863475015,16.91204817851154,-0.9416095437613903,18.272808876138647,17.78106460986605,0.49174426627259793,18.403288244658246,17.85450571555819,0.5487825291000559,17.283166277014452,17.556902292170896,-0.27373601515644497,15.54019523043988,17.08620565025585,-1.5460104198159685,13.550459803539638,16.538396278805088,-2.9879364752654514,11.523797112456124,15.961971417492492,-4.438174305036369,9.570068119457709,15.382275650016153,-5.812207530558444,0.5321317170441792,4.890788550543645,-4.358656833499467,8.520657270104092,10.727990053963426,-2.207332783859334,14.185723278728746,13.378322856575641,0.8074004221531039,16.827960104242567,14.392941513309488,2.43501859093308,17.341461780431654,14.634109026588348,2.707352753843306,16.61174397233216,14.503560787178571,2.1081831851535893,15.243441013135417,14.19099409198228,1.0524469211531384,13.600924363201283,13.790019955469202,-0.18909559226791828,11.889634826073303,13.349057676014663,-1.4594228499413608,10.219130985409741,12.894198563727489,-2.675067578317747
2014-04-30,False,2014-03-19,table2_compilation,16.0,2.0,1.884375,0.2590359229431315,0.3125,,,,,,,,,2014-04-29,0.7124453769156212,2.712445376915621,1.4278011203083025,,1.2875546230843788,-0.6987932383895751,-2.045521699963193,1.3467284615736181,-2.4709469087944025,-3.169446943302873,0.6985000345084702,-3.909853344099168,-3.702647760706612,-0.20720558339255568,-4.642881414512745,-3.893341019764185,-0.7495403947485602,-4.844654940376403,-3.917795253805978,-0.9268596865704248,-4.725521559912815,-3.8618668441884108,-0.8636547157244046,-4.435878926335324,-3.766822075586096,-0.6690568507492278,-4.068450453078087,-3.6532322248172377,-0.41521822826084964,-3.676435457056604,-3.531808822147431,-0.14462663490917294,-3.288762091151831,-3.408345996807016,0.11958390565518506,-0.7789627691286161,-0.9935412848260272,0.21457851569741115,-3.249751435100351,-1.8295835998134724,-1.4201678352868785,-5.5262387486576525,-2.3661862516273002,-3.1600524970303523,-7.022248419260579,-2.643643662142703,-4.378604757117877,-7.872287804360667,-2.7720378179627136,-5.100249986397953,-8.294763444550313,-2.8155019924814173,-5.479261452068895,-8.457785903206139,-2.8090933185521028,-5.648692584654036,-8.470909747956146,-2.7726504272383323,-5.698259320717813,-8.40113116577137,-2.7179517997065084,-5.683179366064861,-8.288255173723647,-2.6522967660576047,-5.635958407666042
2014-06-18,True,2014-03-19,table2_compilation,16.0,2.0,1.884375,0.2590359229431315,0.3125,2014-06-18,1.75,-0.25,,,,,,2014-06-17,0.7587070219506007,2.7587070219506007,1.2038137729797977,,1.2412929780493993,0.5206773646239393,-0.4340395921018092,0.9547169567257485,-1.1920809859870818,-1.1554118993024831,-0.03666908668459867,-3.0331349003215324,-1.61702374170819,-1.4161111586133424,-4.255714039569436,-1.8546051607978842,-2.4011088787715518,-4.914851434925871,-1.9659289505914446,-2.9489224843344264,-5.193637603214185,-2.006983559608755,-3.1866540436054303,-5.243309065239732,-2.0076611948928624,-3.2356478703468694,-5.164412488524972,-1.9844534286903803,-3.1799590598345917,-5.018556188269985,-1.946916209398375,-3.0716399788716098,-4.841999543539677,-1.9008455290147497,-2.941154014524927,0.46469544638626237,-2.5917035057160254,3.056398952102288,-2.5682952714926213,-5.192670466701155,2.6243751952085335,-4.816102739356365,-6.345447207862653,1.5293444685062885,-5.765452107535163,-6.754725864032352,0.9892737564971887,-5.774113970204375,-6.818889578238729,1.044775608034354,-5.2359997959488425,-6.722193827123313,1.4861940311744704,-4.425919126022038,-6.550277368883672,2.1243582428616348,-3.509993772228892,-6.344456913893781,2.834463141664889,-2.5811874026199444,-6.125486707745842,3.5442993051258975,-1.6881144442864038,-5.904148381744356,4.2160339374579525
2014-07-30,False,2014-06-18,table2_compilation,16.0,1.75,1.778125,0.2651466280664342,0.2374999999999998,,,,,,,,,2014-07-29,0.8376260488224041,2.837626048822404,0.6539231798030647,,0.9123739511775959,2.8004605965535614,3.8012482848535925,-1.000787688300031,2.616121380726799,2.0583504452988843,0.5577709354279148,4.387287567401232,1.5380048680736391,2.8492826993275933,6.145298132272448,1.3579427373198394,4.787355394952608,7.5052709457897215,1.2902611537792819,6.21500979201044,8.490366793550708,1.2597216822246127,7.230645111326095,9.196085876621751,1.239331460464932,7.956754416156819,9.706981599560205,1.2195030590279377,8.487478540532267,10.083926059298953,1.1972705600992173,8.886655499199737,10.368074956960927,1.1721849302553933,9.195890026705534,-0.017173887165641832,0.16004185095203072,-0.17721573811766977,0.23549251309554764,-1.6193265479693575,1.8548190610649051,2.757081866830169,-2.003615384866997,4.760697251697166,5.2539277412482654,-1.991858522670742,7.245786263919007,7.247960805428444,-1.8616805403622205,9.109641345790664,8.757623467729392,-1.7055245895644777,10.46314805729387,9.895522263070378,-1.5550725880756566,11.450594851146034,10.764893023970146,-1.4200387357717004,12.184931759741847,11.442090495306578,-1.3020158510455682,12.744106346352147,11.980219920051383,-1.199737866808115,13.179957786859497
2014-09-17,True,2014-06-18,table2_compilation,16.0,1.75,1.778125,0.2651466280664342,0.2374999999999998,2014-09-17,1.75,0.0,1.5,3.5,2.0,0.5,assumed,2014-09-16,0.8353272174459185,2.8353272174459185,0.8691287884645522,0.25,0.9146727825540815,2.041650065958897,2.5550467380003994,-0.5133966720415051,3.202719161528378,3.4770703033960126,-0.27435114186763476,3.7237350270800773,3.8105522504320644,-0.08681722335198705,3.7890982787731176,3.8718113777830965,-0.08271309900997892,3.5990467850580687,3.8143532661318202,-0.2153064810737515,3.2856840434662082,3.7059270378170694,-0.4202429943508612,2.9255067743612972,3.576988254900182,-0.6514814805388847,2.5597682659189935,3.441684572654302,-0.8819163067353086,2.2092657073793376,3.306765349797236,-1.0974996424178984,1.8834251956533876,3.1754790937965627,-1.292053898143175,1.7532994899779886,4.04627384096835,-2.292974350990362,4.385899850536457,6.162882764583555,-1.7769829140470983,6.3125416881100405,7.0517294860863,-0.7391877979762596,7.119949916350787,7.316163875880077,-0.19621395952929,7.120135363901214,7.293886549252604,-0.17375118535138956,6.651992716805566,7.140581178641425,-0.48858846183585936,5.951295391697586,6.928350734210098,-0.9770553425125117,5.160395216557934,6.691790666734199,-1.531395450176265,4.358887271677547,6.448121877416413,-2.0892346057388655,3.5883579609174987,6.20615629478154,-2.617798333864041
2014-10-29,False,2014-09-17,table2_compilation,17.0,1.75,1.798529411764706,0.2629681523206719,0.25,,,,1.5,3.5,2.0,0.5,assumed,2014-10-28,0.7795788379948014,2.7795788379948014,0.6382969024175473,0.25,0.9704211620051986,1.9950269339114035,3.8876549373101366,-1.892628003398733,6.7832939490391375,8.09544122474658,-1.3121472757074426,8.988432853214068,9.781909388063603,-0.7934765348495354,9.404639123446668,10.329871367464882,-0.9252322440182148,8.810313772441457,10.372204032383259,-1.5618902599418005,7.718705628601463,10.186331077618416,-2.4676254490169525,6.428713753909587,9.897826364596929,-3.4691126106873416,5.102840153849808,9.56601909513175,-4.463178941281942,3.8240455985405486,9.220060351500026,-5.396014752959477,2.630851610478979,8.874691650480449,-6.243840040001469,2.2608177361758965,4.125766898689376,-1.8649491625134795,5.446677239389142,7.147191376324291,-1.7005141369351495,6.8412157267866425,8.306012818710684,-1.4647970919240416,6.959144933459038,8.62913501362459,-1.669990080165551,6.355284286571727,8.587478424539153,-2.232194137967425,5.4031998973357975,8.386176824459568,-2.9829769271237705,4.32157010300207,8.117013769942115,-3.795443666940046,3.2288622206283257,7.822602835049652,-4.593740614421327,2.184766171952335,7.523360142588231,-5.3385939706358965,1.2161269395838392,7.229237743267625,-6.0131108036837855
2014-12-17,True,2014-09-17,table2_compilation,17.0,1.75,1.798529411764706,0.2629681523206719,0.25,2014-12-17,1.75,0.0,1.5,3.5,2.0,0.5,assumed,2014-12-16,0.9366455883393989,2.936645588339399,-0.2132714366061501,0.25,0.8133544116606011,0.9757740211163712,-1.7045676934031362,2.6803417145195074,5.041779423777193,0.7506998466644266,4.291079577112766,6.995102959582944,1.8476851828792773,5.147417776703667,7.914484059513138,2.3710146110900165,5.543469448423122,8.307697509593304,2.6216276327551524,5.686069876838151,8.429679074788666,2.731281947571107,5.698397127217558,8.412294398147724,2.763207466170825,5.649086931976899,8.325219760947444,2.7502197494178926,5.575000011529552,8.205812666268297,2.7105349298988113,5.495277736369486,8.07422160383977,2.6548452283147395,5.419376375525031,1.626801554218471,-3.1466932199644027,4.773494774182874,7.696969522151409,-0.24714742543883172,7.94411694759024,11.170849069739997,1.1822542596668262,9.98859481007317,13.210943432623212,1.9507120437382452,11.260231388884968,14.433105450516504,2.381364811976039,12.051740638540466,15.18024596069225,2.6232714243689337,12.556974536323317,15.645698821976307,2.7524475740025256,12.89325124797378,15.94018912264148,2.8110007933345837,13.129188329306896,16.12842028836208,2.8238758290741295,13.304544459287948,16.249066632679376,2.8066481038480973,13.44241852883128
2015-01-28,False,2014-12-17,table2_compilation,17.0,1.75,1.7794117647058822,0.255560988190923,0.25,,,,1.5,3.5,2.0,0.5,assumed,2015-01-27,0.8929723869534385,2.8929723869534385,-0.39978582906647664,0.25,0.8570276130465615,-2.2520948872009616,-2.803720738586568,0.5516258513856065,-4.2530972096193445,-3.105670875092892,-1.1474263345264524,-6.548150630710603,-3.4044728508885846,-3.1436777798220183,-8.164010224523043,-3.5504555728915754,-4.6135546516314685,-9.129840571735205,-3.5940219705313803,-5.5358186012038235,-9.643227530700461,-3.575907104847209,-6.067320425853251,-9.873756955802882,-3.520833517052946,-6.352923438749936,-9.936574164608537,-3.443655297500592,-6.492918867107944,-9.903721998774273,-3.353553714543045,-6.550168284231228,-9.818730808083643,-3.2563727923282215,-6.562358015755421,-4.642283171368625,-8.560330495386715,3.9180473240180866,-2.9736522427911027,-6.9242591635184425,3.9506069207273398,-3.7343725426700947,-6.223666740605527,2.489294197935432,-4.571598269542254,-5.766291507458354,1.1946932379161002,-5.04012828955791,-5.409157412223098,0.3690291226651876,-5.177944220410802,-5.107042490939029,-0.07090172947177287,-5.099355616249857,-4.841047954503774,-0.2583076617460822,-4.898449879437705,-4.6016427674347105,-0.2968071120029947,-4.6374906669403915,-4.383315620823414,-0.25417504611697783,-4.354110445552606,-4.182526514779417,-0.17158393077318923
2015-03-18,True,2014-12-17,table2_compilation,17.0,1.75,1.7794117647058822,0.255560988190923,0.25,2015-03-18,1.75,0.0,1.5,3.5,2.0,0.5,assumed,2015-03-17,0.9405862153217015,2.9405862153217015,-0.18361826020974048,0.25,0.8094137846782985,-4.950482654232507,-2.7004098869639503,-2.2500727672685574,-11.555959136544324,-7.204038936526258,-4.351920200018067,-14.468639378351721,-9.04047766373326,-5.428161714618462,-15.424786910575161,-9.727193436214243,-5.697593474360918,-15.385192519789914,-9.891818745285219,-5.493373774504695,-14.864977514778687,-9.807573963582605,-5.057403551196082,-14.136119107940083,-9.600987425475282,-4.535131682464799,-13.34018019999952,-9.334319507672406,-4.005860692327112,-12.54908868709399,-9.039916472193488,-3.5091722149005022,-11.797604554489993,-8.735351010079784,-3.0622535444102095,-1.9075352042995763,-0.4678832558480783,-1.439651948451498,-5.267323110879696,-2.3875929885987968,-2.879730122280899,-7.053345731327232,-3.244625541726043,-3.808720189601189,-7.901118833503262,-3.6161189569278163,-4.284999876575446,-8.223378599266184,-3.7555136778296694,-4.467864921436515,-8.26261340331591,-3.777337163985073,-4.485276239330838,-8.155737906865856,-3.7367054580069503,-4.419032448858906,-7.978626781889875,-3.661960880310633,-4.316665901579242,-7.772807377873825,-3.568586942435825,-4.204220435438,-7.560649743995906,-3.4654830794037306,-4.095166664592176
2015-04-29,False,2015-03-18,table2_compilation,17.0,1.75,1.661764705882353,0.2703643575125035,0.25,,,,1.5,3.5,2.0,0.5,assumed,2015-04-28,0.8324028202249636,2.8324028202249636,0.06833761352808865,0.25,0.9175971797750364,-0.8718518791797636,-3.681735103978412,2.8098832247986483,0.8731113206214558,-3.467402589613444,4.3405139102349,2.0923537412112503,-3.1952024481661567,5.287556189377407,3.095559571006312,-2.9155192090297932,6.011078780036105,3.965186410498922,-2.6602437493410402,6.625430159839962,4.727196957665836,-2.4374197500541372,7.164616707719973,5.394499324469626,-2.245607520223225,7.640106844692851,5.977584655644375,-2.080581893905431,8.058166549549806,6.486471616960143,-1.9378438963506106,8.424315513310754,6.930663996903741,-1.8134265961994966,8.744090593103238,-0.5157649872675862,-4.189876972566226,3.674111985298639,1.7474024432870272,-3.2600919533668726,5.0074943966539,2.6406573311436476,-2.7686222442318664,5.409279575375514,3.216503674721216,-2.420518356511736,5.637022031232952,3.7300308643831714,-2.15261377471494,5.882644639098111,4.224557150722674,-1.939127553440545,6.163684704163219,4.695538606473582,-1.7651368830633452,6.460675489536927,5.133642413850525,-1.620730241165802,6.754372655016327,5.533549972726037,-1.498957675214374,7.032507647940411,5.894048745839253,-1.3948122221285386,7.288860967967792
2015-06-17,True,2015-03-18,table2_compilation,17.0,1.75,1.661764705882353,0.2703643575125035,0.25,2015-06-17,1.75,0.0,1.5,3.5,2.0,0.5,assumed,2015-06-16,0.8708007886226383,2.8708007886226383,0.4495160841001269,0.25,0.8791992113773617,0.3260147117587653,1.4181279973594862,-1.092113285600721,-4.181340471050432,-2.765908502392189,-1.4154319686582428,-5.397774832990776,-4.422315781951602,-0.9754590510391736,-5.236936529092806,-5.067958261416172,-0.16897826767663382,-4.517835374444834,-5.273929269882127,0.7560938954372931,-3.603586508938861,-5.277923241587512,1.6743367326486513,-2.657269488199532,-5.185985960756501,2.528716472556969,-1.7507786912112966,-5.0482928911865566,3.29751419997526,-0.9132624113431298,-4.8898115318027235,3.9765491204595937,-0.15355549374143074,-4.723487359783252,4.569931866041821,-2.119483241613679,-1.9196466735791562,-0.19983656803452265,-5.005944603431878,-5.517768816959833,0.511824213527956,-4.889632614632267,-6.736682761188351,1.847050146556084,-3.7629367405505487,-7.060733337304903,3.2977965967543543,-2.365337425669578,-7.023108589180316,4.657771163510738,-0.971796067417019,-6.837033921460378,5.865237854043359,0.32017519454403676,-6.593018810813955,6.913194005357992,1.4824939786955316,-6.331029856621884,7.813523835317415,2.5143978815931334,-6.069086172087457,8.58348405368059,3.4254465012709456,-5.815263575894258,9.240710077165204
2015-07-29,False,2015-06-17,table2_compilation,17.0,1.75,1.6470588235294117,0.2719594413074548,0.25,,,,1.38,3.38,2.0,0.5,assumed,2015-07-28,0.8542624694963052,2.8542624694963052,0.36568910164382906,0.3700000000000001,0.8957375305036948,0.7548873107494192,-0.30476905828989986,1.059656369039319,1.6117012040131606,-0.023910103978053154,1.6356113079912138,2.054039169443045,0.12006446710293162,1.9339747023401133,2.3327476724387175,0.20571378523479567,2.127033887203922,2.5361100355383748,0.25902751521156286,2.277082520326812,2.697333743968411,0.29230695519479877,2.405026788773612,2.830488156376365,0.31245764031413437,2.5180305160622307,2.9426623880073333,0.3237296713463955,2.6189327166609377,3.03815773149414,0.328887251363863,2.709270480130277,3.1199860888603936,0.3297933776763351,2.7901927111840585,3.1286499641863807,4.655746221177215,-1.5270962569908342,3.387520060723559,5.075617987971148,-1.6880979272475893,3.6610703007965206,5.146592387206184,-1.485522086409663,3.6359868862628097,5.038448825427011,-1.4024619391642013,3.374130260971664,4.859033397189583,-1.4849031362179188,2.9804500328643346,4.6567327473395315,-1.6762827144751968,2.532575912838375,4.452222246322957,-1.9196463334845815,2.077379081346642,4.254110318973181,-2.176731237626539,1.640084164093647,4.065739358285914,-2.4256551941922666,1.2326953443915212,3.888128816941183,-2.655433472549662
2015-09-17,True,2015-06-17,table2_compilation,17.0,1.75,1.6470588235294117,0.2719594413074548,0.25,2015-09-17,1.5,-0.25,1.38,3.38,2.0,0.75,assumed,2015-09-16,0.8526771315002861,2.852677131500286,0.5147532407617659,0.3700000000000001,0.8973228684997139,-7.037800061988136,-2.8036869368874173,-4.234113125100719,-11.706709744752208,-6.213076206399714,-5.493633538352494,-12.586578354968903,-7.394027628181932,-5.192550726786971,-12.285044713677618,-7.754755232078914,-4.530289481598704,-11.666290300256343,-7.769377668583144,-3.8969126316731995,-11.01073125019576,-7.628654859211892,-3.382076390983868,-10.403035733383813,-7.417064032573695,-2.9859717008101194,-9.862836864615288,-7.174666465415824,-2.688170399199463,-9.388946951537047,-6.92148540920241,-2.467461542334637,-8.974283130406846,-6.667913244797119,-2.306369885609727,-12.093464224031681,-11.346285951651103,-0.7471782723805775,-13.382956363360144,-10.751050395236206,-2.6319059681239376,-14.985996336809126,-10.38217671175401,-4.603819625055117,-16.129019915989538,-10.018422675676252,-6.110597240313287,-16.80720583209483,-9.647555523293327,-7.159650308801502,-17.157155163400418,-9.276585357017941,-7.880569806382476,-17.300967228997944,-8.911942302795683,-8.38902492620226,-17.32260180402956,-8.55785717142119,-8.764744632608368,-17.274851182486863,-8.216850167259636,-9.058001015227223,-17.189658984174017,-7.890283470904191,-9.299375513269826
2015-10-28,False,2015-09-17,table2_compilation,17.0,1.5,1.463235294117647,0.2491334462661384,0.375,,,,1.25,3.25,2.0,0.5,assumed,2015-10-27,0.7977457968029675,2.7977457968029675,0.2823604133050397,0.25,0.7022542031970325,4.5472618807648075,3.318808227532477,1.228453653232331,8.511199334581555,6.561041511437271,1.9501578231442829,9.751778753792074,7.7475887240150865,2.0041900297769866,9.75293152237009,8.1026577352606,1.6502737871094908,9.20749063234727,8.099707115320198,1.1077835170270722,8.446311282302442,7.937245234022061,0.5090660482803822,7.6280415755757724,7.703848986095241,-0.07580741051946838,6.827406244470935,7.44120741851273,-0.6138011740417948,6.077545204929757,7.169810336832061,-1.0922651319023036,5.390846430177643,6.900034830295554,-1.5091884001179112,5.291477325864785,3.9298158677312456,1.3616614581335396,10.459216633123546,6.819273032697348,3.6399436004261987,13.552409602621918,8.066453679804608,5.485955922817309,15.076569741243674,8.532225185841336,6.544344555402337,15.624150457810249,8.626603923186039,6.9975465346242105,15.618442985788072,8.537655734535686,7.080787251252385,15.3213349896824,8.355604142257222,6.965730847425178,14.8850302449566,8.126310711161434,6.7587195337951655,14.394884784784834,7.874395159642966,6.520489625141868,13.897314891400026,7.613685055439601,6.283629835960425
2015-12-16,True,2015-09-17,table2_compilation,17.0,1.5,1.463235294117647,0.2491334462661384,0.375,2015-12-16,1.5,0.0,1.25,3.25,2.0,0.5,assumed,2015-12-15,0.9512264930476775,2.9512264930476775,0.2404833501355652,0.25,0.5487735069523225,1.4512182099188364,0.35776042888360227,1.0934577810352342,4.3030072240367145,2.644217553743755,1.6587896702929594,5.211361760084365,3.5404839071699667,1.6708778529143986,5.281792414356801,3.87370992392686,1.4080824904299405,4.997435824589491,3.9595800967118233,1.0378557278776679,4.575980637157251,3.93082839077894,0.645152246378311,4.117293691233481,3.8473527319183187,0.2699409593151625,3.666958230253714,3.737877530309852,-0.07091930005613811,3.24478053918833,3.6169154720968155,-0.37213493290848554,2.858094294503566,3.492114030541238,-0.634019736037672,0.6146872437966189,1.8515527243801566,-1.2368654805835377,3.1665791961881684,5.220527081033777,-2.0539478848456083,3.3602369190226744,6.415540690802435,-3.0553037717797604,2.5284063377232435,6.7470080332316495,-4.218601695508406,1.2993683060977146,6.722642394085265,-5.423274087987551,-0.031951358566439936,6.550582606453448,-6.582533965019888,-1.330425380840028,6.320109737944812,-7.65053511878484,-2.5383461713158972,6.070881238429893,-8.60922740974579,-3.635595190522478,5.820865734299208,-9.456460924821686,-4.620055151184443,5.578168738144962,-10.198223889329405
2016-01-27,False,2015-12-16,table2_compilation,17.0,1.5,1.411764705882353,0.2564058202082749,0.25,,,,1.25,3.25,2.0,0.6000000000000001,assumed,2016-01-26,0.8692488320548009,2.869248832054801,0.08392114497156355,0.25,0.6307511679451991,0.028741789894692893,-0.7454383844724521,0.774180174367145,-0.2765067705985613,-1.1084685827639884,0.8319618121654271,-0.5737223431942828,-1.2594492240434185,0.6857268808491357,-0.68649943186887,-1.2986605614945246,0.6121611296256546,-0.6490844711174448,-1.287507783096875,0.6384233119794303,-0.522048373494588,-1.254356031169901,0.7323076576753129,-0.3511809240169139,-1.2120916623108213,0.8609107382939074,-0.16491048940510122,-1.1666941682332954,1.0017836788281942,0.020765660212718196,-1.1209997802065885,1.1417654404193067,0.19756955745964255,-1.07636461427556,1.2739341717352026,-1.1249488267468077,-1.963502745447665,0.8385539187008573,-2.223493828055545,-2.8784524344358076,0.6549586063802626,-2.966916283718102,-3.2423376583100794,0.2754213745919776,-3.2464589167734204,-3.338256137771678,0.0917972209982576,-3.202610617561663,-3.3134939405760067,0.11088332301434356,-2.975341790145225,-3.234713702112435,0.25937191196721,-2.6598303726299566,-3.132443568030574,0.4726131954006174,-2.312783437549837,-3.0211666123854064,0.7083831748355696,-1.9655089344635446,-2.907991531812404,0.9424825973488593,-1.6340800164381442,-2.7964864073034335,1.1624063908652893
2016-03-16,True,2015-12-16,table2_compilation,17.0,1.5,1.411764705882353,0.2564058202082749,0.25,2016-03-16,1.25,-0.25,1.25,3.25,2.0,0.3799999999999999,assumed,2016-03-15,0.9474731573650494,2.9474731573650494,-0.2066625826539219,0.25,0.5525268426349506,-3.755166564321577,-1.95817879176865,-1.796987772552927,-9.36320322140326,-7.124238335603361,-2.238964885799899,-10.511996068726791,-9.027448123596438,-1.4845479451303545,-9.93361334274827,-9.651347289561517,-0.2822660531867527,-8.728754656856408,-9.731994317628057,1.0032396607716487,-7.351127919869627,-9.572314064936194,2.221186145066567,-5.98876621880311,-9.305683275688171,3.3169170568850603,-4.716480943485335,-8.994076222866433,4.277595279381097,-3.559417006822674,-8.66754493151114,5.108127924688466,-2.520704888904479,-8.341097265179087,5.820392376274608,-5.436145555305494,-4.757131401866566,-0.6790141534389282,-10.217849400162082,-8.787512464211034,-1.4303369359510487,-11.805246643545232,-10.265825438778432,-1.5394212047667999,-11.813358103273863,-10.689888287576599,-1.1234698156972645,-11.083187104619752,-10.65965569921623,-0.4235314054035211,-10.045932307144367,-10.428644898919792,0.3827125917754248,-8.918978111765853,-10.109906400686652,1.1909282889208006,-7.808762365483557,-9.756382742605684,1.9476203771221279,-6.764279496627901,-9.393873976469358,2.629594479841457,-5.804921382051331,-9.035283698558638,3.230362316507307
2016-04-27,False,2016-03-16,table2_compilation,17.0,1.25,1.3088235294117647,0.291161615782696,0.5,,,,1.25,3.25,2.0,0.3500000000000001,assumed,2016-04-26,0.8768227067756484,2.8768227067756484,-0.0813642647270747,0.0,0.37317729322435156,0.8752757555041679,3.117668123882311,-2.2423923683781433,-2.1131436086369693,1.900725511248469,-4.013869119885438,-4.033018878368599,1.1940886206974977,-5.227107499066097,-5.277316313136371,0.7522139087167146,-6.0295302218530855,-6.103878892197723,0.4598216936738009,-6.563700585871524,-6.67085443572768,0.2585790600808213,-6.929433495808501,-7.073141140686179,0.11634417816859255,-7.189485318854771,-7.367905748594539,0.014034618143177191,-7.381940366737716,-7.590207401840798,-0.06037131026497278,-7.529836091575826,-7.762097625724773,-0.11479788978867589,-7.647299735936097,-2.176174758653082,1.506870028469276,-3.683044787122358,-7.38619476110709,-1.5085998508742593,-5.877594910232831,-9.705405485169472,-2.8414333888887144,-6.863972096280757,-10.726711237138131,-3.464646702342966,-7.262064534795165,-11.14003756297517,-3.7514167999976866,-7.3886207629774825,-11.259363339104356,-3.8649030621816127,-7.394460276922743,-11.234595353522314,-3.8833551272676736,-7.351240226254641,-11.140336259924943,-3.847358853737637,-7.2929774061873065,-11.014899539128663,-3.7794208601916734,-7.235478678936991,-10.878323657695365,-3.6927288924737844,-7.185594765221581
2016-06-15,True,2016-03-16,table2_compilation,17.0,1.25,1.3088235294117647,0.291161615782696,0.5,2016-06-15,1.0,-0.25,1.13,3.13,2.0,0.5,assumed,2016-06-14,0.8535142138961689,2.853514213896169,-0.4671506248348809,0.1200000000000001,0.3964857861038311,-3.2705684094111453,-3.9011158858473505,0.6305474764362051,-4.212588890542202,-4.771219530891524,0.5586306403493224,-4.635150622858686,-5.026703493216833,0.39155287035814723,-4.629340040503072,-5.011838805500268,0.3824987649971967,-4.367254409106236,-4.884848538937492,0.5175941298312559,-3.9789147698303884,-4.713897311858184,0.7349825420277956,-3.544112159486157,-4.528790243231451,0.984678083745294,-3.1070678083836567,-4.342831378893042,1.235763570509385,-2.6902901341869123,-4.161984584093359,1.4716944499064466,-2.303901937088626,-3.9888306472924295,1.6849287102038035,-2.742846769748719,-2.2551705741845396,-0.4876761955641795,-3.508782795995302,-2.3682335874644522,-1.14054920853085,-4.129980707693514,-2.406371751193759,-1.7236089564997559,-4.531142404899036,-2.388687243108367,-2.1424551617906684,-4.76349930954767,-2.340752015169034,-2.4227472943786355,-4.886076739500922,-2.2771125100417677,-2.608964229459154,-4.941857702749353,-2.2057119058846553,-2.7361457968646974,-4.958383492698326,-2.1310260670022174,-2.8273574256961087,-4.952448913490559,-2.055667536282213,-2.896781377208346,-4.93408868221461,-1.981197230223053,-2.9528914519915572
2016-07-27,False,2016-06-15,table2_compilation,16.0,1.0,1.140625,0.3057872779809519,0.25,,,,1.0,3.0,2.0,0.6200000000000001,assumed,2016-07-26,0.88865203482613,2.88865203482613,-0.6654168467799151,0.0,0.11134796517387002,-2.698650341278963,-3.188357171370615,0.48970683009165183,-2.786568775068754,-2.6886371411891874,-0.0979316338795666,-3.5085633163155716,-2.5034295085317515,-1.00513380778382,-4.133742786347194,-2.387503308331973,-1.7462394780152213,-4.552580210847212,-2.292229774166654,-2.2603504366805582,-4.803263838866756,-2.2046652645669074,-2.5985985742998485,-4.940415000513498,-2.1210272101793937,-2.8193877903341047,-5.006260362146531,-2.0403138109615693,-2.9659465511849614,-5.028911998181784,-1.9623942398629524,-3.066517758318832,-5.02606390537319,-1.8873738639186843,-3.138690041454506,-3.078296525143298,-3.296749304744495,0.21845277960119702,-3.7387790262842557,-3.2769611428753453,-0.4618178834089104,-4.596422724429583,-3.272634366495031,-1.3237883579345522,-5.19221116939722,-3.22040769109575,-1.9718034783014704,-5.5224906427453035,-3.138396670057153,-2.3840939726881505,-5.667608779022593,-3.0412164046507373,-2.6263923743718554,-5.699149155099348,-2.937350165523367,-2.761798989575981,-5.665956417807894,-2.831593754621675,-2.8343626631862184,-5.598373576116944,-2.726695547151836,-2.871678028965108,-5.514433901463001,-2.624246051943313,-2.8901878495196875
2016-09-21,True,2016-06-15,table2_compilation,16.0,1.0,1.140625,0.3057872779809519,0.25,2016-09-21,0.875,-0.125,1.0,3.0,2.0,0.5,assumed,2016-09-20,0.8835800328341961,2.883580032834196,-0.44621538772475455,0.0,0.11641996716580394,-1.1642706366986944,-2.910120410981254,1.7458497742825596,0.9092907190654032,-0.5943145582999243,1.5036052773653275,0.6216253227211976,0.2665424111243597,0.3550829115968379,-0.17065649768541746,0.6207850107330382,-0.7914415084184556,-0.948375115024036,0.7674775662696032,-1.7158526812936392,-1.599202692507462,0.8219002066206516,-2.4211028991281136,-2.12301251421545,0.8331858338249454,-2.9561983480403953,-2.5436133789175086,0.8237256206570898,-3.3673389995745984,-2.884758250057229,0.8042599747975387,-3.6890182248547676,-3.1652056741129364,0.780152346489249,-3.9453580206021854,-3.4771402918845618,-5.981416948475237,2.504276656590676,0.27117433760243115,-1.6762282692839303,1.9474026068863615,-0.10907049613595454,-0.032110737640866915,-0.07695975849508763,-1.4517921882276852,0.663715474565052,-2.115507662792737,-2.833789083388538,0.9666699744006468,-3.800459057789185,-4.032047697360053,1.0933883421762491,-5.125436039536302,-5.026401783039747,1.1367504190267441,-6.163152202066491,-5.846184197252691,1.1392625658672273,-6.985446763119918,-6.526065613529042,1.1214043685224606,-7.647469982051502,-7.095342553717798,1.0934646362889655,-8.188807190006763
2016-11-02,False,2016-09-21,table2_compilation,16.0,0.875,0.90625,0.329239179776648,0.25,,,,0.75,2.75,2.0,0.5,assumed,2016-11-01,0.8833353637624519,2.883335363762452,-0.24510834531810666,0.125,-0.00833536376245192,-1.4890304022191492,-2.492858906609019,1.0038285043898698,-1.5546920994371383,-2.158189285368173,0.6034971859310345,-2.3049075680614095,-2.061045348509638,-0.24386221955177145,-2.9230245051558468,-1.993351284164313,-0.9296732209915337,-3.298742173358682,-1.928026643496672,-1.37071552986201,-3.4847178370497556,-1.8618265995255179,-1.6228912375242377,-3.5479136408370637,-1.7952596185257574,-1.7526540223113063,-3.538396168023117,-1.7292634322824352,-1.8091327357406817,-3.4886124684484265,-1.6646113547989394,-1.8240011136494871,-3.418362729476332,-1.601845830790083,-1.816516898686249,-0.7403613175066548,-2.3938873628414514,1.6535260453347966,-1.616458006175947,-3.119699332949577,1.50324132677363,-2.5724116377064066,-3.4365785660914305,0.864166928385024,-3.0588729130375025,-3.5129382768475548,0.45406536381005225,-3.138237226660734,-3.4764651307245265,0.33822790406379255,-2.962327195610248,-3.388946883632049,0.42661968802180095,-2.65105237414045,-3.279340591593849,0.6282882174533988,-2.2809087835165,-3.161526311422147,0.8806175279056472,-1.8962556857073487,-3.0423509866044807,1.146095300897132,-1.5211122356331819,-2.9252572586065284,1.4041450229733465
2016-12-14,True,2016-09-21,table2_compilation,16.0,0.875,0.90625,0.329239179776648,0.25,2016-12-14,1.0,0.125,0.75,2.75,2.0,0.5,assumed,2016-12-13,1.0118698145907743,3.0118698145907743,0.38450921563132656,0.125,-0.1368698145907743,5.629972578652587,4.389453350471739,1.2405192281808475,9.926579556234504,8.060236192792548,1.866343363441958,11.092289341947726,9.363053605945716,1.7292357360020105,10.888142442657456,9.718958968555459,1.169183474101998,10.108989516434486,9.67259110826224,0.43639840817224496,9.122104382380591,9.45058578104694,-0.32848139866634707,8.097993749750332,9.153150398914756,-1.0551566491644238,7.113961281409331,8.826874400473672,-1.712913119064341,6.2022709307534285,8.494276685075963,-2.2920057543225347,5.3732585324591575,8.166498894089802,-2.7932403616306445,3.88947009962739,4.0810890530411426,-0.19161895341375246,11.72521056084188,9.853484393267786,1.8717261675740948,15.917227688824664,12.268749337161399,3.6484783516632646,17.499046113085836,13.15875377389586,4.340292339189977,17.527250574087773,13.35110608773249,4.176144486355282,16.728181074851012,13.213299833102777,3.5148812417482356,15.539066484757003,12.915723738503493,2.6233427462535097,14.206365453710168,12.54166778748429,1.6646976662258783,12.862517349190083,12.133928057763255,0.7285892914268288,11.57479835202695,11.715425180916661,-0.14062682888971167
2017-02-01,False,2016-12-14,table2_compilation,16.0,1.0,0.953125,0.2960514893983815,0.25,,,,,,,,,2017-01-31,1.0334392452339003,3.0334392452339003,0.22436812352726365,,-0.033439245233900294,-0.05328456150637262,-0.9525671712540928,0.8992826097477202,1.9937106704218888,0.4406086048351021,1.5531020655867867,2.92430849255616,1.0572227342958262,1.867085758260334,3.292727015859964,1.3408452508667734,1.9518817649931908,3.3785480845920812,1.4689425889523156,1.9096054956397657,3.3251679468274453,1.5190002409302128,1.8061677058972325,3.206802300424183,1.5275237006426856,1.6792785997814974,3.0620184826688046,1.512969372028783,1.5490491106400217,2.9107523872371033,1.4852796348265418,1.4254727524105615,2.7630748039718878,1.4501102906814722,1.3129645132904155,-2.4217180313792386,-3.971505865669678,1.5497878342904392,0.2706421782562085,-2.1465047645382374,2.417146942794446,1.4621422353997549,-1.2689798330382196,2.7311220684379744,1.9894978094377125,-0.7926129071185395,2.782110716556252,2.208476598396114,-0.5098886046011497,2.718365202997264,2.2790623603827775,-0.33018111707672215,2.6092434774594997,2.276970491349717,-0.2098884503377363,2.486858941687453,2.2396602408571997,-0.12622235140913318,2.365882592266333,2.1863107419492156,-0.06637872907946374,2.2526894710286793,2.1269508045582253,-0.022703688999525795,2.149654493557751
2017-03-15,True,2016-12-14,table2_compilation,16.0,1.0,0.953125,0.2960514893983815,0.25,2017-03-15,1.0,0.0,1.0,3.0,2.0,0.3700000000000001,assumed,2017-03-14,1.1494557166421977,3.1494557166421977,0.1169073955283495,0.0,-0.1494557166421977,-3.2652033991308116,-3.679250109970633,0.4140467108398216,-6.193068882292541,-5.068904274931185,-1.1241646073613554,-8.587644225186297,-5.732928365181356,-2.8547158600049416,-9.978733764813551,-5.972019766941505,-4.006713997872047,-10.600535439960845,-5.997901989518795,-4.602633450442051,-10.740400056969523,-5.916152655768325,-4.824247401201198,-10.607187995387735,-5.779240271117425,-4.8279477242703095,-10.332208595953363,-5.614412915681477,-4.717795680271886,-9.99288645393448,-5.436531931375832,-4.556354522558648,-9.633124191836684,-5.2540489440473515,-4.379075247789332,-3.924031344877754,-7.138611573523357,3.2145802286456027,-4.52097496404118,-6.949141162382411,2.4281661983412306,-6.366804058089248,-6.931369166816537,0.5645651087272885,-7.660043328913191,-6.806157664978252,-0.853885663934939,-8.262823651779527,-6.612678770140734,-1.6501448816387931,-8.373802926683327,-6.387716473580296,-1.986086453103031,-8.191106721816732,-6.1516854868917115,-2.0394212349250207,-7.852692426839258,-5.9152195417119025,-1.937472885127356,-7.443735197529611,-5.683827413838838,-1.7599077836907728,-7.013641655953462,-5.460335157370855,-1.5533064985826073
2017-05-03,False,2017-03-15,table2_compilation,16.0,1.0,0.96875,0.2914805954090255,0.25,,,,1.0,3.0,2.0,0.3700000000000001,assumed,2017-05-02,1.0462005437697357,3.0462005437697357,0.0016362730216257226,0.0,-0.0462005437697357,3.02175710219712,3.5415834069069785,-0.5198263047098584,3.853818715019508,3.979316307797731,-0.12549759277822314,4.5354800532249495,4.1188833478676745,0.416596705357275,4.856341826210975,4.094266867266749,0.7620749589442255,4.902096867895223,3.995420543374828,0.9066763245203946,4.782864111390839,3.865100346930328,0.9177637644605108,4.578287492383737,3.7232152398634977,0.8550722525202392,4.337465778524985,3.579238677516683,0.7582271010083019,4.088355924077236,3.437770970147591,0.6505849539296449,3.8459073172381064,3.301045737356345,0.5448615798817613,4.437881146582501,5.800962950325017,-1.3630818037425163,4.879581019137169,5.439072906978937,-0.5594918878417676,6.10856135355522,5.300245328929187,0.8083160246260324,7.017164392647901,5.147232814033176,1.8699315786147253,7.50736505144789,4.97490170705801,2.532463344389879,7.691907562222622,4.793709949783853,2.8981976124387687,7.687663290325064,4.611097998135705,3.0765652921893594,7.57746004029074,4.431408912370038,3.1460511279207015,7.413330656424977,4.257064506535402,3.156266149889575,7.226151912292034,4.0893638353503015,3.1367880769417322
2017-06-14,True,2017-03-15,table2_compilation,16.0,1.0,0.96875,0.2914805954090255,0.25,2017-06-14,1.0,0.0,0.8799999999999999,2.88,2.0,0.5,assumed,2017-06-13,1.082306320248417,3.082306320248417,-0.2152779339844102,0.1200000000000001,-0.08230632024841711,-0.5246785916960262,0.5013497616267459,-1.026028353322772,-1.4538422503088233,0.8114527964814933,-2.2652950467903166,-2.635399592101395,0.7922303206986392,-3.4276299128000343,-3.6587532978659576,0.6973607615188726,-4.35611405938483,-4.471746892281914,0.5940163395258047,-5.065763231807718,-5.107826446245345,0.5013143171446632,-5.609140763390008,-5.609567022833106,0.4233105529651393,-6.032877575798246,-6.011443242260794,0.359246282281811,-6.370689524542605,-6.338568849197346,0.30704741401428315,-6.645616263211629,-6.6087932150232565,0.2645282555506334,-6.87332147057389,-0.44982348169297914,0.721246756449756,-1.1710702381427351,-0.5799563683982933,1.5504386246894653,-2.1303949930877586,-1.1856220729232758,1.774450658097404,-2.96007273102068,-1.9050257174026974,1.782833027700148,-3.6878587451028455,-2.6079041835769923,1.7150129697349747,-4.322917153311967,-3.2503244375723606,1.6239916998773918,-4.874316137449752,-3.8215133596064543,1.5301413139483078,-5.351654673554762,-4.323342322408452,1.4409835629329848,-5.764325885341437,-4.762152606829639,1.358880094127679,-6.121032700957318,-5.145439242930383,1.2841370335187285,-6.429576276449112
2017-07-26,False,2017-06-14,table2_compilation,15.0,1.0,0.9166666666666666,0.2173067468400883,0.25,,,,0.75,2.75,2.0,0.5,assumed,2017-07-25,1.0921666343398186,3.0921666343398186,-0.06305677087028005,0.25,-0.09216663433981864,-1.8911051848667038,-2.2075934233298566,0.3164882384631529,-4.331423810715673,-3.987959639730554,-0.3434641709851194,-5.698728558769561,-4.719051679002129,-0.9796768797674327,-6.217711063370501,-4.964188535003733,-1.2535225283667684,-6.214498348660724,-4.987780116920648,-1.226718231740076,-5.92896868211652,-4.908010078167013,-1.0209586039495067,-5.509421201872922,-4.779585519411089,-0.7298356824618324,-5.0405573457407815,-4.629088904262169,-0.41146844147861295,-4.568216699220873,-4.470045372842657,-0.0981713263782158,-4.115772682155994,-4.309595604181693,0.19382292202569928,-2.0595865509108524,-2.251958209930982,0.19237165902012965,-4.336793180595699,-4.373146624199475,0.036353443603776014,-5.08310670466301,-5.155155842831993,0.07204913816898362,-5.023244327508403,-5.379361450235698,0.35611712272729523,-4.573045926433972,-5.364313023246847,0.7912670968128754,-3.958314835747778,-5.244700647910516,1.286385812162738,-3.2968664012539506,-5.0802358861866015,1.783369484932651,-2.6475606828265885,-4.89859805489119,2.2510373720646015,-2.03776359517831,-4.713083249506944,2.675319654328634,-1.4782938597383666,-4.5302136931933745,3.051919833455008
2017-09-20,True,2017-06-14,table2_compilation,15.0,1.0,0.9166666666666666,0.2173067468400883,0.25,2017-09-20,0.75,-0.25,0.75,2.75,2.0,0.5,assumed,2017-09-19,1.1070037630726048,3.107003763072605,-0.24064516841839367,0.25,-0.10700376307260484,2.2527195081170737,0.04411890917270789,2.208600598944366,4.867918081606648,2.0180008962552787,2.8499171853513694,5.415708782928963,2.753857799061965,2.661850983866998,5.308543807643007,3.02823989021479,2.280303917428217,5.017583961921379,3.1040694383117184,1.9135145236096607,4.697787559561273,3.087829661265973,1.6099578982953,4.397356541047914,3.0271090165148618,1.3702475245330525,4.128586593302375,2.944774960087271,1.1838116332151039,3.892000371661286,2.852476882649224,1.039523489012062,3.684590259200915,2.756430279386457,0.928159979814458,1.8574616411751288,0.5596908370851361,1.2977708040899927,4.480311474634324,2.710486247187749,1.7698252274465753,5.177381495081668,3.5236914366229444,1.6536900584587233,5.121913855204019,3.8118856277427504,1.3100282274612685,4.780484826586728,3.8731370596012837,0.9073477669854446,4.345698138573462,3.830821334875001,0.5148768036984608,3.898602292706954,3.7400596395209984,0.15854265318595573,3.4728191950013976,3.6270394423546293,-0.1542202473532317,3.0810682139432277,3.504850857093711,-0.4237826431504832,2.7266556946945464,3.3803005170983003,-0.6536448224037539
2017-11-01,False,2017-09-20,table2_compilation,15.0,0.75,0.7833333333333333,0.3009245014211298,0.5,,,,,,,,,2017-10-31,1.1786769621218127,3.1786769621218127,-0.25647284247091306,,-0.4286769621218127,1.4702300774346755,0.8895409062735116,0.5806891711611639,1.9419828074893175,1.6825973918518589,0.25938541563745865,1.4774677467632724,1.8826977792927302,-0.4052300325294578,0.8774158071823468,1.894854354194564,-1.0174385470122171,0.3459232273791635,1.8404317216850874,-1.494508494305924,-0.0862933615330519,1.7635031021208558,-1.8497964636539077,-0.4319402125836369,1.6812888803575454,-2.1132290929411823,-0.7099836093634071,1.6006227358038139,-2.310606345167221,-0.9365748200158119,1.5240886777360796,-2.4606634977518915,-1.1238840577512121,1.4524836503764238,-2.576367708127636,1.7517299928054175,1.9050260273124398,-0.15329603450702223,1.3270782576132456,2.2403982867070793,-0.9133200290938337,0.41357971307771635,2.207032914882401,-1.7934532018046845,-0.43575528603567726,2.0842395272793635,-2.5199948133150407,-1.1196846125832494,1.945389349115123,-3.0650739616983724,-1.6529120957995413,1.8127408890670438,-3.465652984866585,-2.0697907095359014,1.6924101982326079,-3.7622009077685092,-2.400465163987997,1.5850539980520661,-3.985519162040063,-2.6673219228605216,1.4895672146365335,-4.156889137497055,-2.8862570787973496,1.404416814678866,-4.290673893476216
2017-12-13,True,2017-09-20,table2_compilation,15.0,0.75,0.7833333333333333,0.3009245014211298,0.5,2017-12-13,0.75,0.0,0.75,2.75,2.0,0.5,assumed,2017-12-12,1.2926215556511416,3.2926215556511416,-0.5118751988732764,0.0,-0.5426215556511416,-2.175584030280553,-1.128608514113738,-1.0469755161668148,-4.626362739543066,-2.8782425844056547,-1.7481201551374115,-5.558223747627644,-3.563429921600836,-1.9947938260268083,-5.776197183195597,-3.807250917500671,-1.9689462656949264,-5.6631895420860445,-3.8546223969151416,-1.808567145170903,-5.4048797793936565,-3.8100774449102204,-1.5948023344834361,-5.092343060948945,-3.721387105673557,-1.370955955275388,-4.770151382837362,-3.6117616542956643,-1.1583897285416977,-4.459545941360288,-3.493091828426609,-0.966454112933679,-4.169898659984028,-3.371733147802214,-0.7981655121818143,-0.5579892920085205,1.0720440805671583,-1.6300333725756788,-1.8814318135222052,0.7946674025649081,-2.6760992160871133,-2.7399401948184687,0.5907044260049066,-3.3306446208233753,-3.3622806033892783,0.435418986781988,-3.7976995901712662,-3.8456201314461147,0.31761602938029654,-4.163236160826411,-4.236087985468817,0.22841579576891036,-4.4645037812377275,-4.558815909916625,0.160769706102748,-4.719585616019373,-4.829392508753916,0.10929268790742519,-4.938685196661341,-5.058503124876834,0.06995767404704978,-5.128460798923884,-5.253979559599609,0.03977885504609091,-5.2937584146456995
2018-01-31,False,2017-12-13,table2_compilation,15.0,0.75,0.7833333333333333,0.2211083193570266,0.25,,,,0.75,2.75,2.0,0.5,assumed,2018-01-30,1.4066789708201917,3.4066789708201917,-0.38501582963683045,0.0,-0.6566789708201917,2.245993249699718,3.378415124201606,-1.1324218745018877,2.388128413545676,3.961415866635898,-1.5732874530902219,2.2777621864734865,4.07616182234789,-1.7983996358744037,1.9476657771148265,3.9986302698751697,-2.050964492760343,1.4975791354531864,3.84996225305021,-2.3523831175970233,1.0046408135724327,3.67983156548366,-2.6751907519112272,0.5149737448996383,3.508381780662262,-2.9934080357626236,0.052413524813088586,3.3435428077714935,-3.291129282958405,-0.3726670005340882,3.1881168587784448,-3.560783859312533,-0.7573523830296747,3.0427410985624626,-3.8000934815921372,1.9485271500897072,1.218239449986358,0.7302877001033492,4.090843661750165,2.337637603781273,1.7532060579688924,5.417881560439319,2.8401358416784817,2.5777457187608377,6.118399578754108,3.0440897430516145,3.0743098357024934,6.422475216968149,3.103107809362493,3.3193674076056556,6.496899598450678,3.0885941009113793,3.408305497539299,6.445994912359909,3.0353667992632616,3.4106281130966476,6.331120807708146,2.961470480514583,3.369650327193563,6.187241767544949,2.8768077236731138,3.310434043871835,6.033826751481897,2.7870778404029295,3.246748911078967
2018-03-21,True,2017-12-13,table2_compilation,15.0,0.75,0.7833333333333333,0.2211083193570266,0.25,2018-03-21,0.875,0.125,0.75,2.75,2.0,0.5,assumed,2018-03-20,1.4776799681819988,3.4776799681819988,-0.32711764761019824,0.0,-0.7276799681819988,-1.2551938648233119,-0.8537110349066346,-0.4014828299166773,-2.057016216476981,-1.972136438799632,-0.08487977767734911,-1.719916063384197,-2.3091865363720654,0.5892704729878684,-1.1237929763615373,-2.3737788144827743,1.249985838121237,-0.5322349038589635,-2.334151715383337,1.8019168115243733,-0.011146765746250509,-2.2547969213301933,2.2436501555839428,0.43294352487688315,-2.162142178875026,2.5950857037519093,0.8090479827226993,-2.0673621680521226,2.876410150774822,1.1285043211886503,-1.9751752732679595,3.10367959445661,1.4014396653155181,-1.8874643440506933,3.2889040093662114,-2.8152137084834994,-1.296179034303746,-1.5190346741797534,-4.351535871094825,-1.8875471749822736,-2.4639886961125512,-5.1109486246013525,-2.127496481004121,-2.9834521435972317,-5.511672281307645,-2.216327022639142,-3.295345258668503,-5.735883534421138,-2.2316886049126516,-3.504194929508486,-5.867441933292827,-2.20860322403742,-3.6588387092554076,-5.947393347238217,-2.16455096210737,-3.782842385130847,-5.9970694211856745,-2.108977802986578,-3.8880916181990965,-6.028183795694098,-2.047313914081217,-3.9808698816128807,-6.047487882985347,-1.9828260452475543,-4.064661837737793
2018-05-02,False,2018-03-21,table2_compilation,14.0,0.875,0.8660714285714286,0.3005362978519078,0.25,,,,0.75,2.75,2.0,0.5,assumed,2018-05-01,1.5453763605265536,3.5453763605265536,-0.41193498395762385,0.125,-0.6703763605265536,-0.02514433808782357,0.7964812171562308,-0.8216255552440543,-1.2079544082808535,-0.30290150301888197,-0.9050529052619716,-1.3457421138236114,-0.7225066647878364,-0.623235449035775,-1.175014123261997,-0.8915003958403389,-0.28351372742165815,-0.9340390483028926,-0.9540835446567808,0.020044496353888164,-0.6969147780215401,-0.967931766175445,0.27101698815390485,-0.4838397869502131,-0.9583818843348357,0.4745420973846226,-0.2977591562432824,-0.9373534755283686,0.6395943192850861,-0.1365099958961391,-0.9107749149203759,0.7742649190242368,0.003218543938521279,-0.881731624092863,0.8849501680313843,-0.282300982065653,0.3076064461832839,-0.5899074282489369,-2.173857524619649,-1.0569030955570824,-1.1169544290625666,-3.028998996938581,-1.6401989725848942,-1.3888000243536869,-3.330860267461988,-1.8877221731501859,-1.4431380943118022,-3.346957675776485,-1.9810937856753696,-1.3658638901011155,-3.2225764133219315,-1.9993365864532375,-1.223239826868694,-3.0353167139781423,-1.9792043861598163,-1.056112327818326,-2.8260115611084213,-1.9389296601788342,-0.8870819009295872,-2.615670332426223,-1.8881023198233926,-0.7275680126028305,-2.414636016502536,-1.8320255663196061,-0.5826104501829299
2018-06-13,True,2018-03-21,table2_compilation,14.0,0.875,0.8660714285714286,0.3005362978519078,0.25,2018-06-13,0.875,0.0,0.75,2.75,2.0,0.5,assumed,2018-06-12,1.527765201176848,3.527765201176848,-0.3141443282323477,0.125,-0.6527652011768481,2.302062916063319,1.7560170643428297,0.5460458517204891,3.972172442409594,2.794498125942768,1.1776743164668257,4.12975534450557,3.18346367237039,0.94629167213518,3.811025843219351,3.2860950779168174,0.5249307653025337,3.400363757895608,3.2640586397060467,0.13630511818956137,3.0131789400360987,3.1869948994875053,-0.1738159594514066,2.675903345739572,3.0861774718394575,-0.41027412609988545,2.3882894713178615,2.9762943416558496,-0.5880048703379881,2.143518645579068,2.8645063643262247,-0.720987718747157,1.934238867278948,2.7543870974657825,-0.8201482301868346,1.350142576025526,1.2220596708626186,0.12808290516290732,2.180935978933096,2.568585901920084,-0.38764992298698786,1.6814385464158033,2.966932205506456,-1.285493659090653,0.8772600827703148,3.030718996989057,-2.153458914218742,0.08337029709117871,2.967807087519647,-2.8844367904284685,-0.6195169082018115,2.8580802423562535,-3.477597150558065,-1.2225688775529875,2.7340070056869337,-3.956575883239921,-1.7364412751877278,2.609065564003421,-4.345506839191149,-2.175114029719083,2.4887520523613205,-4.663866082080403,-2.5513731310367938,2.375103962539571,-4.926477093576365
2018-08-01,False,2018-06-13,table2_compilation,14.0,0.875,0.8660714285714286,0.3005362978519078,0.25,,,,,,,,,2018-07-31,1.5602700722810674,3.5602700722810674,-0.4052499687083757,,-0.6852700722810674,0.6443991876956101,0.7381193540113351,-0.093720166315725,0.731695428773449,0.17340748881147228,0.5582879399619767,1.7517200499161945,0.03803105954864883,1.7136889903675456,2.736591644244868,0.022735604525747632,2.7138560397191203,3.4881557615774383,0.042298821614261684,3.4458569399631767,4.025124861029861,0.0690253676755237,3.956099493354337,4.4039601422734,0.09377455952224167,4.310185582751158,4.673659114465778,0.11397960061434453,4.559679513851433,4.869169950842167,0.12942862792217902,4.739741322919988,5.013936612116909,0.14068723908597924,4.87324937303093,-0.5508360359288478,-1.2986829485704288,0.747846912641581,-0.8513602521253993,-2.027441088805748,1.1760808366803488,-0.27717037737793326,-2.2351736756117013,1.958003298233768,0.48020522774203656,-2.238287865864619,2.7184930936066554,1.1906554633850153,-2.16526668104855,3.355922144433565,1.8024913524362862,-2.067104750290971,3.8695961027272574,2.3175989103243477,-1.9641798531788712,4.281778763503219,2.750438279353684,-1.864470260798612,4.614908540152296,3.116000455622503,-1.7708252312321093,4.886825686854612,3.426930668632444,-1.6839605531868695,5.110891221819314
2018-09-26,True,2018-06-13,table2_compilation,14.0,0.875,0.8660714285714286,0.3005362978519078,0.25,2018-09-26,1.0,0.125,0.75,2.75,2.0,0.5,assumed,2018-09-25,1.6107036565090702,3.61070365650907,-0.3337385356624618,0.125,-0.7357036565090702,-0.10824091617172016,0.504565288154879,-0.6128062043265992,-1.4019853993249676,-0.03316879657706551,-1.368816602747902,-2.2490174488312586,-0.3318490370101568,-1.9171684118211019,-2.7624366525477395,-0.4968981048766974,-2.265538547671042,-3.0642514321004732,-0.5896472274180997,-2.4746042046823735,-3.2381126647158087,-0.6411530568481094,-2.5969596078676993,-3.335723289057402,-0.6678133805728237,-2.667909908484578,-3.387965785582825,-0.6788576962708959,-2.709108089311929,-3.4131432696585584,-0.6798002105131928,-2.7333430591453656,-3.4221465897619208,-0.6741010716603935,-2.7480455181015273,-0.0332014704236272,-0.5300778615699997,0.4968763911463725,-0.6963945291790008,-0.32826563794134955,-0.36812889123765125,-1.7472488566023348,-0.379963427540142,-1.3672854290621927,-2.5734693676380704,-0.44576866485859235,-2.127700702779478,-3.132531193052923,-0.49611634763842005,-2.636414845414503,-3.4907272223141383,-0.5297790675815595,-2.960948154732579,-3.7149609501457626,-0.5499339041528994,-3.165027045992863,-3.8535054640032484,-0.5599199024004964,-3.293585561602752,-3.9379237722025007,-0.5624689912000047,-3.375454781002496,-3.988160299941468,-0.5596691563068301,-3.4284911436346377
2018-11-08,False,2018-09-26,table2_compilation,15.0,1.0,0.8833333333333333,0.2718251071716682,0.25,,,,0.8799999999999999,2.88,2.0,0.5,assumed,2018-11-07,1.6102077762430795,3.6102077762430795,-0.11545807128675101,0.1200000000000001,-0.6102077762430795,1.3547500623076303,1.4580265008841131,-0.10327643857648283,2.1976588056535906,2.100276682843427,0.09738212281016345,2.593393837422475,2.335925808671835,0.25746802875064034,2.6854491163708527,2.390286223916549,0.2951628924543037,2.6055248499126993,2.3650937838994857,0.24043106601321362,2.4398529634936494,2.3048452976741185,0.13500766581953094,2.238678076672551,2.2296679896767646,0.009010086995786537,2.0294329190560845,2.1490537645067143,-0.11962084545062979,1.8262479185474856,2.0676404314584396,-0.24139251291095398,1.6358074055722316,1.9877421679213914,-0.35193476234915977,-0.014657347416680011,1.1856890031475498,-1.2003463505642298,-1.499950574531006,0.37298835676407016,-1.8729389312950762,-1.9902195262526678,-0.0068570339876838915,-1.983362492264984,-2.1472102203220267,-0.20376525631085052,-1.9434449640111762,-2.2015388524620594,-0.31248008870750077,-1.8890587637545586,-2.2265341312525777,-0.37437025284199343,-1.8521638784105843,-2.2439878406798286,-0.4094639635088715,-1.834523877170957,-2.259613933810467,-0.4283133272860784,-1.8313006065243886,-2.274466709193401,-0.4368883156378178,-1.8375783935555834,-2.2884598690098734,-0.4387710168677561,-1.8496888521421173
2018-12-19,True,2018-09-26,table2_compilation,15.0,1.0,0.8833333333333333,0.2718251071716682,0.25,2018-12-19,0.75,-0.25,0.8799999999999999,2.88,2.0,0.5,assumed,2018-12-18,1.5366799848428734,3.5366799848428734,-0.4980100885495151,0.1200000000000001,-0.5366799848428734,-0.5177971377058554,1.2387288680544728,-1.7565260057603282,-1.3357484311592671,1.5358813147953843,-2.8716297459546514,-2.0959899634216406,1.5460822532226803,-3.642072216644321,-2.805565127092846,1.4593582049108544,-4.2649233320037006,-3.4538054212064573,1.3486497599080494,-4.802455181114507,-4.034688863931768,1.2399840995167555,-5.274672963448523,-4.548581808555063,1.1415406318043164,-5.69012244035938,-4.999875468765813,1.05486853859742,-6.054744007363233,-5.394797331483536,0.9792021056385991,-6.373999437122135,-5.740041687219799,0.9131154190086477,-6.653157106228447,0.4436355503569356,2.245656187148226,-1.8020206367912905,1.1367707860963083,3.7069698957205244,-2.570199109624216,1.1148238418639433,4.188327707721751,-3.0735038658578073,0.6342765405900508,4.264497237289344,-3.6302206966992934,-0.07419912231787507,4.177926396651266,-4.252125518969141,-0.8628237156044438,4.029012532064824,-4.891836247669268,-1.6494822282078658,3.86003941720352,-5.509521645411386,-2.393235013768491,3.689014653085243,-6.082249666853734,-3.076588223403931,3.5234966423107306,-6.600084865714662,-3.6946381391621763,3.3664306261169674,-7.061068765279144
2019-01-30,False,2018-12-19,table2_compilation,16.0,0.75,0.84375,0.2777560755411121,0.3125,,,,0.75,2.75,2.0,0.5,assumed,2019-01-29,1.5041283762284827,3.5041283762284827,-0.5675705752016533,0.0,-0.7541283762284827,-2.224498837306488,-3.385119799000913,1.1606209616944252,-4.872258485611303,-6.102119254800886,1.2298607691895835,-5.806837342195559,-7.098907059149839,1.2920697169542805,-5.698940048826717,-7.363969247872326,1.665029199045609,-5.044731472766184,-7.316441469816581,2.2717099970503973,-4.147005574080342,-7.134640798114011,2.987635224033669,-3.174344097373405,-6.89725992227217,3.722915824898765,-2.214593844987345,-6.640369691970749,4.425775846983404,-1.3100313183522339,-6.380989315067254,5.07095799671502,-0.4781413608871077,-6.12724436382317,5.649103002936062,-6.36753375664485,-6.069841137953835,-0.2976926186910145,-10.3110243625816,-9.099924848168328,-1.211099514413272,-11.95661828047827,-10.192449344730825,-1.7641689357474455,-12.255777774211074,-10.455082297061935,-1.800695477149139,-11.844058564624849,-10.356873257017485,-1.4871853076073638,-11.095939923827869,-10.099677040827748,-0.9962628830001208,-10.21829495930029,-9.774331593339047,-0.44396336596124186,-9.32022050234913,-9.423630306450237,0.10340980410110667,-8.456233432514582,-9.068506817161426,0.6122733846468442,-7.651123160261442,-8.719439333949452,1.068316173688011
2019-03-20,True,2018-12-19,table2_compilation,16.0,0.75,0.84375,0.2777560755411121,0.3125,2019-03-20,0.75,0.0,0.75,2.75,2.0,0.3799999999999999,assumed,2019-03-19,1.454228807111388,3.454228807111388,-0.5544751559859993,0.0,-0.704228807111388,-2.943239012194221,-2.179860501059716,-0.7633785111345048,-5.980060996233405,-4.240344549038522,-1.7397164471948834,-7.427153402375497,-5.067325854307425,-2.359827548068072,-7.9352865329382904,-5.35334544571926,-2.5819410872190307,-7.932740534996441,-5.39414003959604,-2.5386004954004004,-7.672143712740009,-5.319364681142114,-2.352779031597896,-7.294686786282645,-5.189030391843463,-2.1056563944391815,-6.87663542722321,-5.03253549525704,-1.84409993196617,-6.457824328007078,-4.865037308182174,-1.592787019824904,-6.058013809903429,-4.694679029153059,-1.3633347807503693,-3.3336982298854956,-2.3929225517591135,-0.9407756781263821,-5.7451493843382995,-3.787525478319509,-1.9576239060187905,-6.994812581845666,-4.34551799853744,-2.649294583308226,-7.5284813869780365,-4.528535673883116,-2.9999457130949203,-7.6582977330682755,-4.538703261181354,-3.1195944718869217,-7.574286409172215,-4.4660845288773565,-3.1082018802948586,-7.385170728388424,-4.353074264415113,-3.0320964639733106,-7.151108123605221,-4.2208373546903655,-2.9302707689148555,-6.904526620141693,-4.080513093429294,-2.824013526712399,-6.662332844030505,-3.9382156198019214,-2.724117224228584
2019-05-01,False,2019-03-20,table2_compilation,16.0,0.75,0.796875,0.2960514893983815,0.5,,,,,,,,,2019-04-30,1.3732111290160702,3.3732111290160702,-0.454712027424093,,-0.6232111290160702,2.1372937601886743,0.43516992987506775,1.7021238303136066,4.695602094954987,2.950500163657521,1.7451019312974658,4.716883739073463,3.823167485932011,0.8937162531414522,4.028242176344987,4.098073606870667,-0.06983143052567975,3.215385000030091,4.128142299588733,-0.9127572995586419,2.45229168295098,4.052998119996243,-1.6007064370452628,1.7800681779371441,3.9326415268763792,-2.152573348939235,1.199007119220985,3.7943496221899853,-2.5953425029690003,0.6985140871092366,3.651026879589603,-2.9525127924803662,0.2664903938467411,3.508919375444508,-3.242428981597767,3.472768841823104,1.235341013563307,2.237427828259797,7.189752545140138,4.382568104744555,2.8071844403955826,7.835647851418059,5.520942973515153,2.3147048779029067,7.4419345521373526,5.895313304480343,1.5466212476570096,6.7356903649820055,5.946490267469207,0.7892000975127988,5.976960460265479,5.853699938727885,0.1232605215375937,5.256371554683703,5.695888129150939,-0.4395165744672358,4.601922906825173,5.509987425509699,-0.908064518684526,4.018237201264752,5.314111895784945,-1.2958746945201938,3.501400616695438,5.117451924491734,-1.6160513077962957
2019-06-19,True,2019-03-20,table2_compilation,16.0,0.75,0.796875,0.2960514893983815,0.5,2019-06-19,0.5,-0.25,0.69,2.69,2.0,0.31,assumed,2019-06-18,1.2520890901831478,3.252089090183148,-0.7971887024594118,0.06000000000000005,-0.5020890901831478,-8.075887093328515,-2.3583047370290267,-5.717582356299489,-11.201975040127143,-5.572616688093968,-5.629358352033176,-9.71061533408717,-6.415691677173596,-3.294923656913573,-7.629912639475345,-6.549931156501687,-1.0799814829736576,-5.910867217833138,-6.428220391091832,0.5173531732586945,-4.650961627192851,-6.210926117053228,1.559964489860377,-3.7561783351658384,-5.961885989805005,2.2057076546391663,-3.1198385735536904,-5.707954291991557,2.5881157184378667,-2.6601897485708514,-5.460582174997075,2.8003924264262237,-2.3209053237723154,-5.224459328657982,2.9035540048856667,-12.282790625776375,-8.841041610091782,-3.441749015684592,-13.259603890656525,-10.157825227350203,-3.1017786633063205,-11.553132039230407,-10.14262970711819,-1.4105023321122179,-9.664298777625003,-9.78442621923592,0.1201274416109177,-8.140790126248131,-9.335356001687023,1.194565875438891,-7.0038305642849075,-8.877051130361746,1.8732205660768386,-6.166383364750261,-8.437548335857015,2.271164971106754,-5.542519145108327,-8.025623884710997,2.4831047396026706,-5.068027887854831,-7.642776327767109,2.5747484399122778,-4.698605264991906,-7.287789968238956,2.5891847032470494
2019-07-31,False,2019-06-19,table2_compilation,16.0,0.5,0.6953125,0.2758819309845246,0.3125,,,,0.5,2.5,2.0,0.4399999999999999,assumed,2019-07-30,1.2576992608002584,3.2576992608002584,-0.8441381737497125,0.0,-0.7576992608002584,4.195307821448435,4.281030517980522,-0.08572269653208675,4.199341548286295,5.461553828748533,-1.2622122804622382,2.8452088187577607,5.614402064170454,-2.7691932454126933,1.3619018737130117,5.453577709520774,-4.091675835807762,0.05758337180150619,5.197191156762626,-5.13960778496112,-1.0281761086806451,4.922058284901754,-5.950234393582399,-1.9232107699772127,4.655767723833826,-6.5789784938110385,-2.6646914042031122,4.407377348754649,-7.072068752957761,-3.284708847724982,4.17880431270814,-7.463513160433122,-3.808320899727713,3.969286022360574,-7.777606922088287,-7.3437041233842315,-2.775316188054777,-4.568387935329454,-11.626394404790009,-4.461662215918771,-7.164732188871237,-13.697005368655946,-5.1510299668837245,-8.545975401772221,-14.80388411734388,-5.426662822100292,-9.377221295243586,-15.45143264344999,-5.501067374608715,-9.950365268841278,-15.859989512639538,-5.468793693464713,-10.391195819174825,-16.13348689451948,-5.3771264646572,-10.756360429862276,-16.32490299375886,-5.251819416156556,-11.073083577602304,-16.46330707611692,-5.107830460602258,-11.35547661551466,-16.56573313149101,-4.954262527947462,-11.61147060354355
2019-09-18,True,2019-06-19,table2_compilation,16.0,0.5,0.6953125,0.2758819309845246,0.3125,2019-09-18,0.5,0.0,0.5,2.5,2.0,0.31,assumed,2019-09-17,1.24478431411368,3.24478431411368,-1.154955255846028,0.0,-0.7447843141136801,1.5840581353748329,0.8542571628434192,0.7298009725314136,3.412786876142504,2.8373043064662706,0.5754825696762333,3.409690815746047,3.5154475848256705,-0.1057567690796235,2.8392767768493865,3.709266758952179,-0.8699899821027923,2.1384694331443965,3.705886340149034,-1.5674169070046373,1.4542256001194964,3.619728717144044,-2.1655031170245476,0.8314674787716747,3.4997051641334487,-2.668237685361774,0.27919408060226303,3.367742240753646,-3.088548160151383,-0.20589274792610635,3.2339735232755906,-3.439866271201697,-0.6308217276514316,3.1031265444627643,-3.733948272114196,0.5596879966896839,1.0472192492376742,-0.48753125254799023,1.070757740639916,2.053269788457346,-0.9825120478174298,0.8359499656297675,2.3644778945005385,-1.528527928870771,0.3489730883542874,2.4159557083322625,-2.066982619977975,-0.19728998838790535,2.366880549823014,-2.5641705382109192,-0.7278587747799881,2.280188327475896,-3.008047102255884,-1.2155270354369252,2.1817815545142505,-3.3973085899511757,-1.6528662701697394,2.082492356505572,-3.7353586266753114,-2.040612988279955,1.986767834525427,-4.027380822805382,-2.382689228230417,1.8962746782973383,-4.278963906527755
2019-10-30,False,2019-09-18,table2_compilation,16.0,0.5,0.5703125,0.2793992928476198,0.25,,,,0.5,2.5,2.0,0.31,assumed,2019-10-29,1.2197455078864436,3.2197455078864436,-1.108755919828372,0.0,-0.7197455078864436,-2.274905229538815,-1.2357313541817128,-1.0391738753571023,-3.2739503138850434,-1.3227691660686158,-1.9511811478164276,-4.0571185049801395,-1.3911954397817006,-2.665923065198439,-4.618058798745794,-1.4259726279934437,-3.1920861707523507,-5.013023665668093,-1.4349465019887653,-3.5780771636793274,-5.2943555754185745,-1.425937226161622,-3.8684183492569524,-5.49932363544805,-1.4047918308954355,-4.094531804552615,-5.652487758909874,-1.3756688945611995,-4.276818864348675,-5.769738144087122,-1.3414908533035064,-4.428247290783616,-5.861428482872855,-1.3043047252563333,-4.557123757616521,-8.662741063805957,-6.756843171351812,-1.9058978924541448,-12.10674531350584,-8.349734700595723,-3.7570106129101166,-13.971558064136191,-8.910032913437371,-5.06152515069882,-14.828073493033877,-9.00204255961281,-5.826030933421067,-15.101881173879006,-8.879642161368118,-6.222239012510888,-15.05934334352883,-8.657181350898346,-6.402161992630484,-14.855531665970334,-8.38884024405826,-6.466691421912074,-14.577528577252718,-8.101753423194724,-6.475775154057994,-14.273061554640542,-7.81017360630849,-6.462887948332052,-13.967595036182168,-7.521842284040892,-6.445752752141276
2019-12-11,True,2019-09-18,table2_compilation,16.0,0.5,0.5703125,0.2793992928476198,0.25,2019-12-11,0.5,0.0,0.5,2.5,2.0,0.31,assumed,2019-12-10,1.232465053562354,3.232465053562354,-1.1260104832098428,0.0,-0.732465053562354,-2.019674753452061,-1.5166986497456403,-0.5029761037064207,-3.0710027922980387,-1.8161654547583783,-1.2548373375396604,-3.903030764345905,-1.9643766657095885,-1.9386540986363165,-4.4365099048013334,-2.0162711947535605,-2.420238710047773,-4.744866978124818,-2.016085717602989,-2.7287812605218287,-4.9077915911175385,-1.987516564323677,-2.9202750267938615,-4.982544699491598,-1.9432380541106298,-3.039306645380968,-5.005612220065614,-1.890354219014867,-3.115258001050747,-4.9991769697766975,-1.8330417184917458,-3.1661352512849517,-4.976467397336526,-1.7738498427581018,-3.202617554578424,0.5437760914906553,-0.8392199820201007,1.382996073510756,1.8935185443682334,-0.7126960234885793,2.6062145678568127,3.0480788237597256,-0.535094550813886,3.5831733745736116,3.939478454993206,-0.3795555172990017,4.319033972292208,4.614803978999782,-0.2556140060960832,4.870417985095865,5.131513267332455,-0.16001378398624588,5.291527051318701,5.534475868292987,-0.08722934617995115,5.6217052144729385,5.855172473421955,-0.03211972912344763,5.887292202545402,6.115149130544895,0.0094952264445336,6.105653904100361,6.329251454892049,0.040851397941832346,6.288400056950216
2020-01-29,False,2019-12-11,table2_compilation,16.0,0.5,0.5390625,0.2854504047882048,0.09375,,,,0.3999999999999999,2.4,2.0,0.31,assumed,2020-01-28,1.143940757797207,3.143940757797207,-1.1550921110987975,0.10000000000000009,-0.6439407577972069,-1.29058290293389,1.5234525112193031,-2.814035414153193,-4.109643711425326,-0.18901134631579275,-3.920632365109533,-5.0132750128111025,-0.9082292506655598,-4.105045762145543,-5.292826774212922,-1.2487487548692666,-4.044078019343655,-5.37269181046347,-1.4152751794723528,-3.9574166309911174,-5.390936054369311,-1.4928554502191993,-3.8980806041501115,-5.3915601407796165,-1.521461311750727,-3.8700988290288896,-5.387979365856155,-1.521655850561121,-3.8663235152950337,-5.38388990127554,-1.5048134082300546,-3.8790764930454857,-5.380050575269357,-1.477604578234315,-3.9024459970350422,-3.3797919080698513,-0.6263437897241486,-2.7534481183457027,-5.972208039706839,-1.9258464624260618,-4.046361577280777,-6.96201757979058,-2.445434468680441,-4.5165831111101395,-7.372308668227445,-2.6617558939635355,-4.71055277426391,-7.56185874088533,-2.7374313557417818,-4.824427385143548,-7.660780271457379,-2.741328573872881,-4.919451697584498,-7.718519353491926,-2.7063828011957725,-5.012136552296154,-7.75515681314578,-2.649798118897717,-5.105358694248063,-7.779602175873146,-2.5811992599935607,-5.198402915879585,-7.796247419931235,-2.506260578793773,-5.289986841137462
2020-04-29,False,2019-12-11,table2_compilation,16.0,0.5,0.5390625,0.2854504047882048,0.09375,,,,0.1899999999999999,2.19,2.0,0.5,assumed,2020-04-28,0.7543236001867584,2.7543236001867584,-1.6807544521078537,0.3100000000000001,-0.25432360018675837,0.1253524735973094,2.3786579350859594,-2.2533054614886474,-1.9868904012805555,0.3949127545340603,-2.3818031558146213,-1.9180787365605245,-0.34649339384718036,-1.5715853427133442,-1.3825546627815877,-0.6606645813312495,-0.7218900814503382,-0.8501472975556146,-0.7973327565565791,-0.052814540999035486,-0.4190255002167742,-0.8526698588279258,0.4336443586111516,-0.08739713392832416,-0.8682675410248253,0.7808704070965122,0.16649064222447052,-0.863579600192188,1.0300702424166586,0.36329378358556097,-0.8482839342354387,1.2115777178210108,0.5186512106465369,-0.8274466814452319,1.3460978920917688,0.07560775135244391,0.8847167522075372,-0.8091090008550905,-1.9730616614894307,-1.4677696154501096,-0.5052920460393184,-1.9272414387688785,-2.32035621059552,0.39311477182664145,-1.2671314975608972,-2.619661792351269,1.3525302947903772,-0.4846565896743371,-2.6913448654541483,2.206688275779811,0.26366381703797903,-2.664722139837039,2.9283859568750126,0.9348272063550489,-2.595214169994242,3.5300413763493133,1.523599539539,-2.5078662093390713,4.031465748878071,2.0365175634639465,-2.4144376697458725,4.450955233209819,2.482989191379903,-2.320578196567391,4.803567387947294
2020-06-10,True,2019-12-11,table2_compilation,16.0,0.5,0.5390625,0.2854504047882048,0.09375,2020-06-10,0.5,0.0,0.25,2.25,2.0,0.5,assumed,2020-06-09,0.6908746254175568,2.690874625417557,-1.2025989093294012,0.25,-0.19087462541755684,-0.22707567408165874,0.9940460160778208,-1.2211216901594824,-2.88694219016325,0.050029605937829125,-2.9369717961010844,-4.985393990826576,-0.5301391999188887,-4.455254790907681,-6.392350793660507,-0.8728723423162554,-5.51947845134425,-7.279804016088908,-1.0775813996504846,-6.202222616438425,-7.825300043968564,-1.199278407960347,-6.626021636008228,-8.155993489855396,-1.2687595973905896,-6.887233892464817,-8.353699381590607,-1.3042062042095237,-7.049493177381072,-8.469115564372043,-1.3169234692344656,-7.152192095137577,-8.533354838820506,-1.3142436176913241,-7.219111221129193,-0.810769785889176,2.8158962530076215,-3.6266660388967975,-1.873411599731395,5.103579009801617,-6.9769906095330185,-4.43780591138902,5.612275984102899,-10.050081895491914,-7.155284927057581,5.524098107526232,-12.679383034583813,-9.633946382512192,5.2420133859821805,-14.875959768494374,-11.793924742374006,4.913514622233217,-16.707439364607236,-13.650115907113165,4.592343593355852,-18.24245950046901,-15.241268137972874,4.296303955578407,-19.53757209355128,-16.60779051222867,4.029314161783626,-20.637104674012296,-17.785566008635843,3.7901268601686633,-21.57569286880452
2020-07-29,False,2020-06-10,table2_compilation,16.0,0.5,0.4953125,0.2490950417887718,0.14375,,,,0.25,2.25,2.0,0.5,assumed,2020-07-28,0.7077656850435616,2.7077656850435616,-1.654880881363061,0.25,-0.20776568504356163,-0.30613142859431397,-0.5082080449647641,0.20207661637045016,-1.342211528361989,-1.522277732498989,0.18006620413700825,-1.6994638768342645,-1.9132629060358397,0.2137990292015668,-1.6855622051584196,-2.0424684230645918,0.35690621790616106,-1.4869759940955296,-2.0582815321298353,0.5713055380343057,-1.2082733957394232,-2.0236689127281604,0.8153955169887261,-0.9051656114429041,-1.9666449312648826,1.0614793198219896,-0.6059492116877729,-1.9002637011298562,1.2943144894420833,-0.32402003504246046,-1.8308501106458985,1.5068300756034603,-0.06484706173537358,-1.7615527767335104,1.6967057149981368,-1.1594992205805899,0.016001559289891,-1.1755007798704864,-2.484588439256863,-0.6578508896890045,-1.8267375495678584,-3.0663832360346617,-0.949088108449736,-2.1172951275849283,-3.337341448079595,-1.081874078646483,-2.2554673694331173,-3.4697508626141405,-1.1390522773895961,-2.3306985852245443,-3.5360900295952624,-1.1568084310636495,-2.379281598531602,-3.5688685741515513,-1.152709548217823,-2.4161590259337284,-3.583672518043185,-1.1360242229373263,-2.4476482951058642,-3.5884601848997444,-1.111984994935522,-2.4764751899642112,-3.5875236048115156,-1.0837078793214605,-2.503815725490055
2020-09-16,True,2020-06-10,table2_compilation,16.0,0.5,0.4953125,0.2490950417887718,0.14375,2020-09-16,0.5,0.0,0.25,2.25,2.0,0.5,assumed,2020-09-15,0.6657071655868894,2.6657071655868894,-1.4050968620465607,0.25,-0.16570716558688936,0.7254957404521922,0.7437020220032231,-0.018206281551025327,0.2565854720788102,0.11393371745737069,0.14265175462144786,0.2863708396100284,-0.13002397446799652,0.4163948140780249,0.4665203504263665,-0.22882472891054828,0.6953450793369176,0.6776929876158855,-0.2671415950413758,0.9448345826572613,0.8805126806033903,-0.27881552683184374,1.1593282074352285,1.0634942204380216,-0.27837151139071814,1.3418657318287286,1.224819268281152,-0.2723781336732012,1.4971974019543532,1.3658799929088805,-0.2639286904927429,1.6298086834016345,1.4889700539801876,-0.25452359799338353,1.743493651973571,0.05214424657597194,0.570612314744956,-0.5184680681689813,-0.33442785647201656,-0.016894408061196575,-0.31753344841081166,-0.03301538454671682,-0.20520969969817227,0.17219431515145267,0.3515561602193684,-0.26767244364782616,0.6192286038671946,0.6742657690962384,-0.2830980237051195,0.9573637928013579,0.9200362598638101,-0.27998727491911346,1.2000235347829236,1.1034578369232106,-0.26972360904611303,1.3731814459693181,1.2413541286285246,-0.2570762769649848,1.4984304055935205,1.3468682774826601,-0.24407196985443136,1.5909402473370804,1.429275642739647,-0.23154987063989108,1.660825513379538
2020-11-05,False,2020-09-16,table2_compilation,16.0,0.5,0.4953125,0.2490950417887718,0.14375,,,,0.25,2.25,2.0,0.5,assumed,2020-11-04,0.6504186869132429,2.650418686913243,-1.196182352559262,0.25,-0.1504186869132429,0.09915524679743326,0.26859503321909894,-0.16943978642166568,0.6671115252558646,0.7830233508382412,-0.11591182558237101,0.9305374593146509,0.9908691433598071,-0.06033168404515621,0.9873280373134952,1.0635894936692036,-0.07626145635570847,0.9266786990179687,1.0762928549976625,-0.14961415597969374,0.807575932131599,1.0616284869621628,-0.2540525548305639,0.6645695464413404,1.0343713857666081,-0.3698018393252678,0.5165559668274256,1.0015291066693743,-0.4849731398419488,0.3732555985788366,0.9665705409560355,-0.5933149423771766,0.23924012506071346,0.9312710895986731,-0.6920309645379596,-0.6620208178416409,-2.272229567308459,1.6102087494668182,1.1984431804238498,-1.5494063383068246,2.7478495187306717,2.3541059082628686,-1.1191154773344314,3.4732213855972915,3.1149911284848733,-0.8382176293700194,3.953208757854887,3.6435238086721666,-0.6438843876821476,4.287408196354314,4.028091023218028,-0.5040341593992137,4.532125182617241,4.318840490919696,-0.40050455416928976,4.719345045088986,4.545528016703793,-0.3221982539452384,4.867726270649031,4.726632056576974,-0.2619438969515109,4.988575953528496,4.8741427455089585,-0.21491245888827226,5.08905520439723
2020-12-16,True,2020-09-16,table2_compilation,16.0,0.5,0.4953125,0.2490950417887718,0.14375,2020-12-16,0.5,0.0,0.25,2.25,2.0,0.5,assumed,2020-12-15,0.6125899802648593,2.6125899802648593,-0.8918025458978551,0.25,-0.11258998026485934,0.515782232527115,-0.12451344292694899,0.6402956754540612,0.33025124770491576,-0.3005213233277182,0.630772571032634,0.020493705251423133,-0.40162728714246976,0.4221209923938929,-0.1692519653117397,-0.4450342818886899,0.27578231657694463,-0.23529555071055697,-0.4589949149400585,0.22369936422950154,-0.21836054975484798,-0.4584026643529304,0.24004211459808245,-0.1544860260424885,-0.45054377486166697,0.29605774881917846,-0.06774141763934427,-0.4390548036569353,0.371313386017591,0.027443990362663317,-0.4258224323913318,0.4532664227539951,0.12296442068449043,-0.4118643426192392,0.5348287633037296,0.19583988567738186,-1.161839591477043,1.357679477154422,0.798215746344727,-0.9101205778841437,1.7083363242288763,0.8320260530154472,-0.799158272818401,1.6311843258338454,0.8178791661695606,-0.7199803364309254,1.5378595026004804,0.8584825216639835,-0.6562492584217816,1.5147317800857651,0.9498225255388792,-0.6032393062700425,1.5530618318089218,1.0704402481833908,-0.5584179557287072,1.628858203912098,1.202704601447202,-0.520017168760023,1.722721770207225,1.3354487238294133,-0.4867179179318226,1.8221666417612359,1.462475718390921,-0.45752150569093875,1.9199972240818597
2021-01-27,False,2020-12-16,table2_compilation,16.0,0.5,0.4953125,0.2490950417887718,0.14375,,,,0.25,2.25,2.0,0.5,assumed,2021-01-26,0.5725467715279198,2.5725467715279198,-0.5747186294073661,0.25,-0.07254677152791977,0.7543715863012057,1.0667304471484451,-0.3123588608472394,0.43968697562755954,1.1661903802891893,-0.726503404661627,-0.007459836784592944,1.1270200789617602,-1.1344799157463448,-0.41154158135339736,1.0548980319615486,-1.4664396133149515,-0.7425093413130912,0.9793605736776012,-1.7218699149906924,-1.0080992972260172,0.9092093635417298,-1.917308660767747,-1.222163348508143,0.8465139756309803,-2.068677324139123,-1.3967892488606082,0.7911074510945193,-2.1878966999551275,-1.5411556953038308,0.7421604032006535,-2.2833160985044842,-1.6619951672350197,0.6987393515326401,-2.36073451876766,0.6366125529300853,0.2605004324671867,0.3761121204628959,0.6651847525229737,0.07572549048345811,0.5894592620395156,0.7421714477068297,0.005744821150177604,0.7364266265566632,0.8479311464995587,-0.01822304406076114,0.8661541905603087,0.9641806922622842,-0.02411576866401255,0.9882964609262967,1.0794526038847785,-0.023161314477126993,1.1026139183619055,1.1877893508915882,-0.019907605855262744,1.207696956746851,1.286658011140429,-0.016183260418412004,1.302841271558841,1.3754209318552424,-0.01268826394908995,1.3881091958043323,1.4544029511620593,-0.009650825883222858,1.4640537770452822
2021-03-17,True,2020-12-16,table2_compilation,16.0,0.5,0.4953125,0.2490950417887718,0.14375,2021-03-17,0.5,0.0,0.25,2.25,2.0,0.3700000000000001,assumed,2021-03-16,0.5430014237918073,2.5430014237918073,0.43931781045491425,0.25,-0.04300142379180727,0.20219058140438784,-2.3097950442745043,2.511985625678892,-1.9591954644216507,-4.667037474200486,2.707842009778838,-3.2045499398996258,-5.615870772676157,2.411320832776531,-3.462521816819175,-5.909874272558291,2.4473524557391158,-3.073511539367191,-5.914687867736356,2.841176328369166,-2.3397164050962482,-5.791767202322906,3.452050797226658,-1.4583007821836524,-5.61362517370152,4.155324391517867,-0.5431204942042855,-5.41395219736549,4.870831703161205,0.345271177426798,-5.208892060684445,5.554163238111243,1.1776241851926272,-5.006326517123405,6.183950702316032,-0.16530943386570962,-3.196502998555062,3.031193564689352,-0.6185359059392853,-5.570450680860983,4.9519147749217005,0.2917574542448287,-6.274212603224472,6.5659700574693005,1.7517720266867154,-6.336410773273016,8.088182799959732,3.363519592793407,-6.156132072748177,9.519651665541584,4.9420765441379855,-5.891887556706132,10.833964100844117,6.408299646986881,-5.607647824025874,12.015947471012755,7.734717764098509,-5.328998615891156,13.063716379989664,8.918461180396275,-5.06553019146081,13.983991371857085,9.967748645520636,-4.820087105697035,14.78783575121767
2021-04-28,False,2021-03-17,figure2_dotplot,17.0,0.5,0.4779411764705882,0.250863560429882,0.25,,,,0.31,2.31,2.0,0.3700000000000001,assumed,2021-04-27,0.575155303747934,2.575155303747934,0.34079149838740896,0.19,-0.075155303747934,0.48316025314049105,0.6359892880418438,-0.1528290349013528,-0.9540678249068263,-0.6813381198108426,-0.27272970509598093,-1.4242728516166314,-1.2217223650951903,-0.20255048652144114,-1.4427460641403655,-1.4415034321478504,-0.0012426319925151752,-1.2577685431115482,-1.5196328288190064,0.26186428570745823,-0.9903460471759828,-1.5317349206022568,0.541388873426274,-0.6994284895947889,-1.5118650780766574,0.8124365884818685,-0.4131921399171068,-1.476276085880257,1.0630839459631503,-0.14436286611327898,-1.4331363201310454,1.2887734540177664,0.10212765822714687,-1.3867347168974975,1.4888623751246444,-0.2644329202411422,-1.6823489867515862,1.417916066510444,-1.1796237463183867,-3.011468848299681,1.8318451019812998,-1.447416194345169,-3.4896534242001565,2.0422372298549876,-1.2413682889453992,-3.601016871757068,2.3596485828116687,-0.773306393547335,-3.558920471703253,2.785614078155918,-0.19041828588510779,-3.453884070997204,3.2634657851120963,0.42105456887699955,-3.325100085349475,3.7461546542264745,1.0154034662220646,-3.189947051513542,4.2053505177356065,1.5708436632050349,-3.056214354172715,4.62705801737775,2.078871189461484,-2.927331610205708,5.006202799667192
2021-06-16,True,2021-03-17,figure2_dotplot,17.0,0.5,0.4779411764705882,0.250863560429882,0.25,2021-06-16,0.5,0.0,0.31,2.31,2.0,0.4399999999999999,assumed,2021-06-15,0.5748357899751948,2.574835789975195,0.1689330963866127,0.19,-0.0748357899751948,2.692313376617683,5.906240160451354,-3.213926783833676,4.392034602380482,6.701416463626497,-2.309381861246018,6.827453991671096,7.12601984700264,-0.2985658553315451,8.359899049513453,7.2098478014953615,1.1500512480180913,8.990828624012902,7.117654277857765,1.8731743461551376,9.015524464216584,6.940790221423532,2.0747342427930526,8.69105270172772,6.7249697929964825,1.966082908731237,8.188988158075095,6.493340241707868,1.6956479163672267,7.61279629738727,6.257987667720277,1.3548086296669926,7.021332613349096,6.025389412383464,0.9959432009656322,2.1034290535748568,9.100629812476418,-6.997200758901567,5.888298927330532,13.135440475400406,-7.247141548069874,8.933514690881527,14.751770540762566,-5.818255849881037,9.949196326436216,15.139162215969327,-5.18996588953311,9.431906526626177,14.977825365755592,-5.545918839129415,8.030023331684987,14.57814905466921,-6.548125722984222,6.2096188642683625,14.080689612571051,-7.871070748302689,4.25361888821536,13.550634644918858,-9.297015756703498,2.3187258649050024,13.01891412961005,-10.700188264705046,0.4846311012769444,12.500316259523704,-12.015685158246757
2021-07-28,False,2021-06-16,figure2_dotplot,17.0,0.5,0.4779411764705882,0.250863560429882,0.25,,,,0.25,2.25,2.0,0.4399999999999999,assumed,2021-07-27,0.6665366286649039,2.666536628664904,-0.5404208932811496,0.25,-0.16653662866490393,0.6965945867216244,1.5802737345286366,-0.8836791478070094,0.5358701313496611,1.4076157232868813,-0.871745591937223,0.7228594216835804,1.3379484442770595,-0.6150890225934791,0.8651616760231517,1.2767120492372053,-0.4115503732140535,0.9126389808686852,1.2172481882597008,-0.3046092073910156,0.8889942813677054,1.160247833728878,-0.27125355236117255,0.8235172019115722,1.1063547272490926,-0.2828375253375204,0.7374136966677769,1.0557603902562995,-0.31834669358852263,0.6438212218365047,1.0084020214817802,-0.36458079964527546,0.5502330559893798,0.9641073961223601,-0.4138743401329803,-0.07877573310229036,0.31088251888126694,-0.3896582519835545,-0.1069679514748012,-0.32717528272447893,0.22020733124967773,0.6570499010934594,-0.47510447611692763,1.132154377210387,1.4191203382411088,-0.4884996234768346,1.9076199617179435,2.0198372668230324,-0.4606503445976351,2.4804876114206675,2.4660488714555395,-0.42217669799897717,2.8882255694545167,2.795212311056783,-0.38373052958720066,3.1789428406439835,3.0412051102457482,-0.3487898210347673,3.3899949312805155,3.228775859190902,-0.31815071576450915,3.5469265749554113,3.3749057226653445,-0.29163071314664,3.6665364358119845
2021-09-22,True,2021-06-16,figure2_dotplot,17.0,0.5,0.4779411764705882,0.250863560429882,0.25,2021-09-22,0.5,0.0,0.25,2.25,2.0,0.5,assumed,2021-09-21,0.7398930605532037,2.7398930605532037,-0.6845736439111958,0.25,-0.2398930605532037,1.3565769026347567,3.1046437666650717,-1.7480668640303176,2.6168208586163617,4.738032219205667,-2.1212113605893035,3.0036779171808528,5.3096070209227015,-2.305929103741844,2.7563479086664677,5.4157932303118494,-2.6594453216453817,2.1616862813994,5.327262141852751,-3.1655758604533513,1.4150324480382226,5.1596665496119964,-3.744634101573774,0.6296956894421779,4.9632156119916,-4.3335199225494225,-0.1345624657188349,4.760185822789964,-4.894748288508799,-0.849300085420257,4.560542090746211,-5.409842176166468,-1.5033778047958801,4.368639623032067,-5.872017427827947,1.5257961515710572,2.259531739304199,-0.733735587733142,4.791982136427006,3.8878409796595736,0.9041411567674351,7.456518991324862,4.720041701754452,2.736477289570416,9.00834878769311,5.073087646459129,3.935261141233981,9.712795115858375,5.181746307359014,4.53104880849936,9.887315211500326,5.164220378114881,4.723094833385444,9.761219565463719,5.079667416188016,4.681552149275703,9.47835598144049,4.9590608039028705,4.519295177537619,9.123514744577776,4.819475354681435,4.304039389896341,8.744827404467026,4.670762943088813,4.074064461378213
2021-11-03,False,2021-09-22,figure2_dotplot,17.0,0.5,0.4632352941176471,0.2416423047816909,0.25,,,,0.25,2.25,2.0,0.4399999999999999,assumed,2021-11-02,0.8645159108700788,2.864515910870079,-0.7075530107327523,0.25,-0.36451591087007884,1.7325574373738135,1.4407489577560773,0.2918084796177334,2.883350605581497,2.011450854766872,0.8718997508146253,3.5963577564238958,2.252773865254598,1.3435838911692977,3.955083597402964,2.330184519999179,1.6248990774037853,4.089241892540829,2.3292153887749523,1.7600265037658769,4.094863321924924,2.2898601930505302,1.805003128874394,4.032127761974591,2.231445728762105,1.8006820332124862,3.936259210716586,2.1638215232088642,1.772437687507722,3.827120187339905,2.0922704625524258,1.7348497247874795,3.715575255617942,2.0197453393395737,1.6958299162783685,-1.0801954328600039,-0.4226184642761033,-0.6575769685839061,-3.374337259576393,-2.050988734393777,-1.323348525182616,-4.425811078800357,-2.729088680601577,-1.69672239819878,-4.7901462939550115,-2.9965997552230395,-1.7935465387319716,-4.793104408926441,-3.0768639902862827,-1.716240418640158,-4.617015738654828,-3.067207221267343,-1.5498085173874854,-4.360917357662286,-3.0127518585962854,-1.3481654990660008,-4.0774018319401195,-2.935740577413126,-1.1416612545269933,-3.793637161490704,-2.8477635505283816,-0.9458736109623223,-3.5229897288045597,-2.75514798944827,-0.7678417393562897
2021-12-15,True,2021-09-22,figure2_dotplot,17.0,0.5,0.4632352941176471,0.2416423047816909,0.25,2021-12-15,0.5,0.0,0.25,2.25,2.0,0.4399999999999999,assumed,2021-12-14,1.005939320724984,3.005939320724984,-1.270494855950834,0.25,-0.505939320724984,2.793112311266982,1.3323743065697613,1.4607380046972207,2.8743668248026877,1.122943256349762,1.7514235684529256,2.7026756790672124,0.9628926175620389,1.7397830615051735,2.6178657541964245,0.8647434063937975,1.753122347802627,2.6413031632572803,0.7995118260807343,1.841791337176546,2.7364976816982356,0.7510406030149186,1.985457078683317,2.8688693623514006,0.7115882166852661,2.1572811456661345,3.015329488374552,0.6774576571057178,2.337871831268834,3.1623919105538967,0.6468249731621967,2.5155669373917,3.302883694887515,0.6187448811221241,2.684138813765391,-0.3319778133856921,-9.563953855503549,9.231976042117857,-2.3121054979315825,-11.147735654361068,8.835630156429486,-4.919813101538029,-11.97615932984526,7.0563462283072305,-6.001925548294129,-12.10684615195774,6.104920603663611,-5.791932071144634,-11.898703161949742,6.106771090805108,-4.8023701615226955,-11.542075889659277,6.73970572813658,-3.4256786150696827,-11.126974630556031,7.7012960154863475,-1.9064341109236382,-10.695703177097515,8.789269066173876,-0.3828386663239369,-10.268306726304166,9.88546805998023,1.073052941155228,-9.854232329433499,10.927285270588726
2022-01-26,False,2021-12-15,figure2_dotplot,17.0,0.5,0.4632352941176471,0.2416423047816909,0.25,,,,0.25,2.25,2.0,0.4399999999999999,assumed,2022-01-25,1.05971805934578,3.05971805934578,-0.8305538602844029,0.25,-0.55971805934578,6.494815773090135,4.020183842405745,2.47463193068439,10.692176556072596,7.532752792328212,3.1594237637443845,11.397834263863071,8.725829912679629,2.6720043511834435,10.884936427675008,9.037667102381963,1.8472693252930439,9.9898376455958,8.98227548457118,1.0075621610246221,9.022869627797746,8.768402561474486,0.25446706632326066,8.09750172892809,8.487350114565606,-0.38984838563751456,7.251523141705563,8.181287888737021,-0.9297647470314585,6.49307709342497,7.870482125144207,-1.3774050317192366,5.818780426937464,7.564892240883259,-1.7461118139457943,12.056025589036935,9.287397541128882,2.7686280479080505,16.271196922008002,14.362521253554995,1.9086756684530082,15.028423586953332,15.749442322816144,-0.7210187358628106,12.435965614439247,15.851437184486317,-3.4154715700470684,9.76327072443235,15.466460583120355,-5.703189858688007,7.356266643246689,14.901271144670192,-7.545004501423502,5.272305817348477,14.281775676869346,-9.00946985952087,3.4861122510775777,13.661187037270928,-10.175074786193349,1.9547066271141667,13.061843399797368,-11.107136772683202,0.6365264416300365,12.492468064683848,-11.855941623053813
2022-03-16,True,2021-12-15,figure2_dotplot,17.0,0.5,0.4632352941176471,0.2416423047816909,0.25,2022-03-16,0.375,-0.125,,,,,,2022-03-15,1.344523086736963,3.344523086736963,-1.091544492195104,,-0.8445230867369631,6.991915551066574,3.580248105385775,3.4116674456807994,9.64184741817309,6.004753914543448,3.6370935036296403,9.298709784670356,6.677084831269564,2.621624953400792,8.313336214078237,6.773510078741074,1.5398261353371634,7.334871921112951,6.649497609173638,0.685374311939313,6.5068062893907985,6.438717124544979,0.06808916484581928,5.832613941191234,6.196718146163693,-0.36410420497245966,5.284961455806547,5.947892993589576,-0.6629315377830292,4.835687965509017,5.703230010887506,-0.8675420453784888,4.462232265507016,5.467630193923156,-1.0053979284161407,4.539712224861603,-3.36650411000583,7.906216334867433,9.352169273481724,0.31947583671187996,9.032693436769845,9.125388969286075,1.5916398873635274,7.533749081922547,8.072677081638835,2.1149579097370363,5.957719171901799,7.210767795145756,2.3344505229162316,4.8763172722295245,6.673946856063884,2.4130139762745806,4.260932879789303,6.393560254628561,2.4207475084677466,3.9728127461608143,6.28218091251429,2.3910738155058286,3.8911070970084616,6.273305561521791,2.341178551469225,3.9321270100525663,6.322918653520526,2.280436123195395,4.042482530325131
2022-05-04,False,2022-03-16,figure2_dotplot,15.0,0.375,0.425,0.2653613888015109,0.25,,,,,,,,,2022-05-03,1.6249754979956776,3.6249754979956776,-0.5701296728397609,,-1.2499754979956776,-8.113955089572444,-8.983702197371768,0.8697471077993235,-9.981607494251143,-11.127960776270385,1.1463532820192412,-10.056885857040054,-11.671225946287533,1.614340089247479,-9.284235364773252,-11.57658662248422,2.2923512577109673,-8.165350585531561,-11.233093577842412,3.0677429923108512,-6.951542098794183,-10.80017026704545,3.848628168251267,-5.763218867022246,-10.344818608168715,4.581599741146469,-4.653775665231441,-9.895524135936062,5.241748470704621,-3.6428037384097056,-9.464132235119438,5.821328496709732,-2.7332284533854168,-9.055085598541046,6.321857145155629,-5.339838426064558,-11.786456966748915,6.446618540684357,-5.127332821180053,-14.084567921631486,8.957235100451433,-3.922594296631843,-14.568969425119205,10.646375128487362,-1.9551067864664429,-14.282985779519697,12.327878993053254,0.3504049725786995,-13.715978251664618,14.066383224243317,2.7088857289642387,-13.069028309545372,15.77791403850961,4.965484725754443,-12.422282691559872,17.387767417314315,7.048839951962771,-11.806069822616161,18.854909774578932,8.934762819129594,-11.23012571410995,20.164888533239544,10.623695467600447,-10.695746461222866,21.319441928823313
2022-06-15,True,2022-03-16,figure2_dotplot,15.0,0.375,0.425,0.2653613888015109,0.25,2022-06-15,0.5,0.125,0.3799999999999999,2.38,2.0,0.25,assumed,2022-06-14,1.8335264193893082,3.833526419389308,-0.23315031980759526,-0.004999999999999893,-1.4585264193893082,-16.339776116018,-14.992196465201024,-1.3475796508169768,-22.964780692110985,-20.120217903069417,-2.8445627890415714,-24.93423504001253,-21.755196401312425,-3.1790386387001046,-24.651203610280213,-21.952107049667458,-2.699096560612757,-23.35350702390322,-21.54600785836447,-1.8074991655387507,-21.659582624983152,-20.888631101379573,-0.7709515236035802,-19.873437095297987,-20.13504248758626,0.2616053922882777,-18.13980359902514,-19.356390222118858,1.2165866230937183,-16.522585458478733,-18.586192871950935,2.0636074134722016,-15.044796524715975,-17.84028926614831,2.795492741432337,-19.08332488746445,7.893504763203474,-26.976829650667923,-28.831615834051092,0.15382901881562105,-28.985444852866713,-27.608189250453208,-2.01822165744856,-25.589967593004648,-25.48915717392517,-2.8763285021994545,-22.612828671725715,-24.335856520367916,-3.2603000681479255,-21.075556452219992,-24.142815533643258,-3.428159061216185,-20.714656472427073,-24.584115436671674,-3.4835381039981073,-21.100577332673566,-25.376040561647486,-3.4756770044229945,-21.900363557224487,-26.328839834879105,-3.4307077143370446,-22.89813212054206,-27.328283012328125,-3.363595523517837,-23.964687488810288
2022-07-27,False,2022-06-15,figure2_dotplot,17.0,0.5,0.4338235294117647,0.2504321524400941,0.25,,,,,,,,,2022-07-26,1.7106276958535247,3.7106276958535247,-0.8908443735492035,,-1.2106276958535247,-4.789200872268928,-3.93462422779125,-0.8545766444776781,-7.086352512312866,-6.003537461635977,-1.0828150506768885,-7.458889640545063,-6.663483696357186,-0.7954059441878769,-7.086322937195799,-6.780387922529352,-0.30593501466644746,-6.448015508889338,-6.674721382527027,0.22670587363768924,-5.743352922706002,-6.477117149622824,0.7337642269168221,-5.0552095120230955,-6.244120640671502,1.1889111286484066,-4.416199272460286,-6.00129405417662,1.5850947817163341,-3.836703139156361,-5.760502394330125,1.9237992551737637,-3.3172262988706347,-5.527261049225007,2.2100347503543727,-11.697378861672147,-9.5258529835748,-2.1715258780973468,-18.106959211999918,-14.359971100342817,-3.7469881116571013,-20.294962393122074,-16.033107412211443,-4.261854980910629,-20.448789098206177,-16.415134699058463,-4.0336543991477125,-19.65974144874494,-16.244185302089154,-3.415556146655785,-18.475087199437688,-15.831515072783287,-2.643572126654403,-17.167529030489437,-15.316118623742847,-1.8514104067465897,-15.870090531852599,-14.763240646587672,-1.1068498852649267,-14.644313402282538,-14.204723380965412,-0.43959002131712666,-13.51512030570019,-13.656465649766192,0.14134534406600174
2022-09-21,True,2022-06-15,figure2_dotplot,17.0,0.5,0.4338235294117647,0.2504321524400941,0.25,2022-09-21,0.5,0.0,0.3799999999999999,2.38,2.0,0.25,assumed,2022-09-20,2.007089308961355,4.007089308961355,-0.5832808812951038,0.1200000000000001,-1.5070893089613548,0.4231121048065667,2.6549499612957383,-2.2318378564891717,8.66024278293036,2.063775607363283,6.596467175567078,5.839154606345742,2.750721688643587,3.0884329177021552,1.1766054115560198,3.163570860194387,-1.986965448638367,-2.3188714237275754,3.353188070155344,-5.672059493882919,-4.364972839451342,3.41401098891021,-7.778983828361552,-5.32453058941087,3.4030255182639024,-8.727556107674772,-5.585437234681567,3.351711959171766,-8.937149193853333,-5.432015326855,3.2776732922262575,-8.709688619081257,-5.049275853161195,3.1910894243806887,-8.240365277541883,3.4349666143814517,0.5300349489025358,2.904931665478916,18.665762790286955,3.2079426094575147,15.45782018082944,19.839071452802504,5.491073332228424,14.34799812057408,17.475203647041226,6.730556723452441,10.744646923588785,15.311900460659622,7.355186777951239,7.956713682708383,14.042015195786028,7.634967899807865,6.407047295978163,13.534267886129436,7.716065932681371,5.818201953448066,13.53272115804418,7.6789667292181285,5.853754428826052,13.82946279715247,7.570027807226332,6.259434989926138,14.284557517120655,7.417200669898705,6.86735684722195
2022-11-02,False,2022-09-21,figure2_dotplot,18.0,0.5,0.4722222222222222,0.2226558269705749,0.25,,,,,,,,,2022-11-01,2.1860705086488323,4.186070508648832,-0.11046531324018893,,-1.6860705086488323,3.2097808586385668,-19.303123072679274,22.51290393131784,12.385023899672998,-11.333253023489753,23.71827692316275,8.229970389820807,-8.678652882301563,16.90862327212237,3.3293652396912954,-7.391155088761803,10.720520328453098,0.18915876874494586,-6.612578585627382,6.801737354372328,-1.2753731759826081,-6.0688450781332115,4.793471902150603,-1.5980577198552837,-5.650486629261575,4.0524289094062915,-1.2391030081375654,-5.3071509448261445,4.068047936688579,-0.5108896235130445,-5.013181417429813,4.502291793916768,0.3929590064604582,-4.754371902963861,5.147330909424319,9.22859383724255,-22.85038186078978,32.07897569803233,22.047458196993297,-11.825185949569228,33.87264414656252,16.521413272127106,-8.296886881095311,24.818300153222417,9.920447459116755,-6.6778745013749585,16.598321960491713,5.672715475655465,-5.7608548498008005,11.433570325456266,3.6775019361184214,-5.161768583743065,8.839270519861486,3.2198653407531808,-4.727902473256496,7.947767814009676,3.6812659569844364,-4.389449958393232,8.070715915377669,4.641343350137728,-4.111172397727891,8.752515747865619,5.83935207318067,-3.8738224388352727,9.713174512015943
2022-12-14,True,2022-09-21,figure2_dotplot,18.0,0.5,0.4722222222222222,0.2226558269705749,0.25,2022-12-14,0.5,0.0,,,,,,2022-12-13,2.0600485391532075,4.0600485391532075,-0.7162204189817931,,-1.5600485391532075,0.508435913239591,0.4636189434036986,0.04481696983589245,-0.6040530783219644,-0.2530706484783707,-0.35098242984359374,-1.3571983863772008,-0.606053173886778,-0.7511452124904228,-1.7590261104224236,-0.7762553158521257,-0.9827707945702979,-1.9224411245813755,-0.8564508938187387,-1.0659902307626368,-1.9443985887808601,-0.890155909334478,-1.0542426794463822,-1.8891470772548047,-0.8985557642543718,-0.9905913130004329,-1.7953984747459018,-0.8925916008939438,-0.9028068738519579,-1.6853906495713833,-0.8782604857113796,-0.8071301638600037,-1.571470295166577,-0.8590284378379387,-0.7124418573286384,1.156417294255352,3.0802189110791467,-1.9238016168237948,-0.1617125952734888,3.207260901131015,-3.3689734964045037,-1.4167071508605744,3.0526539979393696,-4.469361148799944,-2.511609871973741,2.828230025370093,-5.339839897343834,-3.442378809206481,2.6034195982202135,-6.045798407426695,-4.2293604656960415,2.3991384508923908,-6.628498916588432,-4.896014177819685,2.219408696670655,-7.11542287449034,-5.463202765245345,2.062653733810116,-7.525856499055461,-5.948220033428475,1.9257872697257206,-7.874007303154196,-6.365111946199953,1.80565323458719,-8.170765180787143
2023-02-01,False,2022-12-14,figure2_dotplot,18.0,0.5,0.5069444444444444,0.248160672016745,0.125,,,,,,,,,2023-01-31,2.0032727783056856,4.003272778305686,-0.4648074331152854,,-1.5032727783056856,-5.2755247204442135,-1.7019339160642133,-3.57359080438,-12.364081635155078,-6.6036038139466235,-5.760477821208454,-15.081040962291503,-8.567803370122729,-6.513237592168775,-15.81225820781298,-9.318297073971582,-6.493961133841397,-15.640917550814759,-9.52344808657939,-6.11746946423537,-15.074352234080202,-9.468740705994172,-5.60561152808603,-14.355646014220236,-9.285533914531374,-5.070112099688862,-13.60223542612422,-9.038355572244061,-4.5638798538801595,-12.869973997223028,-8.760755672744658,-4.10921832447837,-12.183846580117574,-8.47100825139977,-3.7128383287178046,-6.7704624371693,-4.170911048145687,-2.5995513890236133,-11.840407088255311,-7.318639248725933,-4.521767839529378,-14.041019333590254,-8.538101991110914,-5.502917342479341,-14.794231381634493,-8.941344720532651,-5.8528866611018415,-14.82854243182774,-8.976504960362952,-5.852037471464788,-14.518728510552892,-8.837720386975256,-5.6810081235776355,-14.05800893555691,-8.614967814898389,-5.4430411206585205,-13.54569087731905,-8.352626097815374,-5.1930647795036755,-13.03203247807665,-8.073792280170533,-4.958240197906116,-12.541448736468341,-7.791005575486132,-4.7504431609822095
2023-03-22,True,2022-12-14,figure2_dotplot,18.0,0.5,0.5069444444444444,0.248160672016745,0.125,2023-03-22,0.5,0.0,,,,,,2023-03-21,2.0433352939722695,4.0433352939722695,-0.43856734925384533,,-1.5433352939722695,-11.801943183734398,-5.658933993033344,-6.143009190701054,-20.507318657179407,-13.161402876310202,-7.3459157808692055,-21.614425356451285,-15.724470037096339,-5.889955319354945,-20.307033220233485,-16.459541160141544,-3.8474920600919393,-18.357453574991833,-16.43685341557095,-1.9206001594208821,-16.365269311200194,-16.085466247325453,-0.2798030638747395,-14.521325993125123,-15.592204496755535,1.0708785036304125,-12.873172311171421,-15.043308603887784,2.1701362927163625,-11.418872124334944,-14.48032444269769,3.061452318362745,-10.140683282474816,-13.92379445404659,3.7831111715717736,-27.568057341533247,-13.866582290125873,-13.701475051407375,-40.70911782600799,-25.408439132166816,-15.300678693841174,-40.523020846313784,-28.919742618948163,-11.603278227365621,-36.97219005070349,-29.65736712471676,-7.31482292598673,-33.02828868612346,-29.294647151339603,-3.7336415347838603,-29.479177790071233,-28.478411378774915,-1.0007664112963166,-26.455182295927226,-27.4832586779433,1.0280763820160743,-23.908597841966905,-26.43267543663681,2.5240775946699046,-21.75838981395053,-25.38415820572233,3.6257683917717998,-19.92965591317244,-24.364738433600852,4.435082520428413
2023-05-03,False,2023-03-22,figure2_dotplot,17.0,0.5,0.5882352941176471,0.3581116371142917,0.125,,,,,,,,,2023-05-02,1.9013994681539685,3.9013994681539685,-0.21438972662467837,,-1.4013994681539685,-3.086735282709796,-1.7415642293847178,-1.3451710533250782,-7.663138413891302,-5.463945034849704,-2.1991933790415974,-9.189130036697346,-6.899971919310577,-2.289158117386769,-9.313372063542502,-7.40046646937822,-1.9129055941642825,-8.81099366125393,-7.491672360624513,-1.3193213006294169,-8.05343449488456,-7.395667888462487,-0.6577666064220722,-7.219762723671641,-7.212409516663154,-0.007353207008486962,-6.39517379394694,-6.989523943722187,0.5943501497752468,-5.6182329158055655,-6.750833789043487,1.1326008732379211,-4.904128164712196,-6.508714144570682,1.604585979858486,-15.180076793619701,-9.477139390834122,-5.7029374027855795,-21.598738679150653,-15.958268753005456,-5.640469926145197,-20.79189795464189,-17.841843736124208,-2.9500542185176837,-18.18029585004126,-18.130798126338732,-0.049497723702529584,-15.406097800444751,-17.80054390768404,2.3944461072392897,-12.909672724470589,-17.227093849150066,4.317421124679477,-10.763500086351208,-16.567495383362374,5.803995297011166,-8.937911060752457,-15.890343388109773,6.952432327357316,-7.382880927806568,-15.226128430621921,7.843247502815354,-6.051145319495799,-14.588132331466896,8.536987011971098
2023-06-14,True,2023-03-22,figure2_dotplot,17.0,0.5,0.5882352941176471,0.3581116371142917,0.125,2023-06-14,0.5,0.0,,,,,,2023-06-13,2.1489606361348734,4.148960636134873,-0.32568666813251745,,-1.6489606361348734,4.3876847776031624,4.688731254432454,-0.301046476829292,7.156501460342568,8.399831512770195,-1.243330052427627,6.777671607979752,9.564493286027087,-2.7868216780473354,5.334017025433191,9.772078136484463,-4.438061111051272,3.616364347645762,9.601340306713713,-5.984975959067951,1.9223142655844239,9.28300728500373,-7.3606930194193065,0.35768255089068113,8.913794255323637,-8.556111704432956,-1.047865746720511,8.535422567692486,-9.583288314412997,-2.2949680017506413,8.165951478205269,-10.46091947995591,-3.3957622838611368,7.812882642704189,-11.208644926565325,-2.456951880777325,-1.0668808217663361,-1.3900710590109888,-5.116564930376644,-1.5705913128921445,-3.545973617484499,-7.545194489277041,-1.967573206951645,-5.577621282325396,-9.283871794708087,-2.209297285366052,-7.074574509342035,-10.436315273389507,-2.344487532362649,-8.091827741026858,-11.181667097909243,-2.4101175511137107,-8.771549546795532,-11.66208430804967,-2.43000192486571,-9.23208238318396,-11.973291987579948,-2.419520480161186,-9.553771507418762,-12.176304576709018,-2.3888432394752357,-9.787461337233783,-12.309414213771808,-2.3448449692931916,-9.964569244478616
2023-07-26,False,2023-06-14,figure2_dotplot,17.0,0.5,0.6617647058823529,0.328669068215103,0.25,,,,0.5,2.5,2.0,0.3699999999999996,assumed,2023-07-25,2.262563090983882,4.262563090983882,-0.5701084504817393,0.0,-1.7625630909838819,-1.3358532268521017,-19.988648102948314,18.652794876096213,-1.0483247276366292,-20.480510093010373,19.432185365373744,-6.0077331317814675,-20.92040874304848,14.912675611267012,-9.111332162843766,-20.67779045295195,11.566458290108184,-9.789379968252732,-20.08434157706729,10.294961608814557,-8.78485196810419,-19.348163345218428,10.563311377114237,-6.838752668646331,-18.569997528034943,11.731244859388612,-4.45963513921579,-17.796303989693474,13.336668850477684,-1.9535099167473202,-17.047934567783862,15.094424651036542,0.5095329868014531,-16.333670203207973,16.843203190009426,2.01772110306937,-1.024185774971187,3.0419068780405567,4.590742912272905,-0.33836450484994174,4.929107417122847,6.124943707934527,0.06651806074948752,6.0584256471850395,7.165140369038969,0.33020818077185154,6.834932188267118,7.93593708101703,0.5064260304177282,7.429511050599302,8.539329473652746,0.6243428732934042,7.914986600359342,9.027529114823007,0.7020893078288459,8.325439806994162,9.430744487733023,0.7516439324991353,8.679100555233887,9.76839460444432,0.7811895156991433,8.987205088745176,10.05398741669592,0.7964360747177324,9.257551341978187
2023-09-20,True,2023-06-14,figure2_dotplot,17.0,0.5,0.6617647058823529,0.328669068215103,0.25,2023-09-20,0.5,0.0,0.56,2.56,2.0,0.3799999999999999,assumed,2023-09-19,2.2406564262468365,4.2406564262468365,0.20826256913600538,-0.06000000000000005,-1.7406564262468365,3.1263447219407325,5.868126032663845,-2.7417813107231126,2.190585894308761,5.27307813077158,-3.0824922364628193,1.5091608364231845,4.928876159105489,-3.419715322682304,0.8389859046644688,4.6162980349356175,-3.7773121302711488,0.20451406983497122,4.328977402316347,-4.124463332481376,-0.37409477632390775,4.068929337847216,-4.4430241141711235,-0.8906002291761972,3.834998192291561,-4.725598421467758,-1.3465975962266619,3.6244273530988025,-4.971024949325464,-1.7471316373464774,3.434167706115243,-5.1812993434617205,-2.0983786195317933,3.2614196860333955,-5.359798305565189,0.5748929916594925,-3.6491738919149697,4.224066883574462,2.9171896007996523,-5.090111570993905,8.007301171793557,4.904200436604711,-5.244697002486198,10.14889743909091,6.760045588696695,-5.0144276416735245,11.77447323037022,8.537940852497083,-4.680854597958728,13.218795450455811,10.207324664396822,-4.3410186988139365,14.548343363210758,11.738562512270345,-4.026691326173193,15.765253838443538,13.119219560521422,-3.745677276834769,16.86489683735619,14.350714728626901,-3.4971748965256566,17.847889625152558,15.44246200315591,-3.277648591608351,18.72011059476426
2023-11-01,False,2023-09-20,figure2_dotplot,18.0,0.5,0.7569444444444444,0.4611132028065008,0.40625,,,,0.75,2.75,2.0,0.5,assumed,2023-10-31,2.1992993434534327,4.199299343453433,1.1346682173279827,-0.25,-1.6992993434534327,-6.418178827689758,-2.0820654782450987,-4.336113349444659,-12.118926021760945,-5.901739954620755,-6.21718606714019,-13.890989884612104,-7.349076762522078,-6.541913122090026,-14.185782272251846,-7.869919396928715,-6.3158628753231305,-13.926549147125655,-7.982722441141643,-5.943826705984012,-13.473404873466954,-7.903348353718975,-5.570056519747979,-12.970968757640478,-7.730159523011437,-5.24080923462904,-12.477882295365728,-7.511263000838131,-4.966619294527597,-12.017008639125581,-7.271598299166371,-4.745410339959211,-11.595787775914168,-7.024703261446064,-4.5710845144681045,-5.291900417908302,-1.3474762028073073,-3.9444242151009945,-8.369873009540996,-0.40891928608308703,-7.960953723457909,-11.872379288876811,-0.36617389349888896,-11.506205395377922,-14.84699133033267,-0.5336866311972166,-14.313304699135454,-17.205354458713096,-0.726177669111916,-16.47917678960118,-19.05682702821494,-0.8910295661278766,-18.165797462087063,-20.524425127865875,-1.0175510471188254,-19.50687408074705,-21.7055303030544,-1.108361210331843,-20.597169092722556,-22.670819108715,-1.169588920320841,-21.50123018839416,-23.470685984139017,-1.2075257477739854,-22.26316023636503
2023-12-13,True,2023-09-20,figure2_dotplot,18.0,0.5,0.7569444444444444,0.4611132028065008,0.40625,2023-12-13,0.5,0.0,,,,,,2023-12-12,2.109179750433718,4.109179750433718,0.32199440657692513,,-1.609179750433718,-15.849001198227786,-8.370184330251984,-7.478816867975802,-24.295708834876883,-15.308534590563916,-8.987174244312968,-24.90954951570279,-17.531677473918794,-7.377872041783995,-23.28968159177567,-18.057390926323436,-5.232290665452233,-21.22759496949658,-17.892261276476784,-3.335333693019793,-19.259723583670095,-17.434328450611858,-1.8253951330582385,-17.518204744704935,-16.855421385294278,-0.6627833594106569,-16.01074326450318,-16.234176784854704,0.22343352035152364,-14.711333327030918,-15.608033803576227,0.896700476545309,-13.588652343100627,-14.995161775853827,1.4065094327532002,-22.83486406740396,-8.240329438742933,-14.594534628661027,-33.90020720059095,-15.844574237419806,-18.055632963171142,-34.582845779633956,-18.222063613977113,-16.36078216565684,-32.86489196484514,-18.835670949767636,-14.029221015077509,-30.984219030036275,-18.733028694639664,-12.251190335396611,-29.444014466454817,-18.317277102107976,-11.12673736434684,-28.27008572279759,-17.763449264296494,-10.506636458501095,-27.385205931442023,-17.153654093112713,-10.231551838329311,-26.71012740274805,-16.5285700396538,-10.181557363094251,-26.184156321800288,-15.90907884845354,-10.27507747334675
2024-01-31,False,2023-12-13,figure2_dotplot,18.0,0.5,0.7291666666666666,0.417187174885433,0.34375,,,,,,,,,2024-01-30,2.0039770864002264,4.003977086400226,0.369842996169381,,-1.5039770864002264,-5.4084993807619774,-0.9973437310550892,-4.411155649706888,-8.983980199380426,-3.4083457589170862,-5.57563444046334,-9.54606546353891,-4.2394269905501325,-5.306638472988778,-9.328392964176624,-4.523376334448237,-4.805016629728387,-8.98072448415661,-4.576958704430911,-4.403765779725699,-8.670251617711777,-4.524265826051188,-4.145985791660589,-8.424097851622436,-4.420403809716866,-4.00369404190557,-8.233942055570509,-4.291993526275295,-3.941948529295214,-8.086120364822103,-4.152738404002232,-3.9333819608198706,-7.969056150563869,-4.010037074489592,-3.959019076074277,-10.240717698029922,0.7171743298194144,-10.957892027849336,-16.33441231108037,-2.0470730335222065,-14.287339277558164,-18.00382455833529,-3.0399555618052077,-14.963868996530083,-18.716501920046504,-3.503505643640281,-15.212996276406221,-19.31912920754293,-3.729558625497731,-15.589570582045198,-19.96365043866546,-3.8266650605518038,-16.136985378113657,-20.636784916893312,-3.8469633132474534,-16.789821603645862,-21.302769761583296,-3.819379392531097,-17.4833903690522,-21.935338146326664,-3.7613930781217775,-18.173945068204887,-22.520358389769733,-3.6841439249572616,-18.83621446481247
2024-03-20,True,2023-12-13,figure2_dotplot,18.0,0.5,0.7291666666666666,0.417187174885433,0.34375,2024-03-20,0.5625,0.0625,0.75,2.75,2.0,0.6099999999999999,assumed,2024-03-19,2.131991990820538,4.131991990820538,0.3318343165495268,-0.25,-1.6319919908205378,-5.086613708551102,-1.6852939791253796,-3.4013197294257225,-7.750032763276415,-4.312693821737756,-3.437338941538659,-7.170985357329318,-5.0955087207366745,-2.0754766365926436,-5.9714711507798945,-5.274131883837985,-0.6973392669419098,-4.850544246372568,-5.220385745175449,0.36984149880288086,-3.9407586748029466,-5.073325401780959,1.1325667269780126,-3.2261339326992378,-4.8905583259914565,1.6644243932922187,-2.663784350440679,-4.697356695158739,2.03357234471806,-2.215100133540382,-4.505138937590392,2.2900388040500097,-1.8509484979735369,-4.319058429772404,2.4681099317988675,-3.9316701040296387,-1.8488236916889278,-2.082846412340711,-5.919790984290607,-3.721445985379912,-2.198344998910695,-5.72247409697173,-4.289848124293361,-1.4326259726783697,-5.0173525618969705,-4.412229256635403,-0.6051233052615679,-4.28998751711287,-4.3595595388745245,0.06957202176165467,-3.657728064170662,-4.235727132362754,0.5779990681920921,-3.1314505083840594,-4.084413167330769,0.95296265894671,-2.6960116784559673,-3.9250155102180884,1.229003831762121,-2.333408422845995,-3.766413099110011,1.4330046762640158,-2.0284065865921797,-3.6126797491535356,1.584273162561356
2024-05-01,False,2024-03-20,figure2_dotplot,18.0,0.5625,0.8125,0.4108975609024171,0.5,,,,1.0,3.0,2.0,0.4100000000000001,assumed,2024-04-30,2.274111501952639,4.274111501952639,0.41056148418323346,-0.4375,-1.711611501952639,-4.2661279930108265,-2.9207955574900524,-1.345332435520774,-7.4392374637408665,-5.292161175614929,-2.1470762881259375,-8.477064612567187,-6.157903090463179,-2.3191615221040074,-8.562315985416369,-6.412841632117683,-2.149474353298686,-8.232369507749038,-6.403015860837247,-1.829353646911791,-7.737106717356301,-6.274096020406272,-1.463010696950029,-7.194175695847971,-6.091544486922018,-1.1026312089259527,-6.658499537890439,-5.88647328027001,-0.7720262576204284,-6.154510948200276,-5.67436353556845,-0.48014741263182614,-5.691607202342297,-5.463175128815667,-0.22843207352662986,-8.044469044538705,-6.312166736676339,-1.7323023078623656,-14.297288864571733,-11.395694879662521,-2.901593984909212,-16.234032284966116,-13.233712719391022,-3.0003195655750936,-16.18670851648165,-13.751072407293119,-2.4356361091885326,-15.263426177210704,-13.70120250017548,-1.5622236770352238,-13.996324471667076,-13.400624362578206,-0.5957001090888703,-12.641093832778871,-12.990391741909502,0.3492979091306303,-11.318121608500942,-12.536665177631168,1.218543569130226,-10.080607286429721,-12.071778278739043,1.9911709923093213,-8.948199566525794,-11.611963662317581,2.6637640957917874
2024-06-12,True,2024-03-20,figure2_dotplot,18.0,0.5625,0.8125,0.4108975609024171,0.5,2024-06-12,0.75,0.1875,,,,,,2024-06-11,2.1654940548356976,4.165494054835698,0.3363633881529031,,-1.6029940548356976,-3.917323068524059,-2.0486976191547157,-1.8686254493693433,-6.8533493590945405,-3.790736927737992,-3.0626124313565484,-8.08124225798359,-4.46907540365169,-3.6121668543318997,-8.512356042164981,-4.7039142857348,-3.808441756430181,-8.567952848769167,-4.737868504262188,-3.8300843445069788,-8.4490412372352,-4.6756201068107295,-3.7734211304244702,-8.254037382592294,-4.565925605050136,-3.688111777542158,-8.031868525347363,-4.433063876886223,-3.5988046484611402,-7.806837399267064,-4.2898328602984925,-3.517004538968571,-7.590684524101299,-4.143288903243558,-3.4473956208577405,-8.258993370738388,-5.07368413093614,-3.1853092398022476,-13.505875613857388,-8.14751621595482,-5.358359397902568,-15.752385256588575,-9.312801049887032,-6.439584206701543,-16.540810343252232,-9.676949830840798,-6.863860512411435,-16.621592450421474,-9.680165786834749,-6.941426663586725,-16.367212536613795,-9.512845232221512,-6.854367304392284,-15.965287124217653,-9.263438603767948,-6.701848520449705,-15.510919685460323,-8.97574425133092,-6.535175434129403,-15.051945610340045,-8.67265706472935,-6.379288545610695,-14.611639005922328,-8.366655425494418,-6.24498358042791
2024-07-31,False,2024-06-12,figure2_dotplot,19.0,0.75,0.9078947368421052,0.4152561536331448,0.5625,,,,1.0,3.0,2.0,0.5,assumed,2024-07-30,1.984435416588191,3.984435416588191,0.5129265548484065,-0.25,-1.234435416588191,-3.068164542267837,0.3409694409129749,-3.409133983180812,-5.9069616418557125,-1.3168512588867642,-4.590110382968948,-6.652185460303794,-1.9551538448062011,-4.697031615497593,-6.801894042446177,-2.2265688811767603,-4.575325161269417,-6.807355261546855,-2.3345570117393244,-4.47279824980753,-6.794141318419689,-2.361203594442607,-4.432937723977082,-6.790467495574681,-2.344495147833303,-4.445972347741378,-6.7980582094844255,-2.3037520592070315,-4.494306150277394,-6.8131269642459635,-2.2495396600311857,-4.563587304214778,-6.8319454797785895,-2.187969928169853,-4.643975551608737,-14.755361490318286,-5.821684204980748,-8.933677285337538,-20.104291936440255,-9.137437573412566,-10.96685436302769,-20.19839659476763,-10.04045663128812,-10.157939963479512,-19.274578792216303,-10.192351217758056,-9.082227574458246,-18.41929064529446,-10.050217243462445,-8.369073401832017,-17.821142380902046,-9.782981302862126,-8.038161078039918,-17.445806089517603,-9.462956684956048,-7.982849404561554,-17.2257616161688,-9.12395868769238,-8.10180292847642,-17.105458895365587,-8.782738744609642,-8.322720150755947,-17.046604493292385,-8.447874558085378,-8.598729935207006
2024-09-18,True,2024-06-12,figure2_dotplot,19.0,0.75,0.9078947368421052,0.4152561536331448,0.5625,2024-09-18,0.875,0.125,0.8799999999999999,2.88,2.0,0.3800000000000003,assumed,2024-09-17,1.8085175841130336,3.8085175841130336,0.13747489087646825,-0.1299999999999999,-1.0585175841130336,-2.1302668898997457,-5.601046153592826,3.47077926369308,1.1087947599461412,-4.156112127572342,5.2649068875184835,2.6084023243118537,-3.3480915089453056,5.956493833257159,3.5027436735227457,-2.813787667548606,6.316531341071352,4.163853475466572,-2.4302512204442017,6.594104695910774,4.710430015329559,-2.140695732903053,6.851125748232612,5.1818578171479945,-1.9142176753152107,7.096075492463205,5.593651697417323,-1.7322281237637238,7.325879821181047,5.9543894394122,-1.5827704344684612,7.537159873880661,6.270567085672818,-1.457781118250745,7.728348203923563,-4.642609608968096,-7.770761599796572,3.128151990828476,-0.36627986629080844,-6.019519748431801,5.653239882140992,2.536947969022174,-4.8933959870814725,7.430343956103647,4.517495996194398,-4.115801240254502,8.6332972364489,5.9012888507050665,-3.548513409415621,9.449802260120688,6.899213068097643,-3.1174913281244443,10.016704396222087,7.642581596981035,-2.779704966581731,10.422286563562766,8.213021785902619,-2.5083684372943615,10.72139022319698,8.662141678106128,-2.2859028512206336,10.948044529326761,9.023437445657478,-2.1003021101330788,11.123739555790557
2024-11-07,False,2024-09-18,figure2_dotplot,19.0,0.875,0.993421052631579,0.4165050471406424,0.6875,,,,,,,,,2024-11-06,2.0001224097315315,4.0001224097315315,0.7920610905746397,,-1.1251224097315315,-2.5503013663451313,-1.5943824596435618,-0.9559189067015694,-5.625389402266823,-2.7786798881372476,-2.846709514129575,-7.997578682533124,-3.406976283293961,-4.590602399239163,-9.484566010023077,-3.702232612646039,-5.782333397377037,-10.318642314287096,-3.819380363996583,-6.499261950290514,-10.736906885879005,-3.8386073919847163,-6.898299493894289,-10.906631891016083,-3.8019482365852397,-7.104683654430843,-10.933271633305885,-3.73264549138268,-7.200626141923205,-10.880366223646565,-3.6442675013766745,-7.23609872226989,-10.785439691477716,-3.5451003074019383,-7.240339384075778,-0.4965797290600982,-2.94478611513993,2.448206386079832,0.35696679231129735,0.4700290526296058,-0.11306226031830846,-2.9954607544887324,1.3826523215167086,-4.378113076005441,-6.484306908175785,1.5793239795046432,-8.063630887680429,-9.25258037067982,1.5398286027466845,-10.792408973426504,-11.302957338846387,1.4262171010273939,-12.72917443987378,-12.805237436875583,1.2976053298864088,-14.102842766761992,-13.918383033314363,1.1753199954017468,-15.09370302871611,-14.759468559593536,1.0660660235910946,-15.82553458318463,-15.408872758828185,0.9708632906805903,-16.379736049508775
2024-12-18,True,2024-09-18,figure2_dotplot,19.0,0.875,0.993421052631579,0.4165050471406424,0.6875,2024-12-18,1.0,0.125,1.1300000000000003,3.1300000000000003,2.0,0.5,assumed,2024-12-17,1.9945974786081635,3.9945974786081635,0.7211427405352158,-0.25500000000000034,-1.1195974786081635,3.5833706540038257,4.330422229347253,-0.747051575343427,8.49558137103168,7.237275094569018,1.2583062764626618,12.09794779620239,8.556679159340419,3.5412686368619717,14.01043377468083,9.051527892280387,4.958905882400444,14.707909256409035,9.148347133040247,5.559562123368789,14.672771766903647,9.049037589139086,5.623734177764561,14.239575750195144,8.850986957707718,5.388588792487425,13.613316011494625,8.603520466076109,5.009795545418516,12.912221470965601,8.332917302688703,4.579304168276899,12.20160051557011,8.0537971164782,4.147803399091909,1.8157749228023157,-0.7967861438261892,2.612561066628505,7.613473431686657,1.2484141757159506,6.365059255970706,12.177316186963516,2.46829888776654,9.709017299196976,15.208141080244086,3.1585244480774044,12.049616632166682,17.088851333204857,3.5456893693561753,13.543161963848682,18.216130845486944,3.7536349174451367,14.462495928041808,18.87378275483531,3.850872410130446,15.022910344704865,19.243893066281892,3.8773858154270258,15.366507250854866,19.438790109908677,3.8577663992008127,15.581023710707864,19.526977258662548,3.807797075281538,15.71918018338101
2025-01-29,False,2024-12-18,figure2_dotplot,19.0,1.0,1.111842105263158,0.4251445900369345,0.625,,,,1.1300000000000003,3.1300000000000003,2.0,0.5700000000000003,measured,2025-01-28,1.9797530331249078,3.979753033124908,0.9750627063651303,-0.13000000000000034,-0.9797530331249078,3.246900225273208,3.8416259727611646,-0.5947257474879564,2.816248133732202,3.723434608100984,-0.9071864743687819,2.4455968816880613,3.539652953895267,-1.0940560722072057,2.0931546016147884,3.340722357660475,-1.2475677560456866,1.7609416818499035,3.1491495165984595,-1.388207834748556,1.4553011832546758,2.9720246390729343,-1.5167234558182585,1.1794381808075904,2.810423265365536,-1.6309850845579454,0.9334615996535511,2.6633492442664775,-1.7298876446129263,0.7156149593630978,2.529247646823851,-1.8136326874607533,0.5232765399274086,2.4065529119869034,-1.8832763720594947,0.705074511777326,0.9681953882109795,-0.26312087643365345,-0.3734926409959982,0.6523243771713538,-1.025817018167352,-1.357616403056472,0.4033831013566136,-1.7609995044130855,-2.05532254052887,0.2347683301617387,-2.2900908706906087,-2.512807204231482,0.11972124049837163,-2.6325284447298536,-2.804981702992926,0.03962706157185636,-2.844608764564782,-2.990456422863197,-0.017020381329313494,-2.9734360415338834,-3.108389787574861,-0.057473421456144536,-3.0509163661187166,-3.1835873865766473,-0.0864718905874362,-3.097115495989211,-3.2315231360382057,-0.10721691258304133,-3.1243062234551644
2025-03-19,True,2024-12-18,figure2_dotplot,19.0,1.0,1.111842105263158,0.4251445900369345,0.625,2025-03-19,1.0,0.0,1.1300000000000003,3.1300000000000003,2.0,0.5200000000000005,measured,2025-03-18,1.9023621087586946,3.9023621087586946,0.8438309588825268,-0.13000000000000034,-0.9023621087586946,-2.5569164461177962,3.6644422725919945,-6.221358718709791,-6.003517678068082,0.8225904470489098,-6.826108125116992,-5.556687126245041,-0.15014143144149728,-5.406545694803544,-4.5731260563318,-0.5655639151228797,-4.00756214120892,-3.821206042261416,-0.7591135389118264,-3.0620925033495894,-3.3750655445719424,-0.8503477421997196,-2.5247178023722228,-3.159062276045521,-0.8898823253648214,-2.2691799506806998,-3.091122327012652,-0.9015831594599177,-2.1895391675527343,-3.1111416226433874,-0.897626442496513,-2.2135151801468744,-3.180060076412694,-0.8846244494499889,-2.295435626962705,-5.584181148855105,-0.10421945142384814,-5.479961697431257,-8.537690273923548,-2.493175288350713,-6.044514985572835,-8.024547847941754,-3.201592784092977,-4.822955063848777,-7.015457242572332,-3.41249793663172,-3.6029593059406118,-6.204179014904154,-3.433497233991778,-2.7706817809123763,-5.666855989971342,-3.373856367579542,-2.2929996223918003,-5.342337806086572,-3.278878704888477,-2.063459101198095,-5.1604364076604625,-3.16914187987245,-1.9912945277880123,-5.068462860938627,-3.054572073214823,-2.0138907877238044,-5.031347142448528,-2.940144191079286,-2.091202951369242
2025-05-07,False,2025-03-19,figure2_dotplot,19.0,1.0,1.111842105263158,0.4212581735153189,0.625,,,,,,,,,2025-05-06,1.730881910184479,3.730881910184479,1.4388476546831486,,-0.730881910184479,1.4740035602004653,3.5186819538883363,-2.044678393687871,-0.559756365147912,2.702914850567195,-3.262671215715107,-1.7454773213753327,2.2077642759480653,-3.953241597323398,-2.5386717084691757,1.8653101926748406,-4.403981901144016,-3.1221604153897076,1.6132176694909628,-4.73537808488067,-3.577423125109336,1.420195747120756,-4.997618872230092,-3.945435051579871,1.2680834701192634,-5.213518521699134,-4.249534927003573,1.1454216635166325,-5.394956590520206,-4.504544376658259,1.044580854964039,-5.549125231622298,-4.720685675224789,0.9602883113102756,-5.680973986535065,6.964188703934848,4.620958659863916,2.343230044070932,10.675480309582275,7.793252121463734,2.8822281881185408,11.222798827061808,8.82348910076538,2.399309726296428,10.681820763077754,9.052501444461658,1.629319318616096,9.806287915357137,8.952237287392961,0.8540506279641757,8.874701009442187,8.71284354192663,0.16185746751555818,7.9882607678342765,8.41684510766787,-0.4285843398335931,7.180056767429832,8.10197843199969,-0.921921664569858,6.456537730799461,7.786120470304914,-1.3295827395054527,5.813850481156191,7.477865165763564,-1.6640146846073733
2025-06-18,True,2025-03-19,figure2_dotplot,19.0,1.0,1.111842105263158,0.4212581735153189,0.625,2025-06-18,1.0,0.0,1.1300000000000003,3.1300000000000003,2.0,0.48,measured,2025-06-17,1.7702181972936657,3.7702181972936657,1.4218690558777274,-0.13000000000000034,-0.7702181972936657,-0.14438663467242208,0.9448466252393928,-1.0892332599118149,-1.1603437780019377,-0.063040470277409,-1.0973033077245287,-1.0574157963361142,-0.42580792773123655,-0.6316078686048776,-0.7251372475188589,-0.5689011966966362,-0.1562360508222227,-0.40508405798336256,-0.6224270761745476,0.21734301819118507,-0.14581833360720609,-0.6361079692657423,0.4902896356585362,0.055499578190243426,-0.6311717842685027,0.6866713624587462,0.2115788268249652,-0.6173630094280735,0.8289418362530387,0.3341823205128769,-0.5994060019103742,0.9335883224232511,0.4322002014284898,-0.579689984715337,1.0118901861438268,-3.1729805812854117,-1.6087236615162759,-1.5642569197691358,-4.410932529926459,-3.0978244242538366,-1.3131081056726224,-3.8278768943921015,-3.5005724811737693,-0.32730441321833226,-2.9304187940181414,-3.5527856210374242,0.6223668270192828,-2.1142196851271944,-3.4756633488235433,1.361443663696349,-1.4485559420016614,-3.3508219190785837,1.9022659770769224,-0.9183793708987587,-3.2111276383694154,2.2927482674706567,-0.49443078166895305,-3.070326735398332,2.575895953729379,-0.15095293185032332,-2.9341531440186586,2.7832002121683352,0.13156779350165237,-2.804839961103589,2.9364077546052414
2025-07-30,False,2025-06-18,figure2_dotplot,19.0,1.0,1.111842105263158,0.4212581735153189,0.625,,,,1.1300000000000003,3.1300000000000003,2.0,0.5,measured,2025-07-29,1.7403314429619954,3.7403314429619954,1.4171266622087364,-0.13000000000000034,-0.7403314429619954,6.236078543615342,4.6859259353577265,1.5501526082576156,6.964483849004743,5.215291728153115,1.7491921208516281,6.612412987541516,5.21171308162045,1.4006999059210656,6.0865736902135925,5.054589807620857,1.0319838825927352,5.6181618090993535,4.850347990850601,0.7678138182487526,5.243489668731138,4.63630801716115,0.6071816515699879,4.95029857207232,4.42660093502063,0.5236976370516899,4.7193249520840475,4.226520903791764,0.4928040482922835,4.534341280424314,4.037772008189888,0.49656927223442615,4.383390350336924,3.8605589479959956,0.5228314023409286,6.856024349665812,6.495983706092989,0.36004064357282317,6.819342222390823,6.560789002459311,0.25855321993151215,6.331668403176494,6.340025860460408,-0.008357457283914016,5.780407404365651,6.045715465737667,-0.265308061372016,5.274009289646742,5.742446193393969,-0.4684369037472269,4.834407651079653,5.451585203966758,-0.6171775528871049,4.45849083281642,5.179534911962103,-0.7210440791456829,4.137324844507084,4.927265470440112,-0.7899406259330277,3.861820623622858,4.693822539482806,-0.8320019158599479,3.6241453656733924,4.477664950060545,-0.8535195843871524
2025-09-17,True,2025-06-18,figure2_dotplot,19.0,1.0,1.111842105263158,0.4212581735153189,0.625,2025-09-17,1.0,0.0,1.1300000000000003,3.1300000000000003,2.0,0.5,measured,2025-09-16,1.6241134506075738,3.624113450607574,1.2825855971432745,-0.13000000000000034,-0.6241134506075738,0.9863828780039441,1.9881499251882762,-1.001767047184332,1.8928587220708337,2.5723324902948708,-0.679473768224037,2.7786458163610472,2.8358678694731854,-0.05722205311213813,3.2570213880431353,2.907071114935711,0.34995027310742444,3.395092591962756,2.88581103996961,0.509281551993146,3.3194288008678186,2.8211850850016873,0.49824371586613125,3.1276585210203045,2.7366797153528744,0.39097880566743015,2.8818592413254684,2.6438609282323,0.23799831309316843,2.61824894359437,2.548636241117963,0.06961270247640705,2.356748195486791,2.4541123922537267,-0.09736419676693586,1.5650414245686584,-1.56279923974032,3.1278406643089784,5.458154986038943,0.7929969227172595,4.665158063321684,6.972378589585615,1.8078137409533568,5.164564848632258,7.5510605059248,2.281138633928226,5.269921871996575,7.745033292828962,2.5020966956598834,5.242936597169079,7.774569363024497,2.5942325347415807,5.1803368282829165,7.732525837393123,2.6160782466841503,5.116447590708972,7.66017279446114,2.5977374722581104,5.062435322203029,7.576700176818907,2.5557930685844887,5.020907108234418,7.491287299597715,2.4999096190662318,4.991377680531484
2025-10-29,False,2025-09-17,figure2_dotplot,19.0,1.0,1.118421052631579,0.3727425124793498,0.5625,,,,1.1300000000000003,3.1300000000000003,2.0,0.5,measured,2025-10-28,1.654118324591181,3.654118324591181,1.1159790041825404,-0.13000000000000034,-0.654118324591181,9.549789322445479,7.406842057786367,2.142947264659112,10.679345353392877,8.055464415921598,2.623880937471279,10.398960448470973,8.01759973561782,2.3813607128531533,9.832301871185756,7.7740695669362925,2.0582323042494632,9.28842482912371,7.465844613833417,1.8225802152902926,8.83172104343406,7.143774408247738,1.6879466351863215,8.45986966278347,6.827611544863643,1.632258117919827,8.15678654168246,6.525013172331695,1.6317733693507641,7.906870399556576,6.238618905005122,1.6682514945514537,7.697838805852886,5.968915385484053,1.728923420368833,10.876369934089025,7.852703474053735,3.0236664600352903,11.769817303992847,7.760592403040389,4.009224900952457,11.5995430399908,7.44545639684735,4.154086643143451,11.31456110025324,7.110557070233048,4.204004030020192,11.120722262993077,6.78639917199062,4.334323091002457,11.026860049508569,6.478845178895609,4.54801487061296,11.0031657908217,6.188796652157746,4.814369138663954,11.021479516075194,5.915858998795764,5.10562051727943,11.062201225817025,5.659236325959505,5.402964899857521,11.113091435830214,5.4180064815331885,5.695084954297025
2025-12-10,True,2025-09-17,figure2_dotplot,19.0,1.0,1.118421052631579,0.3727425124793498,0.5625,2025-12-10,1.0,0.0,,,,,,2025-12-09,1.6730123973110906,3.6730123973110906,1.3415308981106824,,-0.6730123973110906,-2.4320898509504474,3.0880195087593876,-5.520109359709835,-7.514268877084351,-1.5126986240933338,-6.0015702529910175,-7.2881895005951325,-3.160649678880123,-4.127539821715009,-5.919259120290121,-3.793481237786489,-2.125777882503632,-4.559568810106374,-4.009309144583728,-0.5502596655226455,-3.4516969146372922,-4.038420412642507,0.586723498005215,-2.592187062003415,-3.979945453977729,1.3877583919743142,-1.927891400209436,-3.879837438531819,1.951946038322383,-1.4079500276737988,-3.760631104914225,2.352681077240426,-0.993627985859824,-3.633867383265077,2.640239397405253,-6.997087618437137,-6.511348570365216,-0.48573904807192037,-8.1033692198333,-7.8468803499573525,-0.2564888698759482,-7.688860146803034,-8.091655737361014,0.40279559055798053,-6.835994829659864,-7.951521042617626,1.1155262129577626,-5.9177455663266265,-7.672705262895763,1.754959696569136,-5.055846687758514,-7.350362409558908,2.294515721800394,-4.283614540566916,-7.022806014169092,2.739191473602176,-3.603611162118092,-6.7054778275029925,3.1018666653849003,-3.008319815165539,-6.404217853314664,3.3958980381491255,-2.487621441086496,-6.120735699963831,3.6331142588773346
2026-01-28,False,2025-12-10,figure2_dotplot,19.0,1.0,1.131578947368421,0.3638104358604866,0.4375,,,,1.1,3.1,2.0,0.3799999999999999,measured,2026-01-27,1.6917875657938168,3.691787565793817,1.3549399219017637,-0.10000000000000009,-0.6917875657938168,1.6759865139453378,0.99519033717681,0.6807961767685278,1.655088235065083,0.6723032895000092,0.9827849455650739,1.6811446464422897,0.5212400994664801,1.1599045469758096,1.7708556883806459,0.4471719728389889,1.323683715541657,1.899001219752483,0.4064749810879231,1.49252623866456,2.0424339374631284,0.380609162927259,1.6618247745358694,2.1865138337935797,0.3616118629149234,1.8249019708786562,2.323389137147558,0.34598349866854505,1.9774056384790129,2.44947669323059,0.3321541466664524,2.1173225465641377,2.5636155464504817,0.31940967810810683,2.244205868342375,-0.9404009290534088,-2.928350836624549,1.9879499075711404,-1.4969902152759396,-3.699930715789179,2.2029405005132396,-2.0131393895785887,-3.980567653904865,1.9674282643262764,-2.1166809691210986,-4.004313755643629,1.8876327865225306,-1.8974437491102947,-3.9167135590581825,2.019269809947888,-1.494102102242012,-3.7841931306337173,2.2900910283917053,-1.0084535839349762,-3.6362394556074484,2.6277858716724722,-0.5023160628501167,-3.486030908721105,2.9837148458709883,-0.009529771761851435,-3.3394504480086074,3.329920676246756,0.45318105534306596,-3.1990319289119107,3.6522129842549766
2026-03-18,True,2025-12-10,figure2_dotplot,19.0,1.0,1.131578947368421,0.3638104358604866,0.4375,2026-03-18,1.125,0.125,1.1300000000000003,3.1300000000000003,2.0,0.3799999999999999,measured,2026-03-17,1.6911015461012013,3.6911015461012013,1.3060551292611384,-0.13000000000000034,-0.6911015461012013,5.641034853527049,6.159049123736349,-0.5180142702092994,7.278162458126536,7.209913863772011,0.06824859435452524,8.319004896345294,7.530774299158072,0.7882305971872228,8.69522478720226,7.504431198393879,1.190793588808381,8.622663079695858,7.327175561165777,1.2954875185300807,8.299228335987285,7.087230672910039,1.2119976630772467,7.856451191715763,6.824616952076035,1.0318342396397284,7.371864124825223,6.558007891318551,0.8138562335066712,6.8879841384244855,6.296295888921666,0.5916882495028197,6.426507778132429,6.043699930397617,0.3828078477348118,11.728549580312464,13.741907902842954,-2.0133583225304896,12.030285033277499,14.47404974169646,-2.4437647084189607,11.942737654939917,14.359590391699806,-2.416852736759889,11.341403591090327,13.891919071688807,-2.550515480598481,10.418977310561983,13.305316116891008,-2.886338806329025,9.357880543715202,12.69651749691958,-3.338636953204377,8.275719352170263,12.10391244547897,-3.828193093308707,7.236933338996199,11.541674538855595,-4.3047411998593965,6.272056480365329,11.01389467202818,-4.7418381916628505,5.39215163182778,10.520499084902557,-5.1283474530747775
2026-04-29,False,2026-03-18,figure2_dotplot,19.0,1.125,1.1644736842105263,0.3370065388122552,0.375,,,,1.1300000000000003,3.1300000000000003,2.0,0.3799999999999999,measured,2026-04-28,1.7703132248754514,3.7703132248754514,1.307821349091796,-0.0050000000000003375,-0.6453132248754514,5.624956375671619,5.745128191115523,-0.12017181544390354,6.768623573645538,6.296173623374157,0.4724499502713808,7.544353087600308,6.4156150840458,1.128738003554508,7.862219076114396,6.324000044081224,1.5382190320331723,7.861252824689391,6.141744437405894,1.719508387283497,7.677545576258282,5.923738211776186,1.7538073644820962,7.40350837108581,5.694985404839947,1.7085229662458623,7.094391703430247,5.467128425928447,1.6272632775018003,6.780945104329916,5.245648937677716,1.5352961666522003,6.479200813573627,5.033070325839839,1.4461304877337877,1.498919263837184,0.856098966051233,0.642820297785951,2.4593737277947447,1.110267928757036,1.3491057990377087,3.183604103822546,1.2479467118607257,1.9356573919618203,3.6606069964612242,1.3110184541852643,2.34958854227596,3.9586759958919693,1.3317291568609058,2.6269468390310635,4.140692638197052,1.3278808435873035,2.8128117946097486,4.25030035360674,1.3094129980982583,2.9408873555084813,4.3152082921545265,1.2821567742458573,3.0330515179086692,4.352475863425642,1.2496962432249514,3.1027796202006908,4.372539516470564,1.2143142645057114,3.1582252519648524
2026-06-17,False,2026-03-18,figure2_dotplot,19.0,1.125,1.1644736842105263,0.3370065388122552,0.375,,,,1.1300000000000003,3.1300000000000003,2.0,0.5000000000000004,measured,2026-06-16,1.8768206894450046,3.8768206894450046,1.1219692420329217,-0.0050000000000003375,-0.7518206894450046,14.781072248960303,16.58200377176202,-1.8009315228017186,14.23762058597804,16.5970746022547,-2.359454016276663,13.601640975985063,16.08174877917934,-2.480107803194276,12.70269681021059,15.369207452412503,-2.6665106422019136,11.64653208402111,14.617357137503406,-2.9708250534822955,10.54806543383311,13.887382582203989,-3.3393171483708795,9.48157117882129,13.20016676334479,-3.7185955845234986,8.485674252368014,12.56062171562271,-4.074947463254697,7.576093148100238,11.967573691185152,-4.3914805430849135,6.755604930120018,11.417751304010482,-4.662146373890463,13.221493084076208,15.581597760271482,-2.3601046761952738,11.860531148414477,15.438666891312236,-3.578135742897759,10.557184336325776,14.829722642161247,-4.272538305835472,9.202151427618421,14.076335006530893,-4.874183578912472,7.8534208446574105,13.31569386016267,-5.462273015505259,6.5717132059528005,12.596170812225838,-6.024457606273037,5.391501680548139,11.93107470477397,-6.539573024225831,4.3254733871607165,11.32069968481244,-6.995226297651724,3.3731263322554383,10.760954818991486,-7.387828486736048,2.527199355842935,10.246674846468462,-7.719475490625527
2026-07-29,False,2026-03-18,figure2_dotplot,19.0,1.125,1.1644736842105263,0.3370065388122552,0.375,,,,,,,,,2026-07-28,1.9462333733494859,3.946233373349486,1.2266763050633198,,-0.8212333733494859,-4.58377528541245,-8.031741569886641,3.447966284474191,-2.8464214366728413,-8.347314893277602,5.500893456604761,-1.2605341199340536,-8.101001514990713,6.84046739505666,0.26436632377784264,-7.670553613797582,7.934919937575424,1.7005894935439692,-7.2075941304223345,8.908183623966304,3.0176953448187938,-6.765804844671752,9.783500189490546,4.202447172143753,-6.361037804588543,10.563484976732296,5.255488720118873,-5.995141846665453,11.250630566784325,6.185316128053486,-5.665187111689818,11.850503239743304,7.003882223015179,-5.366992729664544,12.370874952679722,-5.68422898913532,-9.179226346644853,3.4949973575095328,-3.0787974710910326,-9.01701454944659,5.938217078355557,-0.8180201751502914,-8.493879455458186,7.675859280307895,1.1306256506523837,-7.901019415872401,9.031645066524785,2.8039302078523676,-7.337285335664179,10.141215543516546,4.23904005633382,-6.829745827849543,11.068785884183363,5.470725841864876,-6.3804320066731535,11.85115784853803,6.529962397599842,-5.983554905353561,12.513517302953403,7.44352104209538,-5.631690057176142,13.075211099271522,8.234129951330882,-5.317862463271705,13.551992414602587
