date,proj_id,person,participant_raw,horizon,gdp,unemp,pce,core_pce,ffr,ffr_exact
2012-01-25,1,Rosengren,Eric Rosengren Boston FRB,2012,2.4,8.5,1.5,1.5,0.13,0.125
2012-01-25,2,Pianalto,Sandra Pianalto Cleveland FRB,2012,2.5,8.2,1.5,1.5,0.13,0.125
2012-01-25,3,Raskin,Sarah Bloom Raskin Board of Governors,2012,2.1,8.6,1.4,1.5,0.13,0.125
2012-01-25,4,Bernanke,Chairman Bernanke Board of Governors,2012,2.3,8.4,1.6,1.5,0.13,0.125
2012-01-25,5,Lockhart,Dennis P Lockhart Atlanta FRB,2012,2.7,8.3,1.9,1.8,0.13,0.125
2012-01-25,6,Lacker,Jeffrey Lacker Richmond FRB,2012,2.3,8.5,1.8,1.9,0.13,0.125
2012-01-25,7,Duke,Elizabeth A Duke Board of Governors,2012,2.9,8.3,1.4,1.5,0.13,0.125
2012-01-25,8,Williams,John C Williams San Francisco FRB,2012,2.2,8.3,1.5,1.5,0.13,0.125
2012-01-25,9,Yellen,Janet Yellen Board of Governors,2012,2.1,8.6,1.4,1.5,0.13,0.125
2012-01-25,10,Kocherlakota,Narayana Kocherlakota Minneapolis FRB,2012,2.6,8.2,1.8,1.9,0.5,0.5
2012-01-25,11,Bullard,James Bullard St. Louis FRB,2012,3.0,7.8,2.5,1.8,0.13,0.125
2012-01-25,12,Dudley,William Dudley New York FRB,2012,2.6,8.0,1.3,1.3,0.13,0.125
2012-01-25,13,Evans,Charles L Evans Chicago FRB,2012,2.6,8.4,1.4,1.5,0.13,0.125
2012-01-25,14,Fisher,Richard Fisher Dallas FRB,2012,2.5,8.4,1.8,1.8,1.0,1.0
2012-01-25,15,George,Esther George Kansas City FRB,2012,2.4,8.3,1.7,1.6,0.13,0.125
2012-01-25,16,Tarullo,Daniel Tarullo Board of Governors,2012,2.2,8.6,1.5,1.6,0.13,0.125
2012-01-25,17,Plosser,Charles Plosser Philadelphia FRB,2012,3.0,7.8,2.0,2.0,1.0,1.0
2012-01-25,1,Rosengren,Eric Rosengren Boston FRB,2013,3.0,8.1,1.4,1.4,0.13,0.125
2012-01-25,2,Pianalto,Sandra Pianalto Cleveland FRB,2013,2.9,7.7,1.8,1.6,0.13,0.125
2012-01-25,3,Raskin,Sarah Bloom Raskin Board of Governors,2013,2.4,8.2,1.4,1.4,0.13,0.125
2012-01-25,4,Bernanke,Chairman Bernanke Board of Governors,2013,2.7,8.1,1.8,1.6,0.13,0.125
2012-01-25,5,Lockhart,Dennis P Lockhart Atlanta FRB,2013,3.0,7.7,2.0,1.9,0.13,0.125
2012-01-25,6,Lacker,Jeffrey Lacker Richmond FRB,2013,2.8,8.1,2.0,2.0,0.75,0.75
2012-01-25,7,Duke,Elizabeth A Duke Board of Governors,2013,3.4,7.3,1.4,1.5,0.13,0.125
2012-01-25,8,Williams,John C Williams San Francisco FRB,2013,2.8,8.1,1.4,1.5,0.13,0.125
2012-01-25,9,Yellen,Janet Yellen Board of Governors,2013,2.9,8.0,1.4,1.5,0.13,0.125
2012-01-25,10,Kocherlakota,Narayana Kocherlakota Minneapolis FRB,2013,3.0,7.6,2.1,2.0,1.0,1.0
2012-01-25,11,Bullard,James Bullard St. Louis FRB,2013,3.8,7.0,2.3,2.0,0.75,0.75
2012-01-25,12,Dudley,William Dudley New York FRB,2013,3.3,7.4,1.6,1.6,0.13,0.125
2012-01-25,13,Evans,Charles L Evans Chicago FRB,2013,3.0,8.1,1.5,1.5,0.13,0.125
2012-01-25,14,Fisher,Richard Fisher Dallas FRB,2013,3.2,7.8,2.0,2.0,1.9,1.9
2012-01-25,15,George,Esther George Kansas City FRB,2013,3.1,7.8,1.8,1.8,0.5,0.5
2012-01-25,16,Tarullo,Daniel Tarullo Board of Governors,2013,3.0,8.2,1.5,1.4,0.13,0.125
2012-01-25,17,Plosser,Charles Plosser Philadelphia FRB,2013,3.0,7.0,2.0,2.0,1.75,1.75
2012-01-25,1,Rosengren,Eric Rosengren Boston FRB,2014,3.7,7.6,1.5,1.4,0.13,0.125
2012-01-25,2,Pianalto,Sandra Pianalto Cleveland FRB,2014,2.8,7.2,2.0,1.8,0.75,0.75
2012-01-25,3,Raskin,Sarah Bloom Raskin Board of Governors,2014,4.0,7.6,1.5,1.5,0.13,0.125
2012-01-25,4,Bernanke,Chairman Bernanke Board of Governors,2014,2.9,7.7,1.9,1.7,0.13,0.125
2012-01-25,5,Lockhart,Dennis P Lockhart Atlanta FRB,2014,3.3,7.1,2.0,2.0,1.0,1.0
2012-01-25,6,Lacker,Jeffrey Lacker Richmond FRB,2014,3.4,7.6,2.0,2.0,2.0,2.0
2012-01-25,7,Duke,Elizabeth A Duke Board of Governors,2014,3.7,6.7,1.8,1.7,1.0,1.0
2012-01-25,8,Williams,John C Williams San Francisco FRB,2014,3.4,7.4,1.5,1.5,0.5,0.5
2012-01-25,9,Yellen,Janet Yellen Board of Governors,2014,4.1,7.3,1.6,1.6,0.13,0.125
2012-01-25,10,Kocherlakota,Narayana Kocherlakota Minneapolis FRB,2014,3.4,7.0,2.1,2.0,1.5,1.5
2012-01-25,11,Bullard,James Bullard St. Louis FRB,2014,3.5,6.5,2.0,2.0,2.75,2.75
2012-01-25,12,Dudley,William Dudley New York FRB,2014,4.3,6.6,2.0,2.0,0.5,0.5
2012-01-25,13,Evans,Charles L Evans Chicago FRB,2014,4.2,7.3,1.7,1.6,0.13,0.125
2012-01-25,14,Fisher,Richard Fisher Dallas FRB,2014,3.6,7.0,2.0,2.0,2.5,2.5
2012-01-25,15,George,Esther George Kansas City FRB,2014,3.4,7.1,1.9,1.9,2.5,2.5
2012-01-25,16,Tarullo,Daniel Tarullo Board of Governors,2014,3.3,7.6,1.6,1.6,0.13,0.125
2012-01-25,17,Plosser,Charles Plosser Philadelphia FRB,2014,3.0,6.3,2.0,2.0,2.5,2.5
2012-01-25,9,Yellen,Janet Yellen Board of Governors,2015,4.6,6.5,1.7,1.7,0.5,0.5
2012-01-25,13,Evans,Charles L Evans Chicago FRB,2015,4.2,6.3,1.7,1.7,0.5,0.5
2012-01-25,16,Tarullo,Daniel Tarullo Board of Governors,2016,3.5,6.5,2.9,2.6,1.75,1.75
2012-01-25,1,Rosengren,Eric Rosengren Boston FRB,LR,2.5,5.2,2.0,,4.0,4.0
2012-01-25,2,Pianalto,Sandra Pianalto Cleveland FRB,LR,2.6,6.0,2.0,,4.0,4.0
2012-01-25,3,Raskin,Sarah Bloom Raskin Board of Governors,LR,3.0,5.4,2.0,,3.8,3.8
2012-01-25,4,Bernanke,Chairman Bernanke Board of Governors,LR,2.4,5.5,2.0,,4.2,4.2
2012-01-25,5,Lockhart,Dennis P Lockhart Atlanta FRB,LR,2.5,5.2,2.0,,4.5,4.5
2012-01-25,6,Lacker,Jeffrey Lacker Richmond FRB,LR,2.5,6.0,2.0,,4.5,4.5
2012-01-25,7,Duke,Elizabeth A Duke Board of Governors,LR,2.5,5.5,2.0,,4.5,4.5
2012-01-25,8,Williams,John C Williams San Francisco FRB,LR,2.2,5.5,2.0,,4.2,4.2
2012-01-25,9,Yellen,Janet Yellen Board of Governors,LR,2.5,5.3,2.0,,4.0,4.0
2012-01-25,10,Kocherlakota,Narayana Kocherlakota Minneapolis FRB,LR,2.6,6.0,2.0,,4.0,4.0
2012-01-25,11,Bullard,James Bullard St. Louis FRB,LR,2.3,6.0,2.0,,4.25,4.25
2012-01-25,12,Dudley,William Dudley New York FRB,LR,2.3,5.0,2.0,,4.0,4.0
2012-01-25,13,Evans,Charles L Evans Chicago FRB,LR,2.5,5.2,2.0,,4.5,4.5
2012-01-25,14,Fisher,Richard Fisher Dallas FRB,LR,2.7,5.5,2.0,,4.0,4.0
2012-01-25,15,George,Esther George Kansas City FRB,LR,2.5,5.5,2.0,,4.5,4.5
2012-01-25,16,Tarullo,Daniel Tarullo Board of Governors,LR,2.3,5.4,2.0,,4.0,4.0
2012-01-25,17,Plosser,Charles Plosser Philadelphia FRB,LR,2.7,6.0,2.0,,4.5,4.5
2012-04-25,1,Bernanke,Chairman Bernanke Board of Governors,2012,2.5,8.0,1.9,1.8,0.13,0.125
2012-04-25,2,Rosengren,Eric Rosengren Boston FRB,2012,2.3,8.1,1.9,1.8,0.13,0.125
2012-04-25,3,Yellen,Janet Yellen Board of Governors,2012,2.7,8.0,2.0,2.0,0.13,0.125
2012-04-25,4,Evans,Charles L Evans Chicago FRB,2012,2.8,8.0,1.9,1.8,0.13,0.125
2012-04-25,5,Tarullo,Daniel Tarullo Board of Governors,2012,2.3,8.2,1.8,1.7,0.13,0.125
2012-04-25,6,Dudley,William Dudley New York FRB,2012,2.7,7.8,2.0,1.8,0.13,0.125
2012-04-25,7,George,Esther George Kansas City FRB,2012,2.4,7.9,1.8,1.9,0.13,0.125
2012-04-25,8,Lacker,Jeffrey Lacker Richmond FRB,2012,2.7,7.9,2.0,2.0,0.13,0.125
2012-04-25,9,Lockhart,Dennis P Lockhart Atlanta FRB,2012,2.9,7.9,2.1,1.9,0.13,0.125
2012-04-25,10,Plosser,Charles Plosser Philadelphia FRB,2012,3.0,7.8,2.0,2.0,1.0,1.0
2012-04-25,11,Pianalto,Sandra Pianalto Cleveland FRB,2012,3.0,8.0,2.1,1.9,0.13,0.125
2012-04-25,12,Bullard,James Bullard St. Louis FRB,2012,3.0,7.8,2.3,1.8,0.13,0.125
2012-04-25,13,Duke,Elizabeth A Duke Board of Governors,2012,2.8,7.9,1.9,1.9,0.13,0.125
2012-04-25,14,Williams,John C Williams San Francisco FRB,2012,2.6,8.0,1.9,1.8,0.13,0.125
2012-04-25,15,Raskin,Sarah Bloom Raskin Board of Governors,2012,2.1,8.2,1.9,1.8,0.13,0.125
2012-04-25,16,Kocherlakota,Narayana Kocherlakota Minneapolis FRB,2012,2.7,7.8,2.0,2.0,1.25,1.25
2012-04-25,17,Fisher,Richard Fisher Dallas FRB,2012,2.5,8.0,2.0,1.9,0.5,0.5
2012-04-25,1,Bernanke,Chairman Bernanke Board of Governors,2013,2.6,7.7,1.8,1.8,0.13,0.125
2012-04-25,2,Rosengren,Eric Rosengren Boston FRB,2013,2.8,7.8,1.5,1.7,0.13,0.125
2012-04-25,3,Yellen,Janet Yellen Board of Governors,2013,3.1,7.5,1.8,1.9,0.13,0.125
2012-04-25,4,Evans,Charles L Evans Chicago FRB,2013,3.0,7.7,1.6,1.7,0.13,0.125
2012-04-25,5,Tarullo,Daniel Tarullo Board of Governors,2013,2.7,7.8,1.7,1.6,0.13,0.125
2012-04-25,6,Dudley,William Dudley New York FRB,2013,2.9,7.2,2.0,1.9,0.13,0.125
2012-04-25,7,George,Esther George Kansas City FRB,2013,3.1,7.3,1.9,1.9,1.0,1.0
2012-04-25,8,Lacker,Jeffrey Lacker Richmond FRB,2013,3.0,7.5,2.0,2.0,1.0,1.0
2012-04-25,9,Lockhart,Dennis P Lockhart Atlanta FRB,2013,3.0,7.3,2.0,2.0,0.13,0.125
2012-04-25,10,Plosser,Charles Plosser Philadelphia FRB,2013,3.0,7.0,2.0,2.0,1.75,1.75
2012-04-25,11,Pianalto,Sandra Pianalto Cleveland FRB,2013,3.0,7.5,2.1,1.9,0.13,0.125
2012-04-25,12,Bullard,James Bullard St. Louis FRB,2013,3.8,7.0,2.1,2.0,0.75,0.75
2012-04-25,13,Duke,Elizabeth A Duke Board of Governors,2013,3.4,7.3,1.6,1.8,0.13,0.125
2012-04-25,14,Williams,John C Williams San Francisco FRB,2013,2.7,7.6,1.6,1.7,0.13,0.125
2012-04-25,15,Raskin,Sarah Bloom Raskin Board of Governors,2013,2.4,8.1,1.5,1.7,0.13,0.125
2012-04-25,16,Kocherlakota,Narayana Kocherlakota Minneapolis FRB,2013,3.0,7.3,2.1,2.1,1.75,1.75
2012-04-25,17,Fisher,Richard Fisher Dallas FRB,2013,3.2,7.5,2.0,2.0,1.25,1.25
2012-04-25,1,Bernanke,Chairman Bernanke Board of Governors,2014,3.0,7.4,1.8,1.9,0.5,0.5
2012-04-25,2,Rosengren,Eric Rosengren Boston FRB,2014,3.2,7.4,1.7,1.7,0.13,0.125
2012-04-25,3,Yellen,Janet Yellen Board of Governors,2014,3.5,7.0,1.8,2.0,0.13,0.125
2012-04-25,4,Evans,Charles L Evans Chicago FRB,2014,4.0,7.1,1.7,1.7,0.13,0.125
2012-04-25,5,Tarullo,Daniel Tarullo Board of Governors,2014,3.3,7.4,2.0,1.8,0.5,0.5
2012-04-25,6,Dudley,William Dudley New York FRB,2014,4.3,6.4,2.0,2.0,0.5,0.5
2012-04-25,7,George,Esther George Kansas City FRB,2014,3.4,6.7,2.0,2.0,2.5,2.5
2012-04-25,8,Lacker,Jeffrey Lacker Richmond FRB,2014,3.5,7.2,2.0,2.0,2.5,2.5
2012-04-25,9,Lockhart,Dennis P Lockhart Atlanta FRB,2014,3.3,6.7,2.0,2.0,2.0,2.0
2012-04-25,10,Plosser,Charles Plosser Philadelphia FRB,2014,3.0,6.3,2.0,2.0,2.5,2.5
2012-04-25,11,Pianalto,Sandra Pianalto Cleveland FRB,2014,2.9,7.2,2.2,2.0,1.0,1.0
2012-04-25,12,Bullard,James Bullard St. Louis FRB,2014,3.5,6.5,2.0,2.0,2.75,2.75
2012-04-25,13,Duke,Elizabeth A Duke Board of Governors,2014,3.7,6.8,1.6,1.8,1.5,1.5
2012-04-25,14,Williams,John C Williams San Francisco FRB,2014,3.1,7.1,1.7,1.8,1.0,1.0
2012-04-25,15,Raskin,Sarah Bloom Raskin Board of Governors,2014,3.3,7.7,1.5,1.7,0.13,0.125
2012-04-25,16,Kocherlakota,Narayana Kocherlakota Minneapolis FRB,2014,3.2,6.7,2.2,2.2,2.25,2.25
2012-04-25,17,Fisher,Richard Fisher Dallas FRB,2014,3.6,7.0,2.0,2.0,2.0,2.0
2012-04-25,2,Rosengren,Eric Rosengren Boston FRB,2015,3.7,6.8,1.7,1.6,1.5,1.5
2012-04-25,1,Bernanke,Chairman Bernanke Board of Governors,LR,2.4,5.5,2.0,,4.4,4.4
2012-04-25,2,Rosengren,Eric Rosengren Boston FRB,LR,2.5,5.2,2.0,,4.0,4.0
2012-04-25,3,Yellen,Janet Yellen Board of Governors,LR,2.5,5.3,2.0,,4.0,4.0
2012-04-25,4,Evans,Charles L Evans Chicago FRB,LR,2.5,5.2,2.0,,4.5,4.5
2012-04-25,5,Tarullo,Daniel Tarullo Board of Governors,LR,2.3,5.4,2.0,,4.0,4.0
2012-04-25,6,Dudley,William Dudley New York FRB,LR,2.3,4.9,2.0,,3.5,3.5
2012-04-25,7,George,Esther George Kansas City FRB,LR,2.5,5.5,2.0,,4.5,4.5
2012-04-25,8,Lacker,Jeffrey Lacker Richmond FRB,LR,2.5,6.0,2.0,,4.5,4.5
2012-04-25,9,Lockhart,Dennis P Lockhart Atlanta FRB,LR,2.5,5.2,2.0,,4.5,4.5
2012-04-25,10,Plosser,Charles Plosser Philadelphia FRB,LR,2.7,6.0,2.0,,4.5,4.5
2012-04-25,11,Pianalto,Sandra Pianalto Cleveland FRB,LR,2.6,6.0,2.0,,4.0,4.0
2012-04-25,12,Bullard,James Bullard St. Louis FRB,LR,2.3,6.0,2.0,,4.25,4.25
2012-04-25,13,Duke,Elizabeth A Duke Board of Governors,LR,2.5,6.0,2.0,,4.5,4.5
2012-04-25,14,Williams,John C Williams San Francisco FRB,LR,2.2,5.5,2.0,,4.2,4.2
2012-04-25,15,Raskin,Sarah Bloom Raskin Board of Governors,LR,3.0,5.4,2.0,,3.8,3.8
2012-04-25,16,Kocherlakota,Narayana Kocherlakota Minneapolis FRB,LR,2.5,6.0,2.0,,4.0,4.0
2012-04-25,17,Fisher,Richard Fisher Dallas FRB,LR,2.7,5.5,2.0,,4.0,4.0
2012-06-20,1,Evans,Charles L Evans Chicago FRB,2012,2.0,8.2,1.4,1.7,0.13,0.125
2012-06-20,2,George,Esther George Kansas City FRB,2012,2.0,8.1,1.6,1.8,0.13,0.125
2012-06-20,3,Dudley,William Dudley New York FRB,2012,2.1,8.0,1.4,1.8,0.13,0.125
2012-06-20,4,Yellen,Janet Yellen Board of Governors,2012,2.0,8.1,1.3,1.9,0.13,0.125
2012-06-20,5,Raskin,Sarah Bloom Raskin Board of Governors,2012,2.0,8.2,1.2,1.7,0.13,0.125
2012-06-20,6,Tarullo,Daniel Tarullo Board of Governors,2012,1.7,8.3,1.3,1.7,0.13,0.125
2012-06-20,7,Kocherlakota,Narayana Kocherlakota Minneapolis FRB,2012,2.2,7.9,1.2,2.0,0.75,0.75
2012-06-20,8,Bullard,James Bullard St. Louis FRB,2012,2.4,7.9,2.0,2.0,0.13,0.125
2012-06-20,9,Lacker,Jeffrey Lacker Richmond FRB,2012,2.0,8.0,1.4,1.9,0.13,0.125
2012-06-20,10,Plosser,Charles Plosser Philadelphia FRB,2012,2.5,7.8,2.0,2.0,0.5,0.5
2012-06-20,11,Duke,Elizabeth A Duke Board of Governors,2012,1.9,8.2,1.2,1.8,0.13,0.125
2012-06-20,12,Bernanke,Chairman Bernanke Board of Governors,2012,2.0,8.2,1.4,1.8,0.13,0.125
2012-06-20,13,Powell,Jerome Powell Board of Governors,2012,1.9,8.2,1.2,1.7,0.13,0.125
2012-06-20,14,Williams,John C Williams San Francisco FRB,2012,2.0,8.1,1.3,1.8,0.13,0.125
2012-06-20,15,Pianalto,Sandra Pianalto Cleveland FRB,2012,2.4,8.2,1.5,1.8,0.13,0.125
2012-06-20,16,Rosengren,Eric Rosengren Boston FRB,2012,1.6,8.4,1.2,1.7,0.13,0.125
2012-06-20,17,Lockhart,Dennis P Lockhart Atlanta FRB,2012,2.4,8.0,1.7,2.0,0.13,0.125
2012-06-20,18,Stein,Jeremy C Stein Board of Governors,2012,1.9,8.2,1.2,1.7,0.13,0.125
2012-06-20,19,Fisher,Richard Fisher Dallas FRB,2012,2.2,8.0,1.7,1.9,0.5,0.5
2012-06-20,1,Evans,Charles L Evans Chicago FRB,2013,2.3,8.1,1.6,1.7,0.13,0.125
2012-06-20,2,George,Esther George Kansas City FRB,2013,2.8,7.6,1.8,1.8,1.0,1.0
2012-06-20,3,Dudley,William Dudley New York FRB,2013,2.6,7.5,1.9,1.8,0.13,0.125
2012-06-20,4,Yellen,Janet Yellen Board of Governors,2013,2.7,7.7,2.0,2.1,0.13,0.125
2012-06-20,5,Raskin,Sarah Bloom Raskin Board of Governors,2013,2.2,8.0,1.5,1.6,0.13,0.125
2012-06-20,6,Tarullo,Daniel Tarullo Board of Governors,2013,2.2,8.0,1.5,1.4,0.13,0.125
2012-06-20,7,Kocherlakota,Narayana Kocherlakota Minneapolis FRB,2013,2.5,7.5,2.1,2.1,1.25,1.25
2012-06-20,8,Bullard,James Bullard St. Louis FRB,2013,3.5,7.0,2.0,2.0,0.75,0.75
2012-06-20,9,Lacker,Jeffrey Lacker Richmond FRB,2013,2.7,7.8,2.0,2.0,0.5,0.5
2012-06-20,10,Plosser,Charles Plosser Philadelphia FRB,2013,3.0,7.0,2.0,2.0,1.75,1.75
2012-06-20,11,Duke,Elizabeth A Duke Board of Governors,2013,2.2,8.0,1.5,1.7,0.13,0.125
2012-06-20,12,Bernanke,Chairman Bernanke Board of Governors,2013,2.2,8.0,1.7,1.7,0.13,0.125
2012-06-20,13,Powell,Jerome Powell Board of Governors,2013,2.5,7.8,1.8,1.8,0.13,0.125
2012-06-20,14,Williams,John C Williams San Francisco FRB,2013,2.3,7.9,1.7,1.7,0.13,0.125
2012-06-20,15,Pianalto,Sandra Pianalto Cleveland FRB,2013,2.8,7.6,1.8,1.7,0.13,0.125
2012-06-20,16,Rosengren,Eric Rosengren Boston FRB,2013,2.5,8.1,1.5,1.5,0.13,0.125
2012-06-20,17,Lockhart,Dennis P Lockhart Atlanta FRB,2013,2.7,7.6,2.0,2.0,0.13,0.125
2012-06-20,18,Stein,Jeremy C Stein Board of Governors,2013,2.6,7.8,1.5,1.6,0.13,0.125
2012-06-20,19,Fisher,Richard Fisher Dallas FRB,2013,3.0,7.5,2.0,2.0,1.25,1.25
2012-06-20,1,Evans,Charles L Evans Chicago FRB,2014,3.5,7.5,1.8,1.8,0.13,0.125
2012-06-20,2,George,Esther George Kansas City FRB,2014,3.4,7.0,1.9,1.9,2.5,2.5
2012-06-20,3,Dudley,William Dudley New York FRB,2014,4.0,6.7,2.0,2.0,0.5,0.5
2012-06-20,4,Yellen,Janet Yellen Board of Governors,2014,3.5,7.2,2.0,2.1,0.13,0.125
2012-06-20,5,Raskin,Sarah Bloom Raskin Board of Governors,2014,3.1,7.7,1.5,1.6,0.13,0.125
2012-06-20,6,Tarullo,Daniel Tarullo Board of Governors,2014,3.3,7.7,1.5,1.5,0.13,0.125
2012-06-20,7,Kocherlakota,Narayana Kocherlakota Minneapolis FRB,2014,3.0,7.0,2.2,2.2,1.75,1.75
2012-06-20,8,Bullard,James Bullard St. Louis FRB,2014,3.0,6.5,2.0,2.0,2.75,2.75
2012-06-20,9,Lacker,Jeffrey Lacker Richmond FRB,2014,3.4,7.4,2.0,2.0,1.5,1.5
2012-06-20,10,Plosser,Charles Plosser Philadelphia FRB,2014,3.0,6.3,2.0,2.0,3.0,3.0
2012-06-20,11,Duke,Elizabeth A Duke Board of Governors,2014,3.1,7.7,1.5,1.7,0.5,0.5
2012-06-20,12,Bernanke,Chairman Bernanke Board of Governors,2014,2.8,7.7,1.8,1.8,0.13,0.125
2012-06-20,13,Powell,Jerome Powell Board of Governors,2014,3.2,7.5,2.0,2.0,0.75,0.75
2012-06-20,14,Williams,John C Williams San Francisco FRB,2014,3.0,7.4,1.7,1.7,0.5,0.5
2012-06-20,15,Pianalto,Sandra Pianalto Cleveland FRB,2014,2.8,7.3,1.8,1.7,0.5,0.5
2012-06-20,16,Rosengren,Eric Rosengren Boston FRB,2014,3.6,7.6,1.7,1.5,0.13,0.125
2012-06-20,17,Lockhart,Dennis P Lockhart Atlanta FRB,2014,3.3,7.0,2.0,2.0,1.75,1.75
2012-06-20,18,Stein,Jeremy C Stein Board of Governors,2014,3.4,7.4,1.5,1.6,1.5,1.5
2012-06-20,19,Fisher,Richard Fisher Dallas FRB,2014,3.2,7.0,2.0,2.0,2.0,2.0
2012-06-20,1,Evans,Charles L Evans Chicago FRB,2015,4.0,6.8,1.9,1.9,0.75,0.75
2012-06-20,4,Yellen,Janet Yellen Board of Governors,2015,3.8,6.4,2.1,2.2,0.5,0.5
2012-06-20,5,Raskin,Sarah Bloom Raskin Board of Governors,2015,4.0,7.0,1.7,1.7,1.5,1.5
2012-06-20,6,Tarullo,Daniel Tarullo Board of Governors,2015,3.4,7.2,1.8,1.8,0.5,0.5
2012-06-20,12,Bernanke,Chairman Bernanke Board of Governors,2015,3.2,7.2,2.0,2.0,1.0,1.0
2012-06-20,16,Rosengren,Eric Rosengren Boston FRB,2015,4.0,6.9,1.9,1.6,1.0,1.0
2012-06-20,1,Evans,Charles L Evans Chicago FRB,LR,2.5,5.2,2.0,,4.5,4.5
2012-06-20,2,George,Esther George Kansas City FRB,LR,2.3,5.5,2.0,,4.3,4.3
2012-06-20,3,Dudley,William Dudley New York FRB,LR,2.3,4.9,2.0,,3.5,3.5
2012-06-20,4,Yellen,Janet Yellen Board of Governors,LR,2.5,5.3,2.0,,3.0,3.0
2012-06-20,5,Raskin,Sarah Bloom Raskin Board of Governors,LR,3.0,5.4,2.0,,3.8,3.8
2012-06-20,6,Tarullo,Daniel Tarullo Board of Governors,LR,2.2,5.5,2.0,,4.0,4.0
2012-06-20,7,Kocherlakota,Narayana Kocherlakota Minneapolis FRB,LR,2.5,6.3,2.0,,4.0,4.0
2012-06-20,8,Bullard,James Bullard St. Louis FRB,LR,2.3,6.0,2.0,,4.25,4.25
2012-06-20,9,Lacker,Jeffrey Lacker Richmond FRB,LR,2.5,6.0,2.0,,4.5,4.5
2012-06-20,10,Plosser,Charles Plosser Philadelphia FRB,LR,2.5,6.0,2.0,,4.5,4.5
2012-06-20,11,Duke,Elizabeth A Duke Board of Governors,LR,2.3,6.0,2.0,,4.5,4.5
2012-06-20,12,Bernanke,Chairman Bernanke Board of Governors,LR,2.3,5.5,2.0,,4.3,4.3
2012-06-20,13,Powell,Jerome Powell Board of Governors,LR,2.5,5.2,2.0,,4.0,4.0
2012-06-20,14,Williams,John C Williams San Francisco FRB,LR,2.2,5.5,2.0,,4.2,4.2
2012-06-20,15,Pianalto,Sandra Pianalto Cleveland FRB,LR,2.6,6.0,2.0,,4.0,4.0
2012-06-20,16,Rosengren,Eric Rosengren Boston FRB,LR,2.5,5.2,2.0,,4.0,4.0
2012-06-20,17,Lockhart,Dennis P Lockhart Atlanta FRB,LR,2.5,5.2,2.0,,4.5,4.5
2012-06-20,18,Stein,Jeremy C Stein Board of Governors,LR,2.5,5.8,2.0,,4.25,4.25
2012-06-20,19,Fisher,Richard Fisher Dallas FRB,LR,2.7,5.5,2.0,,4.0,4.0
2012-09-13,1,Tarullo,Daniel Tarullo Board of Governors,2012,1.7,8.2,1.5,1.8,0.13,0.125
2012-09-13,2,Pianalto,Sandra Pianalto Cleveland FRB,2012,1.9,8.2,1.7,1.9,0.13,0.125
2012-09-13,3,Raskin,Sarah Bloom Raskin Board of Governors,2012,1.6,8.3,1.8,1.8,0.13,0.125
2012-09-13,4,George,Esther George Kansas City FRB,2012,1.7,8.2,1.8,1.8,0.13,0.125
2012-09-13,5,Bullard,James Bullard St. Louis FRB,2012,2.0,8.0,1.8,2.0,0.13,0.125
2012-09-13,6,Williams,John C Williams San Francisco FRB,2012,1.7,8.1,1.7,1.7,0.13,0.125
2012-09-13,7,Powell,Jerome Powell Board of Governors,2012,1.8,8.1,1.8,1.8,0.13,0.125
2012-09-13,8,Bernanke,Chairman Bernanke Board of Governors,2012,1.7,8.2,1.8,1.7,0.13,0.125
2012-09-13,9,Lacker,Jeffrey Lacker Richmond FRB,2012,1.9,8.1,1.8,1.8,0.13,0.125
2012-09-13,10,Duke,Elizabeth A Duke Board of Governors,2012,1.6,8.2,1.8,1.8,0.13,0.125
2012-09-13,11,Plosser,Charles Plosser Philadelphia FRB,2012,2.0,8.0,1.8,2.0,0.5,0.5
2012-09-13,12,Lockhart,Dennis P Lockhart Atlanta FRB,2012,2.0,8.0,1.9,1.9,0.13,0.125
2012-09-13,13,Kocherlakota,Narayana Kocherlakota Minneapolis FRB,2012,1.8,8.0,1.7,1.8,0.13,0.125
2012-09-13,14,Fisher,Richard Fisher Dallas FRB,2012,1.8,8.3,1.8,1.9,0.13,0.125
2012-09-13,15,Evans,Charles L Evans Chicago FRB,2012,2.0,8.2,1.9,1.8,0.13,0.125
2012-09-13,16,Rosengren,Eric Rosengren Boston FRB,2012,1.7,8.2,1.6,1.6,0.13,0.125
2012-09-13,17,Dudley,William Dudley New York FRB,2012,1.9,8.2,1.8,1.6,0.13,0.125
2012-09-13,18,Yellen,Janet Yellen Board of Governors,2012,1.6,8.3,1.7,1.8,0.13,0.125
2012-09-13,19,Stein,Jeremy C Stein Board of Governors,2012,1.7,8.2,1.7,1.7,0.13,0.125
2012-09-13,1,Tarullo,Daniel Tarullo Board of Governors,2013,2.3,7.9,1.8,1.6,0.13,0.125
2012-09-13,2,Pianalto,Sandra Pianalto Cleveland FRB,2013,2.7,7.9,1.8,1.7,0.13,0.125
2012-09-13,3,Raskin,Sarah Bloom Raskin Board of Governors,2013,3.0,7.8,1.6,1.8,0.13,0.125
2012-09-13,4,George,Esther George Kansas City FRB,2013,2.5,7.8,2.0,2.0,0.5,0.5
2012-09-13,5,Bullard,James Bullard St. Louis FRB,2013,3.5,7.2,2.0,2.0,0.13,0.125
2012-09-13,6,Williams,John C Williams San Francisco FRB,2013,2.5,7.9,1.7,1.7,0.13,0.125
2012-09-13,7,Powell,Jerome Powell Board of Governors,2013,2.7,7.8,1.6,1.8,0.13,0.125
2012-09-13,8,Bernanke,Chairman Bernanke Board of Governors,2013,2.8,7.7,1.8,1.8,0.13,0.125
2012-09-13,9,Lacker,Jeffrey Lacker Richmond FRB,2013,2.3,8.0,2.0,2.0,0.13,0.125
2012-09-13,10,Duke,Elizabeth A Duke Board of Governors,2013,2.4,7.9,1.6,1.8,0.13,0.125
2012-09-13,11,Plosser,Charles Plosser Philadelphia FRB,2013,3.0,7.0,2.0,2.0,1.75,1.75
2012-09-13,12,Lockhart,Dennis P Lockhart Atlanta FRB,2013,2.5,7.7,2.0,2.0,0.13,0.125
2012-09-13,13,Kocherlakota,Narayana Kocherlakota Minneapolis FRB,2013,2.5,7.6,2.0,2.0,0.75,0.75
2012-09-13,14,Fisher,Richard Fisher Dallas FRB,2013,3.0,7.7,2.0,2.0,0.5,0.5
2012-09-13,15,Evans,Charles L Evans Chicago FRB,2013,3.2,7.7,1.9,2.0,0.13,0.125
2012-09-13,16,Rosengren,Eric Rosengren Boston FRB,2013,3.0,7.7,1.5,1.6,0.13,0.125
2012-09-13,17,Dudley,William Dudley New York FRB,2013,2.5,7.5,2.1,1.8,0.13,0.125
2012-09-13,18,Yellen,Janet Yellen Board of Governors,2013,3.0,7.8,1.7,1.9,0.13,0.125
2012-09-13,19,Stein,Jeremy C Stein Board of Governors,2013,3.0,7.7,1.6,1.8,0.13,0.125
2012-09-13,1,Tarullo,Daniel Tarullo Board of Governors,2014,3.3,7.3,1.6,1.6,0.13,0.125
2012-09-13,2,Pianalto,Sandra Pianalto Cleveland FRB,2014,3.2,7.4,1.7,1.7,0.13,0.125
2012-09-13,3,Raskin,Sarah Bloom Raskin Board of Governors,2014,3.8,7.1,1.6,1.9,0.13,0.125
2012-09-13,4,George,Esther George Kansas City FRB,2014,2.7,7.3,2.0,2.0,2.5,2.5
2012-09-13,5,Bullard,James Bullard St. Louis FRB,2014,3.0,6.5,2.0,2.0,1.75,1.75
2012-09-13,6,Williams,John C Williams San Francisco FRB,2014,3.3,7.3,1.7,1.8,0.13,0.125
2012-09-13,7,Powell,Jerome Powell Board of Governors,2014,3.2,7.4,2.0,2.0,0.13,0.125
2012-09-13,8,Bernanke,Chairman Bernanke Board of Governors,2014,3.1,7.3,1.9,1.8,0.13,0.125
2012-09-13,9,Lacker,Jeffrey Lacker Richmond FRB,2014,3.0,7.5,2.0,2.0,1.5,1.5
2012-09-13,10,Duke,Elizabeth A Duke Board of Governors,2014,3.6,7.2,1.6,1.8,0.13,0.125
2012-09-13,11,Plosser,Charles Plosser Philadelphia FRB,2014,3.0,6.3,2.0,2.0,3.0,3.0
2012-09-13,12,Lockhart,Dennis P Lockhart Atlanta FRB,2014,3.0,7.1,2.0,2.0,0.13,0.125
2012-09-13,13,Kocherlakota,Narayana Kocherlakota Minneapolis FRB,2014,3.0,7.2,2.2,2.2,1.5,1.5
2012-09-13,14,Fisher,Richard Fisher Dallas FRB,2014,3.2,7.2,2.0,2.0,1.75,1.75
2012-09-13,15,Evans,Charles L Evans Chicago FRB,2014,4.1,6.7,2.1,2.1,0.13,0.125
2012-09-13,16,Rosengren,Eric Rosengren Boston FRB,2014,4.0,7.0,1.8,1.7,0.13,0.125
2012-09-13,17,Dudley,William Dudley New York FRB,2014,3.9,6.5,2.2,2.0,0.13,0.125
2012-09-13,18,Yellen,Janet Yellen Board of Governors,2014,3.7,7.2,1.8,2.0,0.13,0.125
2012-09-13,19,Stein,Jeremy C Stein Board of Governors,2014,3.6,7.0,1.6,1.9,0.13,0.125
2012-09-13,1,Tarullo,Daniel Tarullo Board of Governors,2015,3.5,6.8,2.2,2.0,0.5,0.5
2012-09-13,2,Pianalto,Sandra Pianalto Cleveland FRB,2015,3.3,6.8,2.0,1.8,0.75,0.75
2012-09-13,3,Raskin,Sarah Bloom Raskin Board of Governors,2015,3.8,6.0,1.8,2.0,0.75,0.75
2012-09-13,4,George,Esther George Kansas City FRB,2015,2.8,6.9,2.0,2.0,4.0,4.0
2012-09-13,5,Bullard,James Bullard St. Louis FRB,2015,2.8,6.0,2.0,2.0,3.75,3.75
2012-09-13,6,Williams,John C Williams San Francisco FRB,2015,3.5,6.7,1.8,1.9,1.0,1.0
2012-09-13,7,Powell,Jerome Powell Board of Governors,2015,3.5,6.5,2.0,2.0,1.0,1.0
2012-09-13,8,Bernanke,Chairman Bernanke Board of Governors,2015,3.4,6.7,1.9,1.9,0.13,0.125
2012-09-13,9,Lacker,Jeffrey Lacker Richmond FRB,2015,3.5,6.8,2.0,2.0,3.5,3.5
2012-09-13,10,Duke,Elizabeth A Duke Board of Governors,2015,3.7,6.2,1.8,1.9,1.6,1.6
2012-09-13,11,Plosser,Charles Plosser Philadelphia FRB,2015,2.5,6.0,2.0,2.0,4.5,4.5
2012-09-13,12,Lockhart,Dennis P Lockhart Atlanta FRB,2015,3.0,6.5,2.0,2.0,1.5,1.5
2012-09-13,13,Kocherlakota,Narayana Kocherlakota Minneapolis FRB,2015,3.0,6.8,2.2,2.2,2.5,2.5
2012-09-13,14,Fisher,Richard Fisher Dallas FRB,2015,3.2,6.8,2.0,2.0,2.5,2.5
2012-09-13,15,Evans,Charles L Evans Chicago FRB,2015,4.2,6.0,2.3,2.3,0.75,0.75
2012-09-13,16,Rosengren,Eric Rosengren Boston FRB,2015,4.1,6.2,1.9,1.8,1.0,1.0
2012-09-13,17,Dudley,William Dudley New York FRB,2015,3.5,5.7,2.0,2.0,1.0,1.0
2012-09-13,18,Yellen,Janet Yellen Board of Governors,2015,3.8,6.3,1.9,2.1,0.5,0.5
2012-09-13,19,Stein,Jeremy C Stein Board of Governors,2015,3.7,6.1,1.8,2.0,1.5,1.5
2012-09-13,1,Tarullo,Daniel Tarullo Board of Governors,LR,2.2,5.5,2.0,,4.0,4.0
2012-09-13,2,Pianalto,Sandra Pianalto Cleveland FRB,LR,2.5,6.0,2.0,,4.0,4.0
2012-09-13,3,Raskin,Sarah Bloom Raskin Board of Governors,LR,3.0,5.4,2.0,,3.8,3.8
2012-09-13,4,George,Esther George Kansas City FRB,LR,2.3,5.5,2.0,,4.3,4.3
2012-09-13,5,Bullard,James Bullard St. Louis FRB,LR,2.3,6.0,2.0,,4.25,4.25
2012-09-13,6,Williams,John C Williams San Francisco FRB,LR,2.2,5.5,2.0,,4.2,4.2
2012-09-13,7,Powell,Jerome Powell Board of Governors,LR,2.5,5.2,2.0,,4.0,4.0
2012-09-13,8,Bernanke,Chairman Bernanke Board of Governors,LR,2.3,5.5,2.0,,4.3,4.3
2012-09-13,9,Lacker,Jeffrey Lacker Richmond FRB,LR,2.5,6.0,2.0,,4.5,4.5
2012-09-13,10,Duke,Elizabeth A Duke Board of Governors,LR,2.3,6.0,2.0,,4.5,4.5
2012-09-13,11,Plosser,Charles Plosser Philadelphia FRB,LR,2.5,6.0,2.0,,4.5,4.5
2012-09-13,12,Lockhart,Dennis P Lockhart Atlanta FRB,LR,2.5,5.2,2.0,,4.5,4.5
2012-09-13,13,Kocherlakota,Narayana Kocherlakota Minneapolis FRB,LR,2.5,6.3,2.0,,3.75,3.75
2012-09-13,14,Fisher,Richard Fisher Dallas FRB,LR,2.7,5.5,2.0,,4.0,4.0
2012-09-13,15,Evans,Charles L Evans Chicago FRB,LR,2.5,5.2,2.0,,4.0,4.0
2012-09-13,16,Rosengren,Eric Rosengren Boston FRB,LR,2.5,5.3,2.0,,4.0,4.0
2012-09-13,17,Dudley,William Dudley New York FRB,LR,2.3,5.0,2.0,,3.5,3.5
2012-09-13,18,Yellen,Janet Yellen Board of Governors,LR,2.5,5.3,2.0,,3.0,3.0
2012-09-13,19,Stein,Jeremy C Stein Board of Governors,LR,2.5,5.8,2.0,,4.25,4.25
2012-12-12,1,Dudley,William Dudley New York FRB,2012,1.6,7.8,1.6,1.6,0.13,0.125
2012-12-12,2,Kocherlakota,Narayana Kocherlakota Minneapolis FRB,2012,1.8,7.8,1.7,1.6,0.13,0.125
2012-12-12,3,Tarullo,Daniel Tarullo Board of Governors,2012,1.7,7.9,1.6,1.8,0.13,0.125
2012-12-12,4,Raskin,Sarah Bloom Raskin Board of Governors,2012,1.7,8.0,1.6,1.6,0.13,0.125
2012-12-12,5,Evans,Charles L Evans Chicago FRB,2012,1.7,7.8,1.7,1.6,0.13,0.125
2012-12-12,6,Bullard,James Bullard St. Louis FRB,2012,1.8,7.8,1.7,1.7,0.13,0.125
2012-12-12,7,Rosengren,Eric Rosengren Boston FRB,2012,1.7,7.8,1.6,1.6,0.13,0.125
2012-12-12,8,George,Esther George Kansas City FRB,2012,1.8,7.8,1.7,1.7,0.13,0.125
2012-12-12,9,Lockhart,Dennis P Lockhart Atlanta FRB,2012,1.8,7.9,1.7,1.7,0.13,0.125
2012-12-12,10,Bernanke,Chairman Bernanke Board of Governors,2012,1.7,7.9,1.6,1.6,0.13,0.125
2012-12-12,11,Duke,Elizabeth A Duke Board of Governors,2012,1.7,7.7,1.6,1.6,0.13,0.125
2012-12-12,12,Fisher,Richard Fisher Dallas FRB,2012,1.7,7.8,1.6,1.6,0.13,0.125
2012-12-12,13,Pianalto,Sandra Pianalto Cleveland FRB,2012,1.7,7.8,1.6,1.6,0.13,0.125
2012-12-12,14,Yellen,Janet Yellen Board of Governors,2012,1.7,7.8,1.6,1.6,0.13,0.125
2012-12-12,15,Powell,Jerome Powell Board of Governors,2012,1.7,7.8,1.6,1.6,0.13,0.125
2012-12-12,16,Williams,John C Williams San Francisco FRB,2012,1.7,7.8,1.6,1.6,0.13,0.125
2012-12-12,17,Lacker,Jeffrey Lacker Richmond FRB,2012,1.6,7.8,1.7,1.6,0.13,0.125
2012-12-12,18,Plosser,Charles Plosser Philadelphia FRB,2012,2.0,7.8,1.8,1.8,0.13,0.125
2012-12-12,19,Stein,Jeremy C Stein Board of Governors,2012,1.8,7.9,1.6,1.6,0.13,0.125
2012-12-12,1,Dudley,William Dudley New York FRB,2013,2.4,7.5,1.8,1.7,0.13,0.125
2012-12-12,2,Kocherlakota,Narayana Kocherlakota Minneapolis FRB,2013,2.5,7.4,1.6,1.6,0.13,0.125
2012-12-12,3,Tarullo,Daniel Tarullo Board of Governors,2013,2.2,7.8,1.5,1.5,0.13,0.125
2012-12-12,4,Raskin,Sarah Bloom Raskin Board of Governors,2013,2.5,7.8,1.3,1.6,0.13,0.125
2012-12-12,5,Evans,Charles L Evans Chicago FRB,2013,3.0,7.5,1.6,1.8,0.13,0.125
2012-12-12,6,Bullard,James Bullard St. Louis FRB,2013,3.2,7.0,2.0,2.0,0.13,0.125
2012-12-12,7,Rosengren,Eric Rosengren Boston FRB,2013,2.9,7.3,1.3,1.6,0.13,0.125
2012-12-12,8,George,Esther George Kansas City FRB,2013,2.5,7.4,2.0,1.9,0.5,0.5
2012-12-12,9,Lockhart,Dennis P Lockhart Atlanta FRB,2013,2.3,7.6,1.9,1.9,0.13,0.125
2012-12-12,10,Bernanke,Chairman Bernanke Board of Governors,2013,2.8,7.6,1.5,1.7,0.13,0.125
2012-12-12,11,Duke,Elizabeth A Duke Board of Governors,2013,2.7,7.5,1.3,1.6,0.13,0.125
2012-12-12,12,Fisher,Richard Fisher Dallas FRB,2013,3.0,7.4,1.9,1.9,0.13,0.125
2012-12-12,13,Pianalto,Sandra Pianalto Cleveland FRB,2013,2.4,7.5,2.0,1.7,0.13,0.125
2012-12-12,14,Yellen,Janet Yellen Board of Governors,2013,2.7,7.7,1.4,1.7,0.13,0.125
2012-12-12,15,Powell,Jerome Powell Board of Governors,2013,2.1,7.7,1.4,1.7,0.13,0.125
2012-12-12,16,Williams,John C Williams San Francisco FRB,2013,2.6,7.5,1.4,1.6,0.13,0.125
2012-12-12,17,Lacker,Jeffrey Lacker Richmond FRB,2013,2.0,7.6,1.8,1.8,0.13,0.125
2012-12-12,18,Plosser,Charles Plosser Philadelphia FRB,2013,3.0,6.9,2.0,2.0,1.0,1.0
2012-12-12,19,Stein,Jeremy C Stein Board of Governors,2013,2.8,7.5,1.3,1.6,0.13,0.125
2012-12-12,1,Dudley,William Dudley New York FRB,2014,3.6,6.4,2.2,2.0,0.13,0.125
2012-12-12,2,Kocherlakota,Narayana Kocherlakota Minneapolis FRB,2014,3.2,6.8,2.0,2.0,0.13,0.125
2012-12-12,3,Tarullo,Daniel Tarullo Board of Governors,2014,3.3,7.3,1.5,1.5,0.13,0.125
2012-12-12,4,Raskin,Sarah Bloom Raskin Board of Governors,2014,3.2,7.4,1.4,1.6,0.13,0.125
2012-12-12,5,Evans,Charles L Evans Chicago FRB,2014,4.0,6.8,2.0,2.0,0.13,0.125
2012-12-12,6,Bullard,James Bullard St. Louis FRB,2014,3.2,6.1,2.0,2.0,1.75,1.75
2012-12-12,7,Rosengren,Eric Rosengren Boston FRB,2014,3.5,6.8,1.6,1.7,0.13,0.125
2012-12-12,8,George,Esther George Kansas City FRB,2014,2.8,6.8,2.0,2.0,1.5,1.5
2012-12-12,9,Lockhart,Dennis P Lockhart Atlanta FRB,2014,2.9,7.0,2.0,2.0,0.13,0.125
2012-12-12,10,Bernanke,Chairman Bernanke Board of Governors,2014,3.2,7.1,1.7,1.8,0.13,0.125
2012-12-12,11,Duke,Elizabeth A Duke Board of Governors,2014,3.8,7.1,1.4,1.6,0.13,0.125
2012-12-12,12,Fisher,Richard Fisher Dallas FRB,2014,3.2,7.0,2.0,2.0,0.5,0.5
2012-12-12,13,Pianalto,Sandra Pianalto Cleveland FRB,2014,3.1,7.1,1.8,1.6,0.13,0.125
2012-12-12,14,Yellen,Janet Yellen Board of Governors,2014,3.4,7.2,1.6,1.8,0.13,0.125
2012-12-12,15,Powell,Jerome Powell Board of Governors,2014,3.1,7.4,1.7,1.9,0.13,0.125
2012-12-12,16,Williams,John C Williams San Francisco FRB,2014,3.3,7.0,1.6,1.7,0.13,0.125
2012-12-12,17,Lacker,Jeffrey Lacker Richmond FRB,2014,2.8,7.3,2.0,2.0,1.5,1.5
2012-12-12,18,Plosser,Charles Plosser Philadelphia FRB,2014,3.0,6.2,2.0,2.0,2.75,2.75
2012-12-12,19,Stein,Jeremy C Stein Board of Governors,2014,3.5,7.0,1.5,1.7,0.13,0.125
2012-12-12,1,Dudley,William Dudley New York FRB,2015,3.5,5.7,2.0,2.0,1.0,1.0
2012-12-12,2,Kocherlakota,Narayana Kocherlakota Minneapolis FRB,2015,3.4,6.2,2.1,2.1,0.13,0.125
2012-12-12,3,Tarullo,Daniel Tarullo Board of Governors,2015,3.5,6.8,2.2,2.0,0.5,0.5
2012-12-12,4,Raskin,Sarah Bloom Raskin Board of Governors,2015,3.6,6.5,1.5,1.7,0.75,0.75
2012-12-12,5,Evans,Charles L Evans Chicago FRB,2015,4.2,6.0,2.2,2.2,0.75,0.75
2012-12-12,6,Bullard,James Bullard St. Louis FRB,2015,2.8,6.0,2.0,2.0,3.75,3.75
2012-12-12,7,Rosengren,Eric Rosengren Boston FRB,2015,3.8,6.1,1.9,1.8,1.0,1.0
2012-12-12,8,George,Esther George Kansas City FRB,2015,2.9,6.4,2.0,2.0,2.5,2.5
2012-12-12,9,Lockhart,Dennis P Lockhart Atlanta FRB,2015,3.0,6.3,2.0,2.0,1.25,1.25
2012-12-12,10,Bernanke,Chairman Bernanke Board of Governors,2015,3.5,6.5,1.9,1.8,0.5,0.5
2012-12-12,11,Duke,Elizabeth A Duke Board of Governors,2015,3.7,6.0,1.6,1.8,1.25,1.25
2012-12-12,12,Fisher,Richard Fisher Dallas FRB,2015,3.2,6.6,2.0,2.0,2.0,2.0
2012-12-12,13,Pianalto,Sandra Pianalto Cleveland FRB,2015,3.1,6.7,1.8,1.7,0.5,0.5
2012-12-12,14,Yellen,Janet Yellen Board of Governors,2015,3.7,6.2,1.7,1.9,0.5,0.5
2012-12-12,15,Powell,Jerome Powell Board of Governors,2015,3.6,6.5,1.9,2.1,0.5,0.5
2012-12-12,16,Williams,John C Williams San Francisco FRB,2015,3.5,6.3,1.7,1.8,1.0,1.0
2012-12-12,17,Lacker,Jeffrey Lacker Richmond FRB,2015,3.5,6.8,2.0,2.0,3.5,3.5
2012-12-12,18,Plosser,Charles Plosser Philadelphia FRB,2015,2.5,6.0,2.0,2.0,4.5,4.5
2012-12-12,19,Stein,Jeremy C Stein Board of Governors,2015,3.4,6.2,1.6,1.8,0.75,0.75
2012-12-12,2,Kocherlakota,Narayana Kocherlakota Minneapolis FRB,2016,3.4,5.5,2.2,2.2,0.5,0.5
2012-12-12,1,Dudley,William Dudley New York FRB,LR,2.3,5.0,2.0,,3.5,3.5
2012-12-12,2,Kocherlakota,Narayana Kocherlakota Minneapolis FRB,LR,2.3,6.0,2.0,,3.75,3.75
2012-12-12,3,Tarullo,Daniel Tarullo Board of Governors,LR,2.2,5.5,2.0,,4.0,4.0
2012-12-12,4,Raskin,Sarah Bloom Raskin Board of Governors,LR,3.0,5.4,2.0,,3.8,3.8
2012-12-12,5,Evans,Charles L Evans Chicago FRB,LR,2.5,5.2,2.0,,4.0,4.0
2012-12-12,6,Bullard,James Bullard St. Louis FRB,LR,2.3,6.0,2.0,,4.25,4.25
2012-12-12,7,Rosengren,Eric Rosengren Boston FRB,LR,2.3,5.3,2.0,,3.8,3.8
2012-12-12,8,George,Esther George Kansas City FRB,LR,2.3,5.5,2.0,,4.3,4.3
2012-12-12,9,Lockhart,Dennis P Lockhart Atlanta FRB,LR,2.5,5.2,2.0,,4.5,4.5
2012-12-12,10,Bernanke,Chairman Bernanke Board of Governors,LR,2.3,5.5,2.0,,4.3,4.3
2012-12-12,11,Duke,Elizabeth A Duke Board of Governors,LR,2.3,6.0,2.0,,4.5,4.5
2012-12-12,12,Fisher,Richard Fisher Dallas FRB,LR,2.5,5.5,2.0,,4.0,4.0
2012-12-12,13,Pianalto,Sandra Pianalto Cleveland FRB,LR,2.5,6.0,2.0,,4.0,4.0
2012-12-12,14,Yellen,Janet Yellen Board of Governors,LR,2.5,5.3,2.0,,3.0,3.0
2012-12-12,15,Powell,Jerome Powell Board of Governors,LR,2.5,5.2,2.0,,4.0,4.0
2012-12-12,16,Williams,John C Williams San Francisco FRB,LR,2.2,5.4,2.0,,4.2,4.2
2012-12-12,17,Lacker,Jeffrey Lacker Richmond FRB,LR,2.3,6.0,2.0,,4.25,4.25
2012-12-12,18,Plosser,Charles Plosser Philadelphia FRB,LR,2.5,6.0,2.0,,4.5,4.5
2012-12-12,19,Stein,Jeremy C Stein Board of Governors,LR,2.5,5.8,2.0,,4.25,4.25
2013-03-20,1,Evans,Charles L Evans Chicago FRB,2013,2.6,7.4,1.3,1.5,0.13,0.125
2013-03-20,2,Williams,John C Williams San Francisco FRB,2013,2.4,7.6,1.4,1.5,0.13,0.125
2013-03-20,3,Rosengren,Eric Rosengren Boston FRB,2013,2.8,7.3,1.3,1.6,0.13,0.125
2013-03-20,4,Duke,Elizabeth A Duke Board of Governors,2013,2.7,7.5,1.4,1.6,0.13,0.125
2013-03-20,5,Stein,Jeremy C Stein Board of Governors,2013,2.8,7.3,1.3,1.6,0.13,0.125
2013-03-20,6,Yellen,Janet Yellen Board of Governors,2013,2.6,7.5,1.4,1.7,0.13,0.125
2013-03-20,7,Lacker,Jeffrey Lacker Richmond FRB,2013,2.3,7.5,1.7,1.6,0.13,0.125
2013-03-20,8,Lockhart,Dennis P Lockhart Atlanta FRB,2013,2.3,7.4,1.7,1.7,0.13,0.125
2013-03-20,9,Raskin,Sarah Bloom Raskin Board of Governors,2013,2.6,7.5,1.3,1.6,0.13,0.125
2013-03-20,10,Bernanke,Chairman Bernanke Board of Governors,2013,2.5,7.4,1.4,1.6,0.13,0.125
2013-03-20,11,Tarullo,Daniel Tarullo Board of Governors,2013,2.3,7.5,1.5,1.5,0.13,0.125
2013-03-20,12,George,Esther George Kansas City FRB,2013,2.0,7.6,1.6,1.6,0.13,0.125
2013-03-20,13,Powell,Jerome Powell Board of Governors,2013,2.4,7.5,1.3,1.6,0.13,0.125
2013-03-20,14,Dudley,William Dudley New York FRB,2013,2.3,7.5,1.8,1.5,0.13,0.125
2013-03-20,15,Pianalto,Sandra Pianalto Cleveland FRB,2013,2.6,7.4,1.8,1.6,0.13,0.125
2013-03-20,16,Fisher,Richard Fisher Dallas FRB,2013,2.9,7.2,1.7,1.6,0.13,0.125
2013-03-20,17,Plosser,Charles Plosser Philadelphia FRB,2013,3.0,6.9,2.0,2.0,1.0,1.0
2013-03-20,18,Bullard,James Bullard St. Louis FRB,2013,3.0,7.0,1.6,1.6,0.13,0.125
2013-03-20,19,Kocherlakota,Narayana Kocherlakota Minneapolis FRB,2013,2.5,7.3,1.5,1.6,0.13,0.125
2013-03-20,1,Evans,Charles L Evans Chicago FRB,2014,3.4,6.8,1.7,1.8,0.13,0.125
2013-03-20,2,Williams,John C Williams San Francisco FRB,2014,3.2,7.0,1.6,1.7,0.13,0.125
2013-03-20,3,Rosengren,Eric Rosengren Boston FRB,2014,3.4,6.8,1.6,1.7,0.13,0.125
2013-03-20,4,Duke,Elizabeth A Duke Board of Governors,2014,3.8,7.1,1.4,1.7,0.13,0.125
2013-03-20,5,Stein,Jeremy C Stein Board of Governors,2014,3.5,6.7,1.8,1.9,0.13,0.125
2013-03-20,6,Yellen,Janet Yellen Board of Governors,2014,3.4,6.9,1.6,1.8,0.13,0.125
2013-03-20,7,Lacker,Jeffrey Lacker Richmond FRB,2014,2.6,6.8,1.9,1.8,1.0,1.0
2013-03-20,8,Lockhart,Dennis P Lockhart Atlanta FRB,2014,2.9,6.9,2.0,2.0,0.13,0.125
2013-03-20,9,Raskin,Sarah Bloom Raskin Board of Governors,2014,3.2,7.0,1.5,1.7,0.13,0.125
2013-03-20,10,Bernanke,Chairman Bernanke Board of Governors,2014,3.3,6.9,1.7,1.8,0.13,0.125
2013-03-20,11,Tarullo,Daniel Tarullo Board of Governors,2014,3.3,7.0,1.5,1.5,0.13,0.125
2013-03-20,12,George,Esther George Kansas City FRB,2014,2.6,7.0,1.9,1.9,1.0,1.0
2013-03-20,13,Powell,Jerome Powell Board of Governors,2014,3.2,7.0,1.5,1.7,0.13,0.125
2013-03-20,14,Dudley,William Dudley New York FRB,2014,3.5,6.4,2.0,1.9,0.13,0.125
2013-03-20,15,Pianalto,Sandra Pianalto Cleveland FRB,2014,2.9,7.0,1.8,1.7,0.13,0.125
2013-03-20,16,Fisher,Richard Fisher Dallas FRB,2014,3.0,6.9,2.0,2.0,0.5,0.5
2013-03-20,17,Plosser,Charles Plosser Philadelphia FRB,2014,3.0,6.2,2.0,2.0,2.75,2.75
2013-03-20,18,Bullard,James Bullard St. Louis FRB,2014,3.2,6.1,2.1,2.1,1.75,1.75
2013-03-20,19,Kocherlakota,Narayana Kocherlakota Minneapolis FRB,2014,3.2,6.7,2.0,2.0,0.13,0.125
2013-03-20,1,Evans,Charles L Evans Chicago FRB,2015,3.8,6.1,2.1,2.1,0.5,0.5
2013-03-20,2,Williams,John C Williams San Francisco FRB,2015,3.5,6.3,1.7,1.8,1.0,1.0
2013-03-20,3,Rosengren,Eric Rosengren Boston FRB,2015,3.7,6.2,1.9,1.8,0.75,0.75
2013-03-20,4,Duke,Elizabeth A Duke Board of Governors,2015,3.7,6.0,1.6,1.9,1.25,1.25
2013-03-20,5,Stein,Jeremy C Stein Board of Governors,2015,3.5,6.0,2.0,2.1,1.25,1.25
2013-03-20,6,Yellen,Janet Yellen Board of Governors,2015,3.7,6.1,1.7,1.9,0.5,0.5
2013-03-20,7,Lacker,Jeffrey Lacker Richmond FRB,2015,2.9,6.2,2.0,2.0,3.0,3.0
2013-03-20,8,Lockhart,Dennis P Lockhart Atlanta FRB,2015,3.0,6.3,2.0,2.0,1.25,1.25
2013-03-20,9,Raskin,Sarah Bloom Raskin Board of Governors,2015,3.5,6.3,1.6,1.7,0.5,0.5
2013-03-20,10,Bernanke,Chairman Bernanke Board of Governors,2015,3.4,6.4,1.9,1.9,0.5,0.5
2013-03-20,11,Tarullo,Daniel Tarullo Board of Governors,2015,3.5,6.5,2.0,1.8,0.5,0.5
2013-03-20,12,George,Esther George Kansas City FRB,2015,2.9,6.5,2.0,2.0,2.0,2.0
2013-03-20,13,Powell,Jerome Powell Board of Governors,2015,3.6,6.3,2.0,2.0,0.5,0.5
2013-03-20,14,Dudley,William Dudley New York FRB,2015,3.5,5.7,2.0,2.0,1.0,1.0
2013-03-20,15,Pianalto,Sandra Pianalto Cleveland FRB,2015,3.2,6.5,1.9,1.8,0.5,0.5
2013-03-20,16,Fisher,Richard Fisher Dallas FRB,2015,3.2,6.5,2.0,2.0,1.25,1.25
2013-03-20,17,Plosser,Charles Plosser Philadelphia FRB,2015,2.5,6.0,2.0,2.0,4.5,4.5
2013-03-20,18,Bullard,James Bullard St. Louis FRB,2015,2.8,6.0,2.6,2.6,3.75,3.75
2013-03-20,19,Kocherlakota,Narayana Kocherlakota Minneapolis FRB,2015,3.4,6.0,2.1,2.1,0.13,0.125
2013-03-20,19,Kocherlakota,Narayana Kocherlakota Minneapolis FRB,2016,3.4,5.4,2.2,2.2,0.5,0.5
2013-03-20,1,Evans,Charles L Evans Chicago FRB,LR,2.5,5.2,2.0,,4.0,4.0
2013-03-20,2,Williams,John C Williams San Francisco FRB,LR,2.0,5.4,2.0,,4.0,4.0
2013-03-20,3,Rosengren,Eric Rosengren Boston FRB,LR,2.3,5.3,2.0,,3.8,3.8
2013-03-20,4,Duke,Elizabeth A Duke Board of Governors,LR,2.3,6.0,2.0,,4.5,4.5
2013-03-20,5,Stein,Jeremy C Stein Board of Governors,LR,2.3,5.5,2.0,,4.0,4.0
2013-03-20,6,Yellen,Janet Yellen Board of Governors,LR,2.3,5.2,2.0,,3.25,3.25
2013-03-20,7,Lacker,Jeffrey Lacker Richmond FRB,LR,2.1,6.0,2.0,,4.0,4.0
2013-03-20,8,Lockhart,Dennis P Lockhart Atlanta FRB,LR,2.5,5.2,2.0,,4.5,4.5
2013-03-20,9,Raskin,Sarah Bloom Raskin Board of Governors,LR,3.0,5.4,2.0,,4.0,4.0
2013-03-20,10,Bernanke,Chairman Bernanke Board of Governors,LR,2.3,5.5,2.0,,4.3,4.3
2013-03-20,11,Tarullo,Daniel Tarullo Board of Governors,LR,2.2,5.4,2.0,,4.0,4.0
2013-03-20,12,George,Esther George Kansas City FRB,LR,2.3,5.5,2.0,,4.3,4.3
2013-03-20,13,Powell,Jerome Powell Board of Governors,LR,2.5,5.2,2.0,,4.0,4.0
2013-03-20,14,Dudley,William Dudley New York FRB,LR,2.3,5.0,2.0,,3.5,3.5
2013-03-20,15,Pianalto,Sandra Pianalto Cleveland FRB,LR,2.5,6.0,2.0,,4.0,4.0
2013-03-20,16,Fisher,Richard Fisher Dallas FRB,LR,2.5,5.5,2.0,,4.0,4.0
2013-03-20,17,Plosser,Charles Plosser Philadelphia FRB,LR,2.5,6.0,2.0,,4.5,4.5
2013-03-20,18,Bullard,James Bullard St. Louis FRB,LR,2.3,6.0,2.0,,4.25,4.25
2013-03-20,19,Kocherlakota,Narayana Kocherlakota Minneapolis FRB,LR,2.3,6.0,2.0,,3.5,3.5
2013-06-19,1,Williams,John C Williams San Francisco FRB,2013,2.4,7.3,0.8,1.1,0.13,0.125
2013-06-19,2,Fisher,Richard Fisher Dallas FRB,2013,2.6,7.2,1.0,1.3,0.13,0.125
2013-06-19,3,Pianalto,Sandra Pianalto Cleveland FRB,2013,2.4,7.3,1.0,1.1,0.13,0.125
2013-06-19,4,Evans,Charles L Evans Chicago FRB,2013,2.4,7.4,1.0,1.2,0.13,0.125
2013-06-19,5,Tarullo,Daniel Tarullo Board of Governors,2013,2.3,7.3,1.2,1.3,0.13,0.125
2013-06-19,6,Rosengren,Eric Rosengren Boston FRB,2013,2.6,7.3,0.9,1.2,0.13,0.125
2013-06-19,7,Lockhart,Dennis P Lockhart Atlanta FRB,2013,2.3,7.3,1.1,1.4,0.13,0.125
2013-06-19,8,Yellen,Janet Yellen Board of Governors,2013,2.5,7.3,0.9,1.3,0.13,0.125
2013-06-19,9,Bernanke,Chairman Bernanke Board of Governors,2013,2.4,7.3,0.9,1.2,0.13,0.125
2013-06-19,10,Raskin,Sarah Bloom Raskin Board of Governors,2013,2.5,7.3,0.8,1.2,0.13,0.125
2013-06-19,11,Lacker,Jeffrey Lacker Richmond FRB,2013,2.1,7.2,0.9,1.3,0.13,0.125
2013-06-19,12,Stein,Jeremy C Stein Board of Governors,2013,2.4,7.3,1.0,1.3,0.13,0.125
2013-06-19,13,Duke,Elizabeth A Duke Board of Governors,2013,2.5,7.2,1.0,1.2,0.13,0.125
2013-06-19,14,Plosser,Charles Plosser Philadelphia FRB,2013,2.6,6.9,1.5,1.5,0.5,0.5
2013-06-19,15,Powell,Jerome Powell Board of Governors,2013,2.5,7.3,0.8,1.2,0.13,0.125
2013-06-19,16,Dudley,William Dudley New York FRB,2013,2.3,7.4,1.1,1.1,0.13,0.125
2013-06-19,17,Kocherlakota,Narayana Kocherlakota Minneapolis FRB,2013,2.3,7.3,0.8,1.2,0.13,0.125
2013-06-19,18,Bullard,James Bullard St. Louis FRB,2013,2.6,7.1,1.3,1.3,0.13,0.125
2013-06-19,19,George,Esther George Kansas City FRB,2013,2.0,7.5,1.2,1.3,0.13,0.125
2013-06-19,1,Williams,John C Williams San Francisco FRB,2014,3.3,6.7,1.4,1.5,0.13,0.125
2013-06-19,2,Fisher,Richard Fisher Dallas FRB,2014,3.0,6.6,2.0,2.0,0.13,0.125
2013-06-19,3,Pianalto,Sandra Pianalto Cleveland FRB,2014,3.1,6.7,1.6,1.5,0.13,0.125
2013-06-19,4,Evans,Charles L Evans Chicago FRB,2014,3.4,6.8,1.4,1.5,0.13,0.125
2013-06-19,5,Tarullo,Daniel Tarullo Board of Governors,2014,3.3,6.8,1.5,1.5,0.13,0.125
2013-06-19,6,Rosengren,Eric Rosengren Boston FRB,2014,3.6,6.7,1.4,1.5,0.13,0.125
2013-06-19,7,Lockhart,Dennis P Lockhart Atlanta FRB,2014,2.9,6.8,1.8,1.8,0.13,0.125
2013-06-19,8,Yellen,Janet Yellen Board of Governors,2014,3.5,6.6,1.5,1.6,0.13,0.125
2013-06-19,9,Bernanke,Chairman Bernanke Board of Governors,2014,3.3,6.7,1.6,1.7,0.13,0.125
2013-06-19,10,Raskin,Sarah Bloom Raskin Board of Governors,2014,3.4,6.8,1.4,1.6,0.13,0.125
2013-06-19,11,Lacker,Jeffrey Lacker Richmond FRB,2014,2.2,6.6,1.8,1.8,1.0,1.0
2013-06-19,12,Stein,Jeremy C Stein Board of Governors,2014,3.5,6.6,1.7,1.8,0.13,0.125
2013-06-19,13,Duke,Elizabeth A Duke Board of Governors,2014,3.5,6.6,1.6,1.6,0.13,0.125
2013-06-19,14,Plosser,Charles Plosser Philadelphia FRB,2014,3.0,6.2,2.0,2.0,1.5,1.5
2013-06-19,15,Powell,Jerome Powell Board of Governors,2014,3.3,6.7,1.5,1.6,0.13,0.125
2013-06-19,16,Dudley,William Dudley New York FRB,2014,3.3,6.5,2.0,1.8,0.13,0.125
2013-06-19,17,Kocherlakota,Narayana Kocherlakota Minneapolis FRB,2014,3.5,6.5,2.0,2.0,0.13,0.125
2013-06-19,18,Bullard,James Bullard St. Louis FRB,2014,3.2,6.3,1.8,1.8,1.0,1.0
2013-06-19,19,George,Esther George Kansas City FRB,2014,2.6,6.9,1.7,1.7,1.0,1.0
2013-06-19,1,Williams,John C Williams San Francisco FRB,2015,3.4,6.1,1.6,1.7,1.25,1.25
2013-06-19,2,Fisher,Richard Fisher Dallas FRB,2015,3.2,6.2,2.0,2.0,1.5,1.5
2013-06-19,3,Pianalto,Sandra Pianalto Cleveland FRB,2015,3.1,6.3,1.8,1.7,0.75,0.75
2013-06-19,4,Evans,Charles L Evans Chicago FRB,2015,3.8,6.1,1.8,1.8,0.5,0.5
2013-06-19,5,Tarullo,Daniel Tarullo Board of Governors,2015,3.5,6.3,2.0,1.8,1.0,1.0
2013-06-19,6,Rosengren,Eric Rosengren Boston FRB,2015,3.7,6.0,1.7,1.7,1.0,1.0
2013-06-19,7,Lockhart,Dennis P Lockhart Atlanta FRB,2015,3.0,6.1,2.0,2.0,1.5,1.5
2013-06-19,8,Yellen,Janet Yellen Board of Governors,2015,3.7,5.7,1.6,1.8,1.0,1.0
2013-06-19,9,Bernanke,Chairman Bernanke Board of Governors,2015,3.4,6.1,1.7,1.9,0.75,0.75
2013-06-19,10,Raskin,Sarah Bloom Raskin Board of Governors,2015,3.6,6.1,1.6,1.8,0.5,0.5
2013-06-19,11,Lacker,Jeffrey Lacker Richmond FRB,2015,2.3,5.9,2.0,2.0,3.0,3.0
2013-06-19,12,Stein,Jeremy C Stein Board of Governors,2015,3.5,6.0,1.9,2.0,1.25,1.25
2013-06-19,13,Duke,Elizabeth A Duke Board of Governors,2015,3.6,5.8,1.7,1.8,1.5,1.5
2013-06-19,14,Plosser,Charles Plosser Philadelphia FRB,2015,2.5,6.0,2.0,2.0,3.0,3.0
2013-06-19,15,Powell,Jerome Powell Board of Governors,2015,3.3,6.0,1.6,1.7,0.75,0.75
2013-06-19,16,Dudley,William Dudley New York FRB,2015,3.5,5.7,2.0,2.0,1.0,1.0
2013-06-19,17,Kocherlakota,Narayana Kocherlakota Minneapolis FRB,2015,3.5,5.8,2.1,2.1,0.13,0.125
2013-06-19,18,Bullard,James Bullard St. Louis FRB,2015,2.8,6.0,2.3,2.3,3.0,3.0
2013-06-19,19,George,Esther George Kansas City FRB,2015,2.9,6.4,2.0,2.0,2.0,2.0
2013-06-19,17,Kocherlakota,Narayana Kocherlakota Minneapolis FRB,2016,3.5,5.4,2.2,2.2,0.75,0.75
2013-06-19,1,Williams,John C Williams San Francisco FRB,LR,2.0,5.4,2.0,,4.0,4.0
2013-06-19,2,Fisher,Richard Fisher Dallas FRB,LR,2.4,5.4,2.0,,4.0,4.0
2013-06-19,3,Pianalto,Sandra Pianalto Cleveland FRB,LR,2.3,6.0,2.0,,4.0,4.0
2013-06-19,4,Evans,Charles L Evans Chicago FRB,LR,2.5,5.2,2.0,,4.0,4.0
2013-06-19,5,Tarullo,Daniel Tarullo Board of Governors,LR,2.2,5.4,2.0,,4.0,4.0
2013-06-19,6,Rosengren,Eric Rosengren Boston FRB,LR,2.3,5.3,2.0,,3.8,3.8
2013-06-19,7,Lockhart,Dennis P Lockhart Atlanta FRB,LR,2.5,5.2,2.0,,4.5,4.5
2013-06-19,8,Yellen,Janet Yellen Board of Governors,LR,2.3,5.2,2.0,,3.25,3.25
2013-06-19,9,Bernanke,Chairman Bernanke Board of Governors,LR,2.3,5.5,2.0,,4.3,4.3
2013-06-19,10,Raskin,Sarah Bloom Raskin Board of Governors,LR,3.0,5.4,2.0,,4.0,4.0
2013-06-19,11,Lacker,Jeffrey Lacker Richmond FRB,LR,2.1,5.8,2.0,,4.0,4.0
2013-06-19,12,Stein,Jeremy C Stein Board of Governors,LR,2.3,5.5,2.0,,4.0,4.0
2013-06-19,13,Duke,Elizabeth A Duke Board of Governors,LR,2.3,5.8,2.0,,4.5,4.5
2013-06-19,14,Plosser,Charles Plosser Philadelphia FRB,LR,2.5,6.0,2.0,,4.5,4.5
2013-06-19,15,Powell,Jerome Powell Board of Governors,LR,2.5,5.2,2.0,,4.0,4.0
2013-06-19,16,Dudley,William Dudley New York FRB,LR,2.3,5.0,2.0,,3.5,3.5
2013-06-19,17,Kocherlakota,Narayana Kocherlakota Minneapolis FRB,LR,2.3,6.0,2.0,,3.5,3.5
2013-06-19,18,Bullard,James Bullard St. Louis FRB,LR,2.3,6.0,2.0,,4.25,4.25
2013-06-19,19,George,Esther George Kansas City FRB,LR,2.3,5.5,2.0,,4.3,4.3
2013-09-18,1,George,Esther George Kansas City FRB,2013,1.8,7.3,1.0,1.2,0.13,0.125
2013-09-18,2,Bernanke,Chairman Bernanke Board of Governors,2013,2.3,7.3,1.1,1.2,0.13,0.125
2013-09-18,3,Lockhart,Dennis P Lockhart Atlanta FRB,2013,2.0,7.2,1.1,1.4,0.13,0.125
2013-09-18,4,Rosengren,Eric Rosengren Boston FRB,2013,2.1,7.3,1.1,1.2,0.13,0.125
2013-09-18,5,Stein,Jeremy C Stein Board of Governors,2013,2.2,7.2,1.1,1.2,0.13,0.125
2013-09-18,6,Williams,John C Williams San Francisco FRB,2013,2.1,7.2,1.1,1.3,0.13,0.125
2013-09-18,7,Pianalto,Sandra Pianalto Cleveland FRB,2013,2.1,7.2,1.2,1.3,0.13,0.125
2013-09-18,8,Tarullo,Daniel Tarullo Board of Governors,2013,2.2,7.2,1.3,1.2,0.13,0.125
2013-09-18,9,Fisher,Richard Fisher Dallas FRB,2013,2.4,7.1,1.1,1.3,0.13,0.125
2013-09-18,10,Lacker,Jeffrey Lacker Richmond FRB,2013,2.1,7.1,1.2,1.3,0.13,0.125
2013-09-18,11,Yellen,Janet Yellen Board of Governors,2013,2.3,7.2,1.1,1.2,0.13,0.125
2013-09-18,12,Bullard,James Bullard St. Louis FRB,2013,2.2,7.1,1.1,1.3,0.13,0.125
2013-09-18,13,Plosser,Charles Plosser Philadelphia FRB,2013,2.4,6.9,1.2,1.4,0.13,0.125
2013-09-18,14,Evans,Charles L Evans Chicago FRB,2013,2.1,7.3,1.3,1.3,0.13,0.125
2013-09-18,15,Powell,Jerome Powell Board of Governors,2013,2.0,7.2,1.1,1.2,0.13,0.125
2013-09-18,16,Kocherlakota,Narayana Kocherlakota Minneapolis FRB,2013,2.2,7.2,1.1,1.2,0.13,0.125
2013-09-18,17,Dudley,William Dudley New York FRB,2013,2.0,7.2,1.3,1.4,0.13,0.125
2013-09-18,1,George,Esther George Kansas City FRB,2014,2.8,6.8,1.7,1.7,0.13,0.125
2013-09-18,2,Bernanke,Chairman Bernanke Board of Governors,2014,3.1,6.8,1.4,1.5,0.13,0.125
2013-09-18,3,Lockhart,Dennis P Lockhart Atlanta FRB,2014,2.9,6.7,1.7,1.7,0.13,0.125
2013-09-18,4,Rosengren,Eric Rosengren Boston FRB,2014,2.9,6.9,1.3,1.5,0.13,0.125
2013-09-18,5,Stein,Jeremy C Stein Board of Governors,2014,3.0,6.5,1.5,1.6,0.13,0.125
2013-09-18,6,Williams,John C Williams San Francisco FRB,2014,3.0,6.7,1.3,1.5,0.13,0.125
2013-09-18,7,Pianalto,Sandra Pianalto Cleveland FRB,2014,2.9,6.7,1.6,1.5,0.13,0.125
2013-09-18,8,Tarullo,Daniel Tarullo Board of Governors,2014,3.0,6.7,1.4,1.4,0.13,0.125
2013-09-18,9,Fisher,Richard Fisher Dallas FRB,2014,3.0,6.5,1.7,1.7,0.13,0.125
2013-09-18,10,Lacker,Jeffrey Lacker Richmond FRB,2014,2.2,6.4,1.6,1.7,1.0,1.0
2013-09-18,11,Yellen,Janet Yellen Board of Governors,2014,3.2,6.6,1.3,1.6,0.13,0.125
2013-09-18,12,Bullard,James Bullard St. Louis FRB,2014,3.0,6.3,1.8,1.8,1.0,1.0
2013-09-18,13,Plosser,Charles Plosser Philadelphia FRB,2014,3.0,6.2,2.0,2.0,1.25,1.25
2013-09-18,14,Evans,Charles L Evans Chicago FRB,2014,3.0,6.9,1.4,1.5,0.13,0.125
2013-09-18,15,Powell,Jerome Powell Board of Governors,2014,2.6,6.8,1.2,1.5,0.13,0.125
2013-09-18,16,Kocherlakota,Narayana Kocherlakota Minneapolis FRB,2014,3.3,6.5,1.8,1.8,0.13,0.125
2013-09-18,17,Dudley,William Dudley New York FRB,2014,3.1,6.3,1.8,1.7,0.13,0.125
2013-09-18,1,George,Esther George Kansas City FRB,2015,3.0,6.1,2.0,2.0,0.75,0.75
2013-09-18,2,Bernanke,Chairman Bernanke Board of Governors,2015,3.2,6.3,1.6,1.8,0.75,0.75
2013-09-18,3,Lockhart,Dennis P Lockhart Atlanta FRB,2015,3.0,6.0,2.0,2.0,1.5,1.5
2013-09-18,4,Rosengren,Eric Rosengren Boston FRB,2015,3.2,6.2,1.5,1.6,0.13,0.125
2013-09-18,5,Stein,Jeremy C Stein Board of Governors,2015,3.0,6.0,1.7,1.8,1.0,1.0
2013-09-18,6,Williams,John C Williams San Francisco FRB,2015,3.2,6.0,1.6,1.7,1.25,1.25
2013-09-18,7,Pianalto,Sandra Pianalto Cleveland FRB,2015,3.1,6.3,1.8,1.7,0.75,0.75
2013-09-18,8,Tarullo,Daniel Tarullo Board of Governors,2015,3.3,6.0,1.9,1.7,1.0,1.0
2013-09-18,9,Fisher,Richard Fisher Dallas FRB,2015,3.2,6.0,2.0,2.0,1.5,1.5
2013-09-18,10,Lacker,Jeffrey Lacker Richmond FRB,2015,2.2,5.9,2.0,2.0,3.0,3.0
2013-09-18,11,Yellen,Janet Yellen Board of Governors,2015,3.5,5.8,1.6,1.8,0.75,0.75
2013-09-18,12,Bullard,James Bullard St. Louis FRB,2015,2.8,6.0,2.3,2.3,3.0,3.0
2013-09-18,13,Plosser,Charles Plosser Philadelphia FRB,2015,2.5,6.0,2.0,2.0,3.25,3.25
2013-09-18,14,Evans,Charles L Evans Chicago FRB,2015,3.5,6.2,1.7,1.7,0.5,0.5
2013-09-18,15,Powell,Jerome Powell Board of Governors,2015,3.1,6.2,1.4,1.6,0.75,0.75
2013-09-18,16,Kocherlakota,Narayana Kocherlakota Minneapolis FRB,2015,3.5,5.8,2.1,2.1,0.13,0.125
2013-09-18,17,Dudley,William Dudley New York FRB,2015,3.7,5.3,2.0,2.0,1.0,1.0
2013-09-18,1,George,Esther George Kansas City FRB,2016,3.0,5.5,2.0,2.0,2.75,2.75
2013-09-18,2,Bernanke,Chairman Bernanke Board of Governors,2016,3.0,5.9,1.8,1.9,1.75,1.75
2013-09-18,3,Lockhart,Dennis P Lockhart Atlanta FRB,2016,2.8,5.5,2.0,2.0,2.5,2.5
2013-09-18,4,Rosengren,Eric Rosengren Boston FRB,2016,3.3,5.6,1.6,1.7,1.0,1.0
2013-09-18,5,Stein,Jeremy C Stein Board of Governors,2016,2.5,5.8,1.9,2.0,2.0,2.0
2013-09-18,6,Williams,John C Williams San Francisco FRB,2016,3.1,5.6,1.8,1.9,2.5,2.5
2013-09-18,7,Pianalto,Sandra Pianalto Cleveland FRB,2016,2.8,6.0,2.0,1.9,1.75,1.75
2013-09-18,8,Tarullo,Daniel Tarullo Board of Governors,2016,3.0,5.7,1.7,1.7,1.75,1.75
2013-09-18,9,Fisher,Richard Fisher Dallas FRB,2016,3.0,5.4,2.0,2.0,2.75,2.75
2013-09-18,10,Lacker,Jeffrey Lacker Richmond FRB,2016,2.2,5.7,2.0,2.0,4.0,4.0
2013-09-18,11,Yellen,Janet Yellen Board of Governors,2016,3.2,5.3,1.7,1.9,1.75,1.75
2013-09-18,12,Bullard,James Bullard St. Louis FRB,2016,2.5,6.0,2.0,2.0,4.25,4.25
2013-09-18,13,Plosser,Charles Plosser Philadelphia FRB,2016,2.5,6.0,2.0,2.0,4.0,4.0
2013-09-18,14,Evans,Charles L Evans Chicago FRB,2016,3.5,5.7,1.9,1.9,1.5,1.5
2013-09-18,15,Powell,Jerome Powell Board of Governors,2016,3.5,5.6,1.5,1.7,1.75,1.75
2013-09-18,16,Kocherlakota,Narayana Kocherlakota Minneapolis FRB,2016,3.5,5.2,2.3,2.3,0.5,0.5
2013-09-18,17,Dudley,William Dudley New York FRB,2016,2.3,5.3,2.0,2.0,2.0,2.0
2013-09-18,1,George,Esther George Kansas City FRB,LR,2.3,5.5,2.0,,4.3,4.3
2013-09-18,2,Bernanke,Chairman Bernanke Board of Governors,LR,2.3,5.4,2.0,,4.3,4.3
2013-09-18,3,Lockhart,Dennis P Lockhart Atlanta FRB,LR,2.5,5.2,2.0,,4.0,4.0
2013-09-18,4,Rosengren,Eric Rosengren Boston FRB,LR,2.3,5.3,2.0,,3.8,3.8
2013-09-18,5,Stein,Jeremy C Stein Board of Governors,LR,2.3,5.5,2.0,,4.0,4.0
2013-09-18,6,Williams,John C Williams San Francisco FRB,LR,2.1,5.4,2.0,,4.1,4.1
2013-09-18,7,Pianalto,Sandra Pianalto Cleveland FRB,LR,2.3,6.0,2.0,,4.0,4.0
2013-09-18,8,Tarullo,Daniel Tarullo Board of Governors,LR,2.2,5.4,2.0,,4.0,4.0
2013-09-18,9,Fisher,Richard Fisher Dallas FRB,LR,2.4,5.4,2.0,,4.0,4.0
2013-09-18,10,Lacker,Jeffrey Lacker Richmond FRB,LR,2.1,5.8,2.0,,4.0,4.0
2013-09-18,11,Yellen,Janet Yellen Board of Governors,LR,2.2,5.2,2.0,,3.25,3.25
2013-09-18,12,Bullard,James Bullard St. Louis FRB,LR,2.3,6.0,2.0,,4.25,4.25
2013-09-18,13,Plosser,Charles Plosser Philadelphia FRB,LR,2.5,6.0,2.0,,4.0,4.0
2013-09-18,14,Evans,Charles L Evans Chicago FRB,LR,2.5,5.2,2.0,,4.0,4.0
2013-09-18,15,Powell,Jerome Powell Board of Governors,LR,2.5,5.2,2.0,,4.0,4.0
2013-09-18,16,Kocherlakota,Narayana Kocherlakota Minneapolis FRB,LR,2.3,5.8,2.0,,3.5,3.5
2013-09-18,17,Dudley,William Dudley New York FRB,LR,2.3,5.3,2.0,,3.5,3.5
2013-12-18,1,Bullard,James Bullard St. Louis Reserve Bank,2013,2.3,7.1,1.0,1.1,0.13,0.125
2013-12-18,2,Lockhart,Dennis P Lockhart Atlanta Reserve Bank,2013,2.3,7.1,0.9,1.1,0.13,0.125
2013-12-18,3,Fisher,Richard Fisher Dallas Reserve Bank,2013,2.3,7.1,1.0,1.1,0.13,0.125
2013-12-18,4,Dudley,William Dudley New York Reserve Bank,2013,2.2,7.1,0.9,1.1,0.13,0.125
2013-12-18,5,Yellen,Janet Yellen Office of Board Members,2013,2.2,7.1,0.9,1.1,0.13,0.125
2013-12-18,6,Plosser,Charles Plosser Philadelphia Reserve Bank,2013,2.4,7.0,1.2,1.2,0.13,0.125
2013-12-18,7,Lacker,Jeffrey Lacker Richmond Reserve Bank,2013,2.3,7.0,0.9,1.1,0.13,0.125
2013-12-18,8,Williams,John C Williams San Francisco Reserve Bank,2013,2.4,7.1,0.9,1.1,0.13,0.125
2013-12-18,9,Pianalto,Sandra Pianalto Cleveland Reserve Bank,2013,2.3,7.1,0.9,1.1,0.13,0.125
2013-12-18,10,Evans,Charles L Evans Chicago Reserve Bank,2013,2.3,7.1,0.9,1.1,0.13,0.125
2013-12-18,11,Rosengren,Eric Rosengren Boston Reserve Bank,2013,2.3,7.1,0.9,1.1,0.13,0.125
2013-12-18,12,Powell,Jerome Powell Office of Board Members,2013,2.2,7.0,0.9,1.1,0.13,0.125
2013-12-18,13,Stein,Jeremy C Stein Office of Board Members,2013,2.3,7.0,1.0,1.2,0.13,0.125
2013-12-18,14,George,Esther George Kansas City Reserve Bank,2013,2.2,7.1,1.0,1.2,0.13,0.125
2013-12-18,15,Bernanke,Chairman Bernanke Office of Board Members,2013,2.3,7.1,1.0,1.1,0.13,0.125
2013-12-18,16,Kocherlakota,Narayana Kocherlakota Minneapolis Reserve Bank,2013,2.2,7.1,0.9,1.1,0.13,0.125
2013-12-18,17,Tarullo,Daniel Tarullo Office of Board Members,2013,2.2,7.0,1.1,1.2,0.13,0.125
2013-12-18,1,Bullard,James Bullard St. Louis Reserve Bank,2014,3.2,6.2,1.6,1.6,0.75,0.75
2013-12-18,2,Lockhart,Dennis P Lockhart Atlanta Reserve Bank,2014,2.9,6.5,1.5,1.5,0.13,0.125
2013-12-18,3,Fisher,Richard Fisher Dallas Reserve Bank,2014,3.0,6.5,1.6,1.6,0.13,0.125
2013-12-18,4,Dudley,William Dudley New York Reserve Bank,2014,2.7,6.5,1.6,1.5,0.13,0.125
2013-12-18,5,Yellen,Janet Yellen Office of Board Members,2014,3.2,6.5,1.4,1.5,0.13,0.125
2013-12-18,6,Plosser,Charles Plosser Philadelphia Reserve Bank,2014,3.0,6.2,1.8,1.8,1.25,1.25
2013-12-18,7,Lacker,Jeffrey Lacker Richmond Reserve Bank,2014,2.2,6.4,1.4,1.4,0.13,0.125
2013-12-18,8,Williams,John C Williams San Francisco Reserve Bank,2014,3.0,6.5,1.4,1.4,0.13,0.125
2013-12-18,9,Pianalto,Sandra Pianalto Cleveland Reserve Bank,2014,3.2,6.6,1.4,1.4,0.13,0.125
2013-12-18,10,Evans,Charles L Evans Chicago Reserve Bank,2014,2.9,6.7,1.3,1.3,0.13,0.125
2013-12-18,11,Rosengren,Eric Rosengren Boston Reserve Bank,2014,3.1,6.6,1.3,1.4,0.13,0.125
2013-12-18,12,Powell,Jerome Powell Office of Board Members,2014,2.8,6.3,1.4,1.4,0.13,0.125
2013-12-18,13,Stein,Jeremy C Stein Office of Board Members,2014,3.1,6.4,1.5,1.6,0.13,0.125
2013-12-18,14,George,Esther George Kansas City Reserve Bank,2014,2.7,6.6,1.6,1.6,0.13,0.125
2013-12-18,15,Bernanke,Chairman Bernanke Office of Board Members,2014,2.9,6.6,1.4,1.4,0.13,0.125
2013-12-18,16,Kocherlakota,Narayana Kocherlakota Minneapolis Reserve Bank,2014,3.3,6.3,1.8,1.8,0.13,0.125
2013-12-18,17,Tarullo,Daniel Tarullo Office of Board Members,2014,3.1,6.5,1.4,1.4,0.13,0.125
2013-12-18,1,Bullard,James Bullard St. Louis Reserve Bank,2015,3.0,5.8,2.3,2.3,2.75,2.75
2013-12-18,2,Lockhart,Dennis P Lockhart Atlanta Reserve Bank,2015,3.0,5.9,1.8,1.8,0.5,0.5
2013-12-18,3,Fisher,Richard Fisher Dallas Reserve Bank,2015,3.0,5.9,2.0,2.0,1.5,1.5
2013-12-18,4,Dudley,William Dudley New York Reserve Bank,2015,3.2,5.5,1.8,1.9,1.0,1.0
2013-12-18,5,Yellen,Janet Yellen Office of Board Members,2015,3.6,5.8,1.5,1.6,0.5,0.5
2013-12-18,6,Plosser,Charles Plosser Philadelphia Reserve Bank,2015,2.5,5.8,2.0,2.0,3.25,3.25
2013-12-18,7,Lacker,Jeffrey Lacker Richmond Reserve Bank,2015,2.2,5.9,1.8,1.8,2.0,2.0
2013-12-18,8,Williams,John C Williams San Francisco Reserve Bank,2015,3.2,5.8,1.6,1.7,1.25,1.25
2013-12-18,9,Pianalto,Sandra Pianalto Cleveland Reserve Bank,2015,3.1,6.2,1.7,1.6,0.75,0.75
2013-12-18,10,Evans,Charles L Evans Chicago Reserve Bank,2015,3.5,6.1,1.6,1.6,0.13,0.125
2013-12-18,11,Rosengren,Eric Rosengren Boston Reserve Bank,2015,3.4,6.1,1.4,1.5,0.13,0.125
2013-12-18,12,Powell,Jerome Powell Office of Board Members,2015,3.2,5.7,1.4,1.6,0.75,0.75
2013-12-18,13,Stein,Jeremy C Stein Office of Board Members,2015,3.1,6.0,1.6,1.8,0.75,0.75
2013-12-18,14,George,Esther George Kansas City Reserve Bank,2015,3.0,6.1,2.0,2.0,1.0,1.0
2013-12-18,15,Bernanke,Chairman Bernanke Office of Board Members,2015,3.2,6.1,1.5,1.7,0.5,0.5
2013-12-18,16,Kocherlakota,Narayana Kocherlakota Minneapolis Reserve Bank,2015,3.5,5.7,2.1,2.1,0.13,0.125
2013-12-18,17,Tarullo,Daniel Tarullo Office of Board Members,2015,3.2,5.9,1.7,1.8,0.75,0.75
2013-12-18,1,Bullard,James Bullard St. Louis Reserve Bank,2016,2.5,6.0,2.0,2.0,4.25,4.25
2013-12-18,2,Lockhart,Dennis P Lockhart Atlanta Reserve Bank,2016,2.8,5.4,2.0,2.0,2.5,2.5
2013-12-18,3,Fisher,Richard Fisher Dallas Reserve Bank,2016,3.0,5.4,2.0,2.0,2.75,2.75
2013-12-18,4,Dudley,William Dudley New York Reserve Bank,2016,2.5,5.3,2.0,2.0,2.0,2.0
2013-12-18,5,Yellen,Janet Yellen Office of Board Members,2016,3.5,5.2,1.6,1.8,1.5,1.5
2013-12-18,6,Plosser,Charles Plosser Philadelphia Reserve Bank,2016,2.4,5.8,2.0,2.0,4.0,4.0
2013-12-18,7,Lacker,Jeffrey Lacker Richmond Reserve Bank,2016,2.1,5.8,2.0,2.0,3.25,3.25
2013-12-18,8,Williams,John C Williams San Francisco Reserve Bank,2016,3.1,5.4,1.8,1.9,2.5,2.5
2013-12-18,9,Pianalto,Sandra Pianalto Cleveland Reserve Bank,2016,2.8,5.9,1.9,1.8,1.75,1.75
2013-12-18,10,Evans,Charles L Evans Chicago Reserve Bank,2016,3.5,5.6,1.8,1.8,1.25,1.25
2013-12-18,11,Rosengren,Eric Rosengren Boston Reserve Bank,2016,3.2,5.5,1.6,1.6,1.0,1.0
2013-12-18,12,Powell,Jerome Powell Office of Board Members,2016,3.2,5.3,1.6,1.7,1.75,1.75
2013-12-18,13,Stein,Jeremy C Stein Office of Board Members,2016,2.5,5.8,1.8,2.0,1.75,1.75
2013-12-18,14,George,Esther George Kansas City Reserve Bank,2016,3.0,5.5,2.0,2.0,3.0,3.0
2013-12-18,15,Bernanke,Chairman Bernanke Office of Board Members,2016,3.0,5.7,1.7,1.8,1.5,1.5
2013-12-18,16,Kocherlakota,Narayana Kocherlakota Minneapolis Reserve Bank,2016,3.5,5.0,2.2,2.2,0.5,0.5
2013-12-18,17,Tarullo,Daniel Tarullo Office of Board Members,2016,2.9,5.7,2.0,1.8,1.75,1.75
2013-12-18,1,Bullard,James Bullard St. Louis Reserve Bank,LR,2.3,6.0,2.0,,4.25,4.25
2013-12-18,2,Lockhart,Dennis P Lockhart Atlanta Reserve Bank,LR,2.5,5.2,2.0,,4.0,4.0
2013-12-18,3,Fisher,Richard Fisher Dallas Reserve Bank,LR,2.4,5.4,2.0,,4.0,4.0
2013-12-18,4,Dudley,William Dudley New York Reserve Bank,LR,2.3,5.3,2.0,,3.5,3.5
2013-12-18,5,Yellen,Janet Yellen Office of Board Members,LR,2.2,5.2,2.0,,3.5,3.5
2013-12-18,6,Plosser,Charles Plosser Philadelphia Reserve Bank,LR,2.4,5.8,2.0,,4.0,4.0
2013-12-18,7,Lacker,Jeffrey Lacker Richmond Reserve Bank,LR,1.8,5.8,2.0,,3.75,3.75
2013-12-18,8,Williams,John C Williams San Francisco Reserve Bank,LR,2.1,5.4,2.0,,4.1,4.1
2013-12-18,9,Pianalto,Sandra Pianalto Cleveland Reserve Bank,LR,2.3,6.0,2.0,,4.0,4.0
2013-12-18,10,Evans,Charles L Evans Chicago Reserve Bank,LR,2.5,5.2,2.0,,4.0,4.0
2013-12-18,11,Rosengren,Eric Rosengren Boston Reserve Bank,LR,2.2,5.3,2.0,,3.8,3.8
2013-12-18,12,Powell,Jerome Powell Office of Board Members,LR,2.3,5.3,2.0,,4.0,4.0
2013-12-18,13,Stein,Jeremy C Stein Office of Board Members,LR,2.3,5.5,2.0,,4.0,4.0
2013-12-18,14,George,Esther George Kansas City Reserve Bank,LR,2.3,5.5,2.0,,4.3,4.3
2013-12-18,15,Bernanke,Chairman Bernanke Office of Board Members,LR,2.3,5.2,2.0,,4.0,4.0
2013-12-18,16,Kocherlakota,Narayana Kocherlakota Minneapolis Reserve Bank,LR,2.3,5.5,2.0,,3.5,3.5
2013-12-18,17,Tarullo,Daniel Tarullo Office of Board Members,LR,2.2,5.4,2.0,,3.5,3.5
2014-03-19,1,Pianalto,Sandra Pianalto Cleveland Reserve Bank,2014,2.9,6.2,1.3,1.3,0.13,0.125
2014-03-19,2,Tarullo,Daniel Tarullo Office of Board Members,2014,2.8,6.5,1.5,1.4,0.13,0.125
2014-03-19,3,Lockhart,Dennis P Lockhart Atlanta Reserve Bank,2014,2.8,6.4,1.5,1.5,0.13,0.125
2014-03-19,4,Bullard,James Bullard St. Louis Reserve Bank,2014,3.0,6.0,1.6,1.6,0.13,0.125
2014-03-19,5,Lacker,Jeffrey Lacker Richmond Reserve Bank,2014,2.1,6.1,1.5,1.4,0.13,0.125
2014-03-19,6,Williams,John C Williams San Francisco Reserve Bank,2014,2.9,6.2,1.5,1.4,0.13,0.125
2014-03-19,7,Rosengren,Eric Rosengren Boston Reserve Bank,2014,3.0,6.3,1.5,1.4,0.13,0.125
2014-03-19,8,Dudley,William Dudley New York Reserve Bank,2014,2.9,6.2,1.5,1.3,0.13,0.125
2014-03-19,9,Fisher,Richard Fisher Dallas Reserve Bank,2014,2.9,6.1,1.5,1.5,0.13,0.125
2014-03-19,10,Stein,Jeremy C Stein Office of Board Members,2014,3.0,6.2,1.5,1.7,0.13,0.125
2014-03-19,11,Plosser,Charles Plosser Philadelphia Reserve Bank,2014,3.0,6.2,1.8,1.8,1.0,1.0
2014-03-19,12,George,Esther George Kansas City Reserve Bank,2014,2.6,6.3,1.6,1.6,0.13,0.125
2014-03-19,13,Kocherlakota,Narayana Kocherlakota Minneapolis Reserve Bank,2014,2.9,6.1,1.6,1.6,0.13,0.125
2014-03-19,14,Yellen,Janet Yellen Office of Board Members,2014,2.9,6.2,1.5,1.5,0.13,0.125
2014-03-19,15,Powell,Jerome Powell Office of Board Members,2014,2.9,6.2,1.5,1.5,0.13,0.125
2014-03-19,16,Evans,Charles L Evans Chicago Reserve Bank,2014,2.6,6.4,1.5,1.4,0.13,0.125
2014-03-19,1,Pianalto,Sandra Pianalto Cleveland Reserve Bank,2015,3.2,5.8,1.5,1.5,1.0,1.0
2014-03-19,2,Tarullo,Daniel Tarullo Office of Board Members,2015,3.1,5.9,1.7,1.8,0.75,0.75
2014-03-19,3,Lockhart,Dennis P Lockhart Atlanta Reserve Bank,2015,3.0,5.7,1.8,1.8,0.5,0.5
2014-03-19,4,Bullard,James Bullard St. Louis Reserve Bank,2015,3.2,5.6,2.4,2.4,2.25,2.25
2014-03-19,5,Lacker,Jeffrey Lacker Richmond Reserve Bank,2015,2.2,5.6,1.8,1.8,2.0,2.0
2014-03-19,6,Williams,John C Williams San Francisco Reserve Bank,2015,3.2,5.6,1.6,1.7,1.25,1.25
2014-03-19,7,Rosengren,Eric Rosengren Boston Reserve Bank,2015,3.2,5.9,1.5,1.5,0.5,0.5
2014-03-19,8,Dudley,William Dudley New York Reserve Bank,2015,3.5,5.4,1.8,1.7,1.0,1.0
2014-03-19,9,Fisher,Richard Fisher Dallas Reserve Bank,2015,3.0,5.6,2.0,2.0,1.5,1.5
2014-03-19,10,Stein,Jeremy C Stein Office of Board Members,2015,2.9,5.8,1.6,1.8,1.0,1.0
2014-03-19,11,Plosser,Charles Plosser Philadelphia Reserve Bank,2015,2.5,5.8,2.0,2.0,3.0,3.0
2014-03-19,12,George,Esther George Kansas City Reserve Bank,2015,3.0,5.9,2.0,2.0,1.0,1.0
2014-03-19,13,Kocherlakota,Narayana Kocherlakota Minneapolis Reserve Bank,2015,3.2,5.4,2.0,2.0,0.13,0.125
2014-03-19,14,Yellen,Janet Yellen Office of Board Members,2015,3.2,5.5,1.5,1.7,1.0,1.0
2014-03-19,15,Powell,Jerome Powell Office of Board Members,2015,3.2,5.6,1.5,1.7,0.75,0.75
2014-03-19,16,Evans,Charles L Evans Chicago Reserve Bank,2015,3.2,5.9,1.5,1.5,0.13,0.125
2014-03-19,1,Pianalto,Sandra Pianalto Cleveland Reserve Bank,2016,2.8,5.5,1.9,1.9,2.25,2.25
2014-03-19,2,Tarullo,Daniel Tarullo Office of Board Members,2016,2.9,5.7,2.0,1.8,1.75,1.75
2014-03-19,3,Lockhart,Dennis P Lockhart Atlanta Reserve Bank,2016,2.8,5.2,2.0,2.0,2.5,2.5
2014-03-19,4,Bullard,James Bullard St. Louis Reserve Bank,2016,2.5,5.6,2.0,2.0,4.25,4.25
2014-03-19,5,Lacker,Jeffrey Lacker Richmond Reserve Bank,2016,2.2,5.2,2.0,2.0,3.5,3.5
2014-03-19,6,Williams,John C Williams San Francisco Reserve Bank,2016,3.0,5.2,1.8,1.9,2.75,2.75
2014-03-19,7,Rosengren,Eric Rosengren Boston Reserve Bank,2016,3.4,5.3,1.6,1.6,1.75,1.75
2014-03-19,8,Dudley,William Dudley New York Reserve Bank,2016,2.5,5.3,2.0,2.0,2.0,2.0
2014-03-19,9,Fisher,Richard Fisher Dallas Reserve Bank,2016,2.9,5.3,2.0,2.0,2.75,2.75
2014-03-19,10,Stein,Jeremy C Stein Office of Board Members,2016,2.5,5.6,1.8,2.0,2.0,2.0
2014-03-19,11,Plosser,Charles Plosser Philadelphia Reserve Bank,2016,2.4,5.8,2.0,2.0,4.0,4.0
2014-03-19,12,George,Esther George Kansas City Reserve Bank,2016,3.0,5.5,2.0,2.0,3.0,3.0
2014-03-19,13,Kocherlakota,Narayana Kocherlakota Minneapolis Reserve Bank,2016,2.5,5.3,2.0,2.0,0.75,0.75
2014-03-19,14,Yellen,Janet Yellen Office of Board Members,2016,3.0,5.1,1.7,1.8,2.25,2.25
2014-03-19,15,Powell,Jerome Powell Office of Board Members,2016,3.0,5.1,1.7,1.8,2.0,2.0
2014-03-19,16,Evans,Charles L Evans Chicago Reserve Bank,2016,3.2,5.5,1.7,1.7,1.25,1.25
2014-03-19,1,Pianalto,Sandra Pianalto Cleveland Reserve Bank,LR,2.3,6.0,2.0,,4.0,4.0
2014-03-19,2,Tarullo,Daniel Tarullo Office of Board Members,LR,2.2,5.4,2.0,,3.5,3.5
2014-03-19,3,Lockhart,Dennis P Lockhart Atlanta Reserve Bank,LR,2.3,5.2,2.0,,4.0,4.0
2014-03-19,4,Bullard,James Bullard St. Louis Reserve Bank,LR,2.3,6.0,2.0,,4.25,4.25
2014-03-19,5,Lacker,Jeffrey Lacker Richmond Reserve Bank,LR,1.8,5.5,2.0,,3.75,3.75
2014-03-19,6,Williams,John C Williams San Francisco Reserve Bank,LR,2.1,5.3,2.0,,4.1,4.1
2014-03-19,7,Rosengren,Eric Rosengren Boston Reserve Bank,LR,2.1,5.3,2.0,,3.75,3.75
2014-03-19,8,Dudley,William Dudley New York Reserve Bank,LR,2.3,5.3,2.0,,3.5,3.5
2014-03-19,9,Fisher,Richard Fisher Dallas Reserve Bank,LR,2.3,5.6,2.0,,4.0,4.0
2014-03-19,10,Stein,Jeremy C Stein Office of Board Members,LR,2.3,5.5,2.0,,4.0,4.0
2014-03-19,11,Plosser,Charles Plosser Philadelphia Reserve Bank,LR,2.4,5.8,2.0,,4.0,4.0
2014-03-19,12,George,Esther George Kansas City Reserve Bank,LR,2.3,5.5,2.0,,4.3,4.3
2014-03-19,13,Kocherlakota,Narayana Kocherlakota Minneapolis Reserve Bank,LR,2.3,5.3,2.0,,3.5,3.5
2014-03-19,14,Yellen,Janet Yellen Office of Board Members,LR,2.2,5.2,2.0,,3.5,3.5
2014-03-19,15,Powell,Jerome Powell Office of Board Members,LR,2.3,5.2,2.0,,4.0,4.0
2014-03-19,16,Evans,Charles L Evans Chicago Reserve Bank,LR,2.4,5.2,2.0,,4.0,4.0
2014-06-18,1,Powell,Jerome Powell Office of Board Members,2014,2.3,6.0,1.5,1.5,0.13,0.125
2014-06-18,2,Williams,John C Williams San Francisco Reserve Bank,2014,2.2,6.0,1.6,1.6,0.13,0.125
2014-06-18,3,Tarullo,Daniel Tarullo Office of Board Members,2014,2.2,6.2,1.4,1.5,0.13,0.125
2014-06-18,4,Plosser,Charles Plosser Philadelphia Reserve Bank,2014,2.2,5.8,1.8,1.8,1.0,1.0
2014-06-18,5,Fischer,Stanley Fischer Office of Board Members,2014,2.3,6.0,1.5,1.5,0.13,0.125
2014-06-18,6,Lacker,Jeffrey Lacker Richmond Reserve Bank,2014,1.9,6.0,1.6,1.6,0.13,0.125
2014-06-18,7,Rosengren,Eric Rosengren Boston Reserve Bank,2014,2.1,6.2,1.5,1.4,0.13,0.125
2014-06-18,8,Mester,Loretta Mester Cleveland Reserve Bank,2014,2.3,6.0,1.6,1.5,0.13,0.125
2014-06-18,9,Kocherlakota,Narayana Kocherlakota Minneapolis Reserve Bank,2014,2.3,5.9,1.6,1.6,0.13,0.125
2014-06-18,10,Lockhart,Dennis P Lockhart Atlanta Reserve Bank,2014,2.0,6.1,1.5,1.5,0.13,0.125
2014-06-18,11,Bullard,James Bullard St. Louis Reserve Bank,2014,2.4,5.8,2.0,1.8,0.13,0.125
2014-06-18,12,Evans,Charles L Evans Chicago Reserve Bank,2014,2.1,6.1,1.5,1.4,0.13,0.125
2014-06-18,13,George,Esther George Kansas City Reserve Bank,2014,2.1,6.1,1.6,1.6,0.13,0.125
2014-06-18,14,Yellen,Janet Yellen Office of Board Members,2014,2.3,6.0,1.6,1.5,0.13,0.125
2014-06-18,15,Dudley,William Dudley New York Reserve Bank,2014,2.2,6.0,1.7,1.5,0.13,0.125
2014-06-18,16,Fisher,Richard Fisher Dallas Reserve Bank,2014,2.1,6.0,1.7,1.6,0.13,0.125
2014-06-18,1,Powell,Jerome Powell Office of Board Members,2015,2.8,5.4,1.5,1.6,1.25,1.25
2014-06-18,2,Williams,John C Williams San Francisco Reserve Bank,2015,3.2,5.4,1.6,1.7,1.25,1.25
2014-06-18,3,Tarullo,Daniel Tarullo Office of Board Members,2015,3.1,5.7,1.7,1.7,0.75,0.75
2014-06-18,4,Plosser,Charles Plosser Philadelphia Reserve Bank,2015,3.0,5.6,2.0,2.0,3.0,3.0
2014-06-18,5,Fischer,Stanley Fischer Office of Board Members,2015,3.1,5.4,1.5,1.6,1.25,1.25
2014-06-18,6,Lacker,Jeffrey Lacker Richmond Reserve Bank,2015,2.2,5.5,1.8,1.8,2.0,2.0
2014-06-18,7,Rosengren,Eric Rosengren Boston Reserve Bank,2015,2.9,5.9,1.5,1.5,0.13,0.125
2014-06-18,8,Mester,Loretta Mester Cleveland Reserve Bank,2015,3.0,5.7,1.7,1.7,1.5,1.5
2014-06-18,9,Kocherlakota,Narayana Kocherlakota Minneapolis Reserve Bank,2015,3.2,5.2,2.0,2.0,0.13,0.125
2014-06-18,10,Lockhart,Dennis P Lockhart Atlanta Reserve Bank,2015,3.0,5.6,1.8,1.8,0.5,0.5
2014-06-18,11,Bullard,James Bullard St. Louis Reserve Bank,2015,3.2,5.5,2.4,2.4,2.25,2.25
2014-06-18,12,Evans,Charles L Evans Chicago Reserve Bank,2015,3.0,5.6,1.5,1.5,0.13,0.125
2014-06-18,13,George,Esther George Kansas City Reserve Bank,2015,3.0,5.8,2.0,2.0,1.0,1.0
2014-06-18,14,Yellen,Janet Yellen Office of Board Members,2015,3.0,5.4,1.4,1.6,1.0,1.0
2014-06-18,15,Dudley,William Dudley New York Reserve Bank,2015,3.6,5.2,1.9,1.7,1.0,1.0
2014-06-18,16,Fisher,Richard Fisher Dallas Reserve Bank,2015,3.0,5.5,1.9,1.9,1.75,1.75
2014-06-18,1,Powell,Jerome Powell Office of Board Members,2016,3.0,5.0,1.5,1.7,2.25,2.25
2014-06-18,2,Williams,John C Williams San Francisco Reserve Bank,2016,3.0,5.2,1.8,1.9,2.75,2.75
2014-06-18,3,Tarullo,Daniel Tarullo Office of Board Members,2016,3.0,5.5,1.7,1.7,2.0,2.0
2014-06-18,4,Plosser,Charles Plosser Philadelphia Reserve Bank,2016,2.6,5.6,2.0,2.0,4.0,4.0
2014-06-18,5,Fischer,Stanley Fischer Office of Board Members,2016,3.1,5.0,1.6,1.7,2.5,2.5
2014-06-18,6,Lacker,Jeffrey Lacker Richmond Reserve Bank,2016,2.2,5.2,2.0,2.0,3.5,3.5
2014-06-18,7,Rosengren,Eric Rosengren Boston Reserve Bank,2016,3.0,5.5,1.6,1.6,1.0,1.0
2014-06-18,8,Mester,Loretta Mester Cleveland Reserve Bank,2016,3.0,5.5,2.0,2.0,3.0,3.0
2014-06-18,9,Kocherlakota,Narayana Kocherlakota Minneapolis Reserve Bank,2016,2.5,5.1,2.0,2.0,0.5,0.5
2014-06-18,10,Lockhart,Dennis P Lockhart Atlanta Reserve Bank,2016,2.8,5.2,2.0,2.0,2.5,2.5
2014-06-18,11,Bullard,James Bullard St. Louis Reserve Bank,2016,2.5,5.6,2.0,2.0,4.25,4.25
2014-06-18,12,Evans,Charles L Evans Chicago Reserve Bank,2016,3.0,5.2,1.7,1.7,1.25,1.25
2014-06-18,13,George,Esther George Kansas City Reserve Bank,2016,3.0,5.5,2.0,2.0,3.0,3.0
2014-06-18,14,Yellen,Janet Yellen Office of Board Members,2016,3.2,5.0,1.6,1.7,2.25,2.25
2014-06-18,15,Dudley,William Dudley New York Reserve Bank,2016,2.3,5.3,2.0,2.0,2.0,2.0
2014-06-18,16,Fisher,Richard Fisher Dallas Reserve Bank,2016,3.0,5.1,2.0,2.0,3.75,3.75
2014-06-18,1,Powell,Jerome Powell Office of Board Members,LR,2.0,5.2,2.0,,3.75,3.75
2014-06-18,2,Williams,John C Williams San Francisco Reserve Bank,LR,2.1,5.2,2.0,,3.9,3.9
2014-06-18,3,Tarullo,Daniel Tarullo Office of Board Members,LR,2.1,5.4,2.0,,3.5,3.5
2014-06-18,4,Plosser,Charles Plosser Philadelphia Reserve Bank,LR,2.4,5.6,2.0,,4.0,4.0
2014-06-18,5,Fischer,Stanley Fischer Office of Board Members,LR,2.3,5.0,2.0,,3.75,3.75
2014-06-18,6,Lacker,Jeffrey Lacker Richmond Reserve Bank,LR,1.8,5.5,2.0,,3.75,3.75
2014-06-18,7,Rosengren,Eric Rosengren Boston Reserve Bank,LR,2.0,5.2,2.0,,3.75,3.75
2014-06-18,8,Mester,Loretta Mester Cleveland Reserve Bank,LR,2.5,5.5,2.0,,3.75,3.75
2014-06-18,9,Kocherlakota,Narayana Kocherlakota Minneapolis Reserve Bank,LR,2.3,5.0,2.0,,3.25,3.25
2014-06-18,10,Lockhart,Dennis P Lockhart Atlanta Reserve Bank,LR,2.3,5.2,2.0,,4.0,4.0
2014-06-18,11,Bullard,James Bullard St. Louis Reserve Bank,LR,2.3,6.0,2.0,,4.25,4.25
2014-06-18,12,Evans,Charles L Evans Chicago Reserve Bank,LR,2.3,5.2,2.0,,3.75,3.75
2014-06-18,13,George,Esther George Kansas City Reserve Bank,LR,2.3,5.5,2.0,,4.3,4.3
2014-06-18,14,Yellen,Janet Yellen Office of Board Members,LR,2.2,5.2,2.0,,3.5,3.5
2014-06-18,15,Dudley,William Dudley New York Reserve Bank,LR,2.3,5.3,2.0,,3.5,3.5
2014-06-18,16,Fisher,Richard Fisher Dallas Reserve Bank,LR,2.3,5.5,2.0,,3.75,3.75
2014-09-17,1,Fisher,Richard Fisher Dallas Reserve Bank,2014,2.2,5.9,1.8,1.6,0.13,0.125
2014-09-17,2,Plosser,Charles Plosser Philadelphia Reserve Bank,2014,2.2,5.7,1.8,1.8,0.88,0.875
2014-09-17,3,Powell,Jerome Powell Office of Board Members,2014,2.2,5.9,1.5,1.5,0.13,0.125
2014-09-17,4,Lacker,Jeffrey Lacker Richmond Reserve Bank,2014,1.8,5.8,1.6,1.6,0.13,0.125
2014-09-17,5,Yellen,Chairman Yellen Office of Board Members,2014,2.2,5.9,1.5,1.5,0.13,0.125
2014-09-17,6,Kocherlakota,Narayana Kocherlakota Minneapolis Reserve Bank,2014,1.9,5.9,1.5,1.5,0.13,0.125
2014-09-17,7,George,Esther George Kansas City Reserve Bank,2014,2.1,6.0,1.7,1.6,0.13,0.125
2014-09-17,8,Mester,Loretta J Mester Cleveland Reserve Bank,2014,2.1,5.9,1.7,1.6,0.13,0.125
2014-09-17,9,Evans,Charles L Evans Chicago Reserve Bank,2014,2.1,6.0,1.5,1.5,0.13,0.125
2014-09-17,10,Williams,John C Williams San Francisco Reserve Bank,2014,2.2,5.9,1.5,1.6,0.13,0.125
2014-09-17,11,Lockhart,Dennis P Lockhart Atlanta Reserve Bank,2014,2.2,6.0,1.6,1.6,0.13,0.125
2014-09-17,12,Brainard,Lael Brainard Office of Board Members,2014,2.0,5.9,1.5,1.5,0.13,0.125
2014-09-17,13,Dudley,William Dudley New York Reserve Bank,2014,2.0,6.1,1.7,1.5,0.13,0.125
2014-09-17,14,Fischer,Stanley Fischer Office of Board Members,2014,2.3,5.9,1.6,1.6,0.13,0.125
2014-09-17,15,Bullard,James Bullard St. Louis Reserve Bank,2014,2.2,5.9,1.7,1.6,0.13,0.125
2014-09-17,16,Rosengren,Eric Rosengren Boston Reserve Bank,2014,2.2,5.9,1.5,1.5,0.13,0.125
2014-09-17,17,Tarullo,Daniel Tarullo Office of Board Members,2014,2.3,5.9,1.5,1.5,0.13,0.125
2014-09-17,1,Fisher,Richard Fisher Dallas Reserve Bank,2015,3.0,5.4,1.9,1.9,1.88,1.875
2014-09-17,2,Plosser,Charles Plosser Philadelphia Reserve Bank,2015,3.0,5.4,2.0,2.0,2.88,2.875
2014-09-17,3,Powell,Jerome Powell Office of Board Members,2015,2.6,5.4,1.9,1.9,1.38,1.375
2014-09-17,4,Lacker,Jeffrey Lacker Richmond Reserve Bank,2015,2.1,5.5,1.8,1.8,1.88,1.875
2014-09-17,5,Yellen,Chairman Yellen Office of Board Members,2015,2.7,5.4,1.5,1.6,1.13,1.125
2014-09-17,6,Kocherlakota,Narayana Kocherlakota Minneapolis Reserve Bank,2015,2.9,5.2,1.8,1.8,0.13,0.125
2014-09-17,7,George,Esther George Kansas City Reserve Bank,2015,3.0,5.7,2.0,2.0,1.88,1.875
2014-09-17,8,Mester,Loretta J Mester Cleveland Reserve Bank,2015,3.0,5.5,1.7,1.7,1.63,1.625
2014-09-17,9,Evans,Charles L Evans Chicago Reserve Bank,2015,3.0,5.6,1.6,1.6,0.13,0.125
2014-09-17,10,Williams,John C Williams San Francisco Reserve Bank,2015,3.1,5.3,1.6,1.7,1.38,1.375
2014-09-17,11,Lockhart,Dennis P Lockhart Atlanta Reserve Bank,2015,3.0,5.5,1.8,1.8,0.88,0.875
2014-09-17,12,Brainard,Lael Brainard Office of Board Members,2015,2.5,5.4,1.7,1.6,1.13,1.125
2014-09-17,13,Dudley,William Dudley New York Reserve Bank,2015,3.2,5.6,1.8,1.7,0.88,0.875
2014-09-17,14,Fischer,Stanley Fischer Office of Board Members,2015,2.8,5.3,1.7,1.7,1.38,1.375
2014-09-17,15,Bullard,James Bullard St. Louis Reserve Bank,2015,3.2,5.5,2.4,2.4,1.88,1.875
2014-09-17,16,Rosengren,Eric Rosengren Boston Reserve Bank,2015,2.6,5.6,1.5,1.6,0.38,0.375
2014-09-17,17,Tarullo,Daniel Tarullo Office of Board Members,2015,2.9,5.6,1.7,1.7,0.88,0.875
2014-09-17,1,Fisher,Richard Fisher Dallas Reserve Bank,2016,2.8,5.1,2.0,2.0,3.88,3.875
2014-09-17,2,Plosser,Charles Plosser Philadelphia Reserve Bank,2016,2.6,5.3,2.0,2.0,4.0,4.0
2014-09-17,3,Powell,Jerome Powell Office of Board Members,2016,2.9,5.0,2.0,2.2,2.88,2.875
2014-09-17,4,Lacker,Jeffrey Lacker Richmond Reserve Bank,2016,2.1,5.0,2.0,2.0,3.38,3.375
2014-09-17,5,Yellen,Chairman Yellen Office of Board Members,2016,2.9,5.1,1.7,1.8,2.38,2.375
2014-09-17,6,Kocherlakota,Narayana Kocherlakota Minneapolis Reserve Bank,2016,2.7,4.9,2.0,2.0,0.38,0.375
2014-09-17,7,George,Esther George Kansas City Reserve Bank,2016,3.0,5.5,2.0,2.0,3.88,3.875
2014-09-17,8,Mester,Loretta J Mester Cleveland Reserve Bank,2016,3.0,5.4,2.0,2.0,3.13,3.125
2014-09-17,9,Evans,Charles L Evans Chicago Reserve Bank,2016,3.0,5.2,1.7,1.7,1.13,1.125
2014-09-17,10,Williams,John C Williams San Francisco Reserve Bank,2016,2.7,5.2,1.8,1.9,3.0,3.0
2014-09-17,11,Lockhart,Dennis P Lockhart Atlanta Reserve Bank,2016,2.8,5.2,2.0,2.0,2.88,2.875
2014-09-17,12,Brainard,Lael Brainard Office of Board Members,2016,2.6,5.1,1.8,1.8,2.13,2.125
2014-09-17,13,Dudley,William Dudley New York Reserve Bank,2016,2.6,5.3,2.0,2.0,2.38,2.375
2014-09-17,14,Fischer,Stanley Fischer Office of Board Members,2016,2.8,5.2,1.9,1.9,2.63,2.625
2014-09-17,15,Bullard,James Bullard St. Louis Reserve Bank,2016,2.5,5.6,2.1,2.1,3.88,3.875
2014-09-17,16,Rosengren,Eric Rosengren Boston Reserve Bank,2016,2.7,5.2,1.6,1.7,1.63,1.625
2014-09-17,17,Tarullo,Daniel Tarullo Office of Board Members,2016,2.9,5.4,1.7,1.7,2.13,2.125
2014-09-17,1,Fisher,Richard Fisher Dallas Reserve Bank,2017,2.3,5.1,2.1,2.1,4.38,4.375
2014-09-17,2,Plosser,Charles Plosser Philadelphia Reserve Bank,2017,2.5,5.3,2.0,2.0,4.0,4.0
2014-09-17,3,Powell,Jerome Powell Office of Board Members,2017,2.3,4.9,2.2,2.2,3.63,3.625
2014-09-17,4,Lacker,Jeffrey Lacker Richmond Reserve Bank,2017,2.0,5.0,2.0,2.0,3.75,3.75
2014-09-17,5,Yellen,Chairman Yellen Office of Board Members,2017,2.3,5.0,1.8,1.9,3.13,3.125
2014-09-17,6,Kocherlakota,Narayana Kocherlakota Minneapolis Reserve Bank,2017,2.5,4.7,2.0,2.0,2.0,2.0
2014-09-17,7,George,Esther George Kansas City Reserve Bank,2017,2.3,5.5,2.0,2.0,4.3,4.3
2014-09-17,8,Mester,Loretta J Mester Cleveland Reserve Bank,2017,2.5,5.5,2.0,2.0,3.75,3.75
2014-09-17,9,Evans,Charles L Evans Chicago Reserve Bank,2017,2.5,5.1,1.9,1.9,2.63,2.625
2014-09-17,10,Williams,John C Williams San Francisco Reserve Bank,2017,2.3,5.2,2.0,2.0,3.9,3.9
2014-09-17,11,Lockhart,Dennis P Lockhart Atlanta Reserve Bank,2017,2.5,5.2,2.0,2.0,3.88,3.875
2014-09-17,12,Brainard,Lael Brainard Office of Board Members,2017,2.4,5.0,1.9,1.9,3.13,3.125
2014-09-17,13,Dudley,William Dudley New York Reserve Bank,2017,2.0,5.3,2.0,2.0,3.38,3.375
2014-09-17,14,Fischer,Stanley Fischer Office of Board Members,2017,2.6,4.9,2.0,2.0,3.88,3.875
2014-09-17,15,Bullard,James Bullard St. Louis Reserve Bank,2017,2.3,5.8,2.0,2.0,4.13,4.125
2014-09-17,16,Rosengren,Eric Rosengren Boston Reserve Bank,2017,2.3,4.9,1.7,1.8,3.13,3.125
2014-09-17,17,Tarullo,Daniel Tarullo Office of Board Members,2017,2.3,5.0,1.7,1.8,3.38,3.375
2014-09-17,1,Fisher,Richard Fisher Dallas Reserve Bank,LR,2.3,5.5,2.0,,3.75,3.75
2014-09-17,2,Plosser,Charles Plosser Philadelphia Reserve Bank,LR,2.4,5.5,2.0,,4.0,4.0
2014-09-17,3,Powell,Jerome Powell Office of Board Members,LR,2.0,5.2,2.0,,3.75,3.75
2014-09-17,4,Lacker,Jeffrey Lacker Richmond Reserve Bank,LR,1.8,5.5,2.0,,3.75,3.75
2014-09-17,5,Yellen,Chairman Yellen Office of Board Members,LR,2.0,5.2,2.0,,3.5,3.5
2014-09-17,6,Kocherlakota,Narayana Kocherlakota Minneapolis Reserve Bank,LR,2.0,5.0,2.0,,3.25,3.25
2014-09-17,7,George,Esther George Kansas City Reserve Bank,LR,2.3,5.5,2.0,,4.3,4.3
2014-09-17,8,Mester,Loretta J Mester Cleveland Reserve Bank,LR,2.5,5.5,2.0,,3.75,3.75
2014-09-17,9,Evans,Charles L Evans Chicago Reserve Bank,LR,2.3,5.2,2.0,,3.75,3.75
2014-09-17,10,Williams,John C Williams San Francisco Reserve Bank,LR,2.1,5.2,2.0,,3.9,3.9
2014-09-17,11,Lockhart,Dennis P Lockhart Atlanta Reserve Bank,LR,2.3,5.2,2.0,,4.0,4.0
2014-09-17,12,Brainard,Lael Brainard Office of Board Members,LR,2.2,5.2,2.0,,3.88,3.875
2014-09-17,13,Dudley,William Dudley New York Reserve Bank,LR,2.0,5.3,2.0,,3.5,3.5
2014-09-17,14,Fischer,Stanley Fischer Office of Board Members,LR,2.6,5.1,2.0,,4.0,4.0
2014-09-17,15,Bullard,James Bullard St. Louis Reserve Bank,LR,2.3,6.0,2.0,,4.25,4.25
2014-09-17,16,Rosengren,Eric Rosengren Boston Reserve Bank,LR,2.0,5.2,2.0,,3.75,3.75
2014-09-17,17,Tarullo,Daniel Tarullo Office of Board Members,LR,2.0,5.4,2.0,,3.5,3.5
2014-12-17,1,George,Esther George Kansas City Reserve Bank,2014,2.3,5.8,1.4,1.6,0.13,0.125
2014-12-17,2,Dudley,William Dudley New York Reserve Bank,2014,2.3,5.8,1.3,1.6,0.13,0.125
2014-12-17,3,Powell,Jerome Powell Office of Board Members,2014,2.4,5.7,1.2,1.6,0.13,0.125
2014-12-17,4,Lockhart,Dennis P Lockhart Atlanta Reserve Bank,2014,2.3,5.8,1.2,1.6,0.13,0.125
2014-12-17,5,Williams,John C Williams San Francisco Reserve Bank,2014,2.4,5.8,1.3,1.5,0.13,0.125
2014-12-17,6,Yellen,Chair Yellen Office of Board Members,2014,2.3,5.8,1.2,1.6,0.13,0.125
2014-12-17,7,Mester,Loretta J Mester Cleveland Reserve Bank,2014,2.4,5.8,1.3,1.6,0.13,0.125
2014-12-17,8,Evans,Charles L Evans Chicago Reserve Bank,2014,2.3,5.8,1.2,1.5,0.13,0.125
2014-12-17,9,Fischer,Stanley Fischer Office of Board Members,2014,2.4,5.8,1.2,1.5,0.13,0.125
2014-12-17,10,Kocherlakota,Narayana Kocherlakota Minneapolis Reserve Bank,2014,2.4,5.7,1.2,1.6,0.13,0.125
2014-12-17,11,Brainard,Lael Brainard Office of Board Members,2014,2.4,5.8,1.2,1.6,0.13,0.125
2014-12-17,12,Tarullo,Daniel Tarullo Office of Board Members,2014,2.4,5.8,1.2,1.6,0.13,0.125
2014-12-17,13,Rosengren,Eric Rosengren Boston Reserve Bank,2014,2.4,5.8,1.2,1.5,0.13,0.125
2014-12-17,14,Plosser,Charles Plosser Philadelphia Reserve Bank,2014,2.5,5.7,1.6,1.6,0.13,0.125
2014-12-17,15,Fisher,Richard Fisher Dallas Reserve Bank,2014,2.4,5.8,1.3,1.6,0.13,0.125
2014-12-17,16,Bullard,James Bullard St. Louis Reserve Bank,2014,2.3,5.8,1.4,1.6,0.13,0.125
2014-12-17,17,Lacker,Jeffrey Lacker Richmond Reserve Bank,2014,2.3,5.8,1.2,1.6,0.13,0.125
2014-12-17,1,George,Esther George Kansas City Reserve Bank,2015,3.0,5.5,1.8,2.0,1.63,1.625
2014-12-17,2,Dudley,William Dudley New York Reserve Bank,2015,2.7,5.2,1.1,1.5,0.88,0.875
2014-12-17,3,Powell,Jerome Powell Office of Board Members,2015,2.5,5.2,1.0,1.5,1.13,1.125
2014-12-17,4,Lockhart,Dennis P Lockhart Atlanta Reserve Bank,2015,3.2,5.3,1.2,1.7,0.88,0.875
2014-12-17,5,Williams,John C Williams San Francisco Reserve Bank,2015,2.7,5.3,1.0,1.6,1.13,1.125
2014-12-17,6,Yellen,Chair Yellen Office of Board Members,2015,2.7,5.3,1.2,1.6,0.88,0.875
2014-12-17,7,Mester,Loretta J Mester Cleveland Reserve Bank,2015,3.0,5.3,1.6,1.7,1.88,1.875
2014-12-17,8,Evans,Charles L Evans Chicago Reserve Bank,2015,3.0,5.4,1.2,1.5,0.13,0.125
2014-12-17,9,Fischer,Stanley Fischer Office of Board Members,2015,3.0,5.3,1.3,1.5,1.13,1.125
2014-12-17,10,Kocherlakota,Narayana Kocherlakota Minneapolis Reserve Bank,2015,2.9,5.2,1.8,1.8,0.13,0.125
2014-12-17,11,Brainard,Lael Brainard Office of Board Members,2015,2.5,5.3,1.0,1.5,0.88,0.875
2014-12-17,12,Tarullo,Daniel Tarullo Office of Board Members,2015,2.8,5.3,1.2,1.5,0.63,0.625
2014-12-17,13,Rosengren,Eric Rosengren Boston Reserve Bank,2015,2.6,5.3,1.0,1.5,0.63,0.625
2014-12-17,14,Plosser,Charles Plosser Philadelphia Reserve Bank,2015,3.0,5.3,1.6,1.8,1.88,1.875
2014-12-17,15,Fisher,Richard Fisher Dallas Reserve Bank,2015,2.8,5.0,1.5,2.0,1.88,1.875
2014-12-17,16,Bullard,James Bullard St. Louis Reserve Bank,2015,3.2,5.2,2.2,2.2,1.88,1.875
2014-12-17,17,Lacker,Jeffrey Lacker Richmond Reserve Bank,2015,2.1,5.4,1.2,1.7,1.63,1.625
2014-12-17,1,George,Esther George Kansas City Reserve Bank,2016,3.0,5.3,2.1,2.1,3.63,3.625
2014-12-17,2,Dudley,William Dudley New York Reserve Bank,2016,2.3,5.0,1.8,1.8,2.13,2.125
2014-12-17,3,Powell,Jerome Powell Office of Board Members,2016,2.7,5.0,1.7,1.6,2.63,2.625
2014-12-17,4,Lockhart,Dennis P Lockhart Atlanta Reserve Bank,2016,2.9,5.2,1.9,1.8,2.88,2.875
2014-12-17,5,Williams,John C Williams San Francisco Reserve Bank,2016,2.4,5.2,1.8,1.8,2.5,2.5
2014-12-17,6,Yellen,Chair Yellen Office of Board Members,2016,2.9,5.0,1.8,1.8,2.13,2.125
2014-12-17,7,Mester,Loretta J Mester Cleveland Reserve Bank,2016,3.0,5.4,2.0,2.0,3.38,3.375
2014-12-17,8,Evans,Charles L Evans Chicago Reserve Bank,2016,3.0,5.1,1.6,1.6,1.13,1.125
2014-12-17,9,Fischer,Stanley Fischer Office of Board Members,2016,3.0,5.1,1.7,1.7,2.38,2.375
2014-12-17,10,Kocherlakota,Narayana Kocherlakota Minneapolis Reserve Bank,2016,2.7,4.9,2.0,2.0,0.38,0.375
2014-12-17,11,Brainard,Lael Brainard Office of Board Members,2016,2.6,5.1,1.7,1.8,1.88,1.875
2014-12-17,12,Tarullo,Daniel Tarullo Office of Board Members,2016,2.6,5.1,1.7,1.7,2.13,2.125
2014-12-17,13,Rosengren,Eric Rosengren Boston Reserve Bank,2016,2.7,5.0,1.7,1.7,1.88,1.875
2014-12-17,14,Plosser,Charles Plosser Philadelphia Reserve Bank,2016,2.6,5.3,2.0,2.0,3.13,3.125
2014-12-17,15,Fisher,Richard Fisher Dallas Reserve Bank,2016,2.5,5.0,2.0,2.1,4.0,4.0
2014-12-17,16,Bullard,James Bullard St. Louis Reserve Bank,2016,2.5,5.2,2.0,2.0,3.88,3.875
2014-12-17,17,Lacker,Jeffrey Lacker Richmond Reserve Bank,2016,2.1,5.1,1.8,1.9,3.13,3.125
2014-12-17,1,George,Esther George Kansas City Reserve Bank,2017,2.3,5.3,2.2,2.2,4.25,4.25
2014-12-17,2,Dudley,William Dudley New York Reserve Bank,2017,2.0,5.0,2.0,2.0,3.38,3.375
2014-12-17,3,Powell,Jerome Powell Office of Board Members,2017,2.2,4.9,1.8,1.8,3.63,3.625
2014-12-17,4,Lockhart,Dennis P Lockhart Atlanta Reserve Bank,2017,2.5,5.2,2.0,2.0,3.88,3.875
2014-12-17,5,Williams,John C Williams San Francisco Reserve Bank,2017,2.3,5.2,2.0,2.0,4.0,4.0
2014-12-17,6,Yellen,Chair Yellen Office of Board Members,2017,2.3,4.8,1.9,1.9,3.13,3.125
2014-12-17,7,Mester,Loretta J Mester Cleveland Reserve Bank,2017,2.5,5.5,2.0,2.0,3.75,3.75
2014-12-17,8,Evans,Charles L Evans Chicago Reserve Bank,2017,2.5,4.9,1.8,1.8,2.63,2.625
2014-12-17,9,Fischer,Stanley Fischer Office of Board Members,2017,2.7,4.9,1.8,1.8,3.63,3.625
2014-12-17,10,Kocherlakota,Narayana Kocherlakota Minneapolis Reserve Bank,2017,2.5,4.7,2.0,2.0,2.0,2.0
2014-12-17,11,Brainard,Lael Brainard Office of Board Members,2017,2.4,5.0,1.9,1.9,2.88,2.875
2014-12-17,12,Tarullo,Daniel Tarullo Office of Board Members,2017,2.3,5.0,1.8,1.8,3.38,3.375
2014-12-17,13,Rosengren,Eric Rosengren Boston Reserve Bank,2017,2.3,4.9,1.8,1.8,3.13,3.125
2014-12-17,14,Plosser,Charles Plosser Philadelphia Reserve Bank,2017,2.5,5.3,2.0,2.0,3.75,3.75
2014-12-17,15,Fisher,Richard Fisher Dallas Reserve Bank,2017,2.3,5.0,2.1,2.1,4.25,4.25
2014-12-17,16,Bullard,James Bullard St. Louis Reserve Bank,2017,2.3,5.7,2.0,2.0,4.13,4.125
2014-12-17,17,Lacker,Jeffrey Lacker Richmond Reserve Bank,2017,2.0,5.0,2.0,2.0,3.75,3.75
2014-12-17,1,George,Esther George Kansas City Reserve Bank,LR,2.3,5.5,2.0,,4.25,4.25
2014-12-17,2,Dudley,William Dudley New York Reserve Bank,LR,2.0,5.0,2.0,,3.5,3.5
2014-12-17,3,Powell,Jerome Powell Office of Board Members,LR,2.0,5.2,2.0,,3.75,3.75
2014-12-17,4,Lockhart,Dennis P Lockhart Atlanta Reserve Bank,LR,2.3,5.2,2.0,,4.0,4.0
2014-12-17,5,Williams,John C Williams San Francisco Reserve Bank,LR,2.1,5.2,2.0,,4.0,4.0
2014-12-17,6,Yellen,Chair Yellen Office of Board Members,LR,2.0,5.0,2.0,,3.5,3.5
2014-12-17,7,Mester,Loretta J Mester Cleveland Reserve Bank,LR,2.5,5.5,2.0,,3.75,3.75
2014-12-17,8,Evans,Charles L Evans Chicago Reserve Bank,LR,2.3,5.2,2.0,,3.75,3.75
2014-12-17,9,Fischer,Stanley Fischer Office of Board Members,LR,2.7,5.2,2.0,,4.0,4.0
2014-12-17,10,Kocherlakota,Narayana Kocherlakota Minneapolis Reserve Bank,LR,2.0,5.0,2.0,,3.25,3.25
2014-12-17,11,Brainard,Lael Brainard Office of Board Members,LR,2.2,5.2,2.0,,3.75,3.75
2014-12-17,12,Tarullo,Daniel Tarullo Office of Board Members,LR,2.0,5.2,2.0,,3.5,3.5
2014-12-17,13,Rosengren,Eric Rosengren Boston Reserve Bank,LR,2.0,5.2,2.0,,3.75,3.75
2014-12-17,14,Plosser,Charles Plosser Philadelphia Reserve Bank,LR,2.4,5.3,2.0,,3.75,3.75
2014-12-17,15,Fisher,Richard Fisher Dallas Reserve Bank,LR,2.3,5.2,2.0,,3.75,3.75
2014-12-17,16,Bullard,James Bullard St. Louis Reserve Bank,LR,2.3,5.8,2.0,,4.25,4.25
2014-12-17,17,Lacker,Jeffrey Lacker Richmond Reserve Bank,LR,1.8,5.5,2.0,,3.75,3.75
2015-03-18,1,Tarullo,Daniel Tarullo Office of Board Members,2015,2.4,5.2,0.7,1.2,0.38,0.375
2015-03-18,2,Powell,Jerome Powell Office of Board Members,2015,2.1,5.1,0.6,1.3,0.63,0.625
2015-03-18,3,Brainard,Lael Brainard Office of Board Members,2015,2.3,5.2,0.6,1.3,0.63,0.625
2015-03-18,4,Prichard,Blake Prichard Philadelphia Reserve Bank,2015,2.8,5.2,0.8,1.4,0.88,0.875
2015-03-18,5,Bullard,James Bullard St. Louis Reserve Bank,2015,3.1,4.8,1.5,1.6,1.38,1.375
2015-03-18,6,Rosengren,Eric Rosengren Boston Reserve Bank,2015,2.5,5.2,0.6,1.2,0.63,0.625
2015-03-18,7,Mester,Loretta J Mester Cleveland Reserve Bank,2015,3.0,5.2,1.0,1.5,1.38,1.375
2015-03-18,8,Kocherlakota,Narayana Kocherlakota Minneapolis Reserve Bank,2015,2.7,5.2,0.6,1.4,0.13,0.125
2015-03-18,9,Yellen,Chairman Yellen Office of Board Members,2015,2.3,5.2,0.6,1.3,0.63,0.625
2015-03-18,10,Lockhart,Dennis P Lockhart Atlanta Reserve Bank,2015,2.7,5.2,0.8,1.4,0.63,0.625
2015-03-18,11,Williams,John C Williams San Francisco Reserve Bank,2015,2.6,5.0,0.7,1.3,0.88,0.875
2015-03-18,12,Fischer,Stanley Fischer Office of Board Members,2015,2.4,5.0,0.6,1.3,0.63,0.625
2015-03-18,13,George,Esther George Kansas City Reserve Bank,2015,2.6,5.3,0.8,1.4,0.88,0.875
2015-03-18,14,Dudley,William Dudley New York Reserve Bank,2015,2.5,5.1,0.7,1.2,0.63,0.625
2015-03-18,15,Evans,Charles L Evans Chicago Reserve Bank,2015,2.7,5.2,0.7,1.3,0.13,0.125
2015-03-18,16,Holcomb,Helen Holcomb Dallas Reserve Bank,2015,2.5,5.0,0.8,1.5,1.63,1.625
2015-03-18,17,Lacker,Jeffrey Lacker Richmond Reserve Bank,2015,2.2,5.3,0.7,1.3,1.13,1.125
2015-03-18,1,Tarullo,Daniel Tarullo Office of Board Members,2016,2.5,5.1,1.7,1.5,1.88,1.875
2015-03-18,2,Powell,Jerome Powell Office of Board Members,2016,2.3,4.9,1.7,1.6,1.63,1.625
2015-03-18,3,Brainard,Lael Brainard Office of Board Members,2016,2.3,5.0,1.6,1.5,1.63,1.625
2015-03-18,4,Prichard,Blake Prichard Philadelphia Reserve Bank,2016,2.7,5.1,1.8,1.7,2.13,2.125
2015-03-18,5,Bullard,James Bullard St. Louis Reserve Bank,2016,2.5,4.5,2.4,2.4,3.38,3.375
2015-03-18,6,Rosengren,Eric Rosengren Boston Reserve Bank,2016,2.2,5.1,1.7,1.6,1.63,1.625
2015-03-18,7,Mester,Loretta J Mester Cleveland Reserve Bank,2016,3.0,5.2,2.0,1.9,3.38,3.375
2015-03-18,8,Kocherlakota,Narayana Kocherlakota Minneapolis Reserve Bank,2016,2.5,5.0,1.7,1.8,0.38,0.375
2015-03-18,9,Yellen,Chairman Yellen Office of Board Members,2016,2.6,5.0,1.7,1.6,1.88,1.875
2015-03-18,10,Lockhart,Dennis P Lockhart Atlanta Reserve Bank,2016,2.7,5.1,1.8,1.8,1.63,1.625
2015-03-18,11,Williams,John C Williams San Francisco Reserve Bank,2016,2.3,5.0,1.9,1.8,2.25,2.25
2015-03-18,12,Fischer,Stanley Fischer Office of Board Members,2016,2.5,4.8,1.7,1.7,1.63,1.625
2015-03-18,13,George,Esther George Kansas City Reserve Bank,2016,2.7,5.1,1.9,1.9,1.88,1.875
2015-03-18,14,Dudley,William Dudley New York Reserve Bank,2016,2.3,4.8,1.6,1.5,1.63,1.625
2015-03-18,15,Evans,Charles L Evans Chicago Reserve Bank,2016,2.8,5.0,1.7,1.5,1.13,1.125
2015-03-18,16,Holcomb,Helen Holcomb Dallas Reserve Bank,2016,2.3,5.0,2.0,2.0,3.75,3.75
2015-03-18,17,Lacker,Jeffrey Lacker Richmond Reserve Bank,2016,2.2,5.0,1.9,1.9,2.63,2.625
2015-03-18,1,Tarullo,Daniel Tarullo Office of Board Members,2017,2.2,5.0,1.8,1.8,3.38,3.375
2015-03-18,2,Powell,Jerome Powell Office of Board Members,2017,2.0,4.9,1.9,1.8,3.13,3.125
2015-03-18,3,Brainard,Lael Brainard Office of Board Members,2017,2.2,4.9,1.9,1.9,2.63,2.625
2015-03-18,4,Prichard,Blake Prichard Philadelphia Reserve Bank,2017,2.4,5.0,2.0,1.9,3.63,3.625
2015-03-18,5,Bullard,James Bullard St. Louis Reserve Bank,2017,1.8,5.3,2.2,2.2,3.88,3.875
2015-03-18,6,Rosengren,Eric Rosengren Boston Reserve Bank,2017,2.3,5.0,1.9,1.8,2.63,2.625
2015-03-18,7,Mester,Loretta J Mester Cleveland Reserve Bank,2017,2.5,5.5,2.0,2.0,3.75,3.75
2015-03-18,8,Kocherlakota,Narayana Kocherlakota Minneapolis Reserve Bank,2017,2.2,4.9,2.0,2.0,2.0,2.0
2015-03-18,9,Yellen,Chairman Yellen Office of Board Members,2017,2.2,4.8,1.9,1.9,3.13,3.125
2015-03-18,10,Lockhart,Dennis P Lockhart Atlanta Reserve Bank,2017,2.5,5.0,2.0,2.0,3.63,3.625
2015-03-18,11,Williams,John C Williams San Francisco Reserve Bank,2017,2.0,5.2,2.1,2.0,3.75,3.75
2015-03-18,12,Fischer,Stanley Fischer Office of Board Members,2017,2.4,4.8,1.9,2.0,2.88,2.875
2015-03-18,13,George,Esther George Kansas City Reserve Bank,2017,2.3,5.1,2.0,2.0,2.88,2.875
2015-03-18,14,Dudley,William Dudley New York Reserve Bank,2017,2.0,4.8,2.0,2.0,3.13,3.125
2015-03-18,15,Evans,Charles L Evans Chicago Reserve Bank,2017,2.5,4.8,1.7,1.7,2.63,2.625
2015-03-18,16,Holcomb,Helen Holcomb Dallas Reserve Bank,2017,2.2,5.0,2.2,2.1,4.0,4.0
2015-03-18,17,Lacker,Jeffrey Lacker Richmond Reserve Bank,2017,2.0,5.0,2.0,2.0,3.13,3.125
2015-03-18,1,Tarullo,Daniel Tarullo Office of Board Members,LR,2.0,5.0,2.0,,3.5,3.5
2015-03-18,2,Powell,Jerome Powell Office of Board Members,LR,2.0,5.0,2.0,,3.5,3.5
2015-03-18,3,Brainard,Lael Brainard Office of Board Members,LR,2.2,5.0,2.0,,3.75,3.75
2015-03-18,4,Prichard,Blake Prichard Philadelphia Reserve Bank,LR,2.4,5.2,2.0,,3.75,3.75
2015-03-18,5,Bullard,James Bullard St. Louis Reserve Bank,LR,2.0,5.8,2.0,,4.0,4.0
2015-03-18,6,Rosengren,Eric Rosengren Boston Reserve Bank,LR,1.9,5.0,2.0,,3.5,3.5
2015-03-18,7,Mester,Loretta J Mester Cleveland Reserve Bank,LR,2.5,5.5,2.0,,3.75,3.75
2015-03-18,8,Kocherlakota,Narayana Kocherlakota Minneapolis Reserve Bank,LR,2.0,5.0,2.0,,3.0,3.0
2015-03-18,9,Yellen,Chairman Yellen Office of Board Members,LR,2.0,5.0,2.0,,3.5,3.5
2015-03-18,10,Lockhart,Dennis P Lockhart Atlanta Reserve Bank,LR,2.3,5.0,2.0,,4.0,4.0
2015-03-18,11,Williams,John C Williams San Francisco Reserve Bank,LR,2.0,5.2,2.0,,3.75,3.75
2015-03-18,12,Fischer,Stanley Fischer Office of Board Members,LR,2.5,4.9,2.0,,3.5,3.5
2015-03-18,13,George,Esther George Kansas City Reserve Bank,LR,2.3,5.2,2.0,,4.25,4.25
2015-03-18,14,Dudley,William Dudley New York Reserve Bank,LR,2.0,5.0,2.0,,3.5,3.5
2015-03-18,15,Evans,Charles L Evans Chicago Reserve Bank,LR,2.3,5.0,2.0,,3.5,3.5
2015-03-18,16,Holcomb,Helen Holcomb Dallas Reserve Bank,LR,2.2,5.2,2.0,,3.75,3.75
2015-03-18,17,Lacker,Jeffrey Lacker Richmond Reserve Bank,LR,1.8,5.0,2.0,,3.75,3.75
2015-06-17,1,Prichard,Blake Prichard Philadelphia Reserve Bank,2015,2.0,5.2,0.8,1.4,0.63,0.625
2015-06-17,2,Bullard,James Bullard St. Louis Reserve Bank,2015,2.3,5.0,1.0,1.6,0.88,0.875
2015-06-17,3,Fischer,Stanley Fischer Office of Board Members,2015,1.9,5.3,0.8,1.3,0.38,0.375
2015-06-17,4,George,Esther George Kansas City Reserve Bank,2015,1.8,5.2,1.0,1.5,0.88,0.875
2015-06-17,5,Tarullo,Daniel Tarullo Office of Board Members,2015,1.9,5.3,0.7,1.2,0.38,0.375
2015-06-17,6,Kocherlakota,Narayana Kocherlakota Minneapolis Reserve Bank,2015,1.9,5.3,0.6,1.4,0.13,0.125
2015-06-17,7,Rosengren,Eric Rosengren Boston Reserve Bank,2015,1.9,5.3,0.6,1.2,0.38,0.375
2015-06-17,8,Lacker,Jeffrey Lacker Richmond Reserve Bank,2015,1.8,5.3,0.6,1.4,0.88,0.875
2015-06-17,9,Mester,Loretta J Mester Cleveland Reserve Bank,2015,2.1,5.2,0.8,1.3,0.88,0.875
2015-06-17,10,Yellen,Chairman Yellen Office of Board Members,2015,1.7,5.3,0.6,1.3,0.38,0.375
2015-06-17,11,Williams,John C Williams San Francisco Reserve Bank,2015,2.0,5.1,0.7,1.3,0.63,0.625
2015-06-17,12,Evans,Charles L Evans Chicago Reserve Bank,2015,2.0,5.3,0.6,1.3,0.13,0.125
2015-06-17,13,Holcomb,Helen Holcomb Dallas Reserve Bank,2015,2.0,5.2,0.8,1.4,0.88,0.875
2015-06-17,14,Brainard,Lael Brainard Office of Board Members,2015,1.9,5.3,0.6,1.3,0.38,0.375
2015-06-17,15,Powell,Jerome Powell Office of Board Members,2015,1.9,5.1,0.6,1.3,0.63,0.625
2015-06-17,16,Lockhart,Dennis P Lockhart Atlanta Reserve Bank,2015,2.1,5.3,0.8,1.4,0.63,0.625
2015-06-17,17,Dudley,William Dudley New York Reserve Bank,2015,1.8,5.3,0.8,1.4,0.63,0.625
2015-06-17,1,Prichard,Blake Prichard Philadelphia Reserve Bank,2016,2.7,5.1,1.8,1.7,2.13,2.125
2015-06-17,2,Bullard,James Bullard St. Louis Reserve Bank,2016,2.8,4.6,2.4,2.4,2.88,2.875
2015-06-17,3,Fischer,Stanley Fischer Office of Board Members,2016,2.5,5.1,1.6,1.7,1.13,1.125
2015-06-17,4,George,Esther George Kansas City Reserve Bank,2016,2.7,5.1,1.9,1.9,1.88,1.875
2015-06-17,5,Tarullo,Daniel Tarullo Office of Board Members,2016,2.5,5.2,1.7,1.5,1.38,1.375
2015-06-17,6,Kocherlakota,Narayana Kocherlakota Minneapolis Reserve Bank,2016,2.6,5.0,1.7,1.8,0.38,0.375
2015-06-17,7,Rosengren,Eric Rosengren Boston Reserve Bank,2016,2.4,5.1,1.7,1.6,1.38,1.375
2015-06-17,8,Lacker,Jeffrey Lacker Richmond Reserve Bank,2016,2.4,5.0,1.9,1.9,2.38,2.375
2015-06-17,9,Mester,Loretta J Mester Cleveland Reserve Bank,2016,3.0,5.2,2.0,1.9,2.63,2.625
2015-06-17,10,Yellen,Chairman Yellen Office of Board Members,2016,2.3,5.1,1.6,1.6,1.38,1.375
2015-06-17,11,Williams,John C Williams San Francisco Reserve Bank,2016,2.3,5.0,1.9,1.8,2.25,2.25
2015-06-17,12,Evans,Charles L Evans Chicago Reserve Bank,2016,2.7,5.1,1.5,1.5,0.88,0.875
2015-06-17,13,Holcomb,Helen Holcomb Dallas Reserve Bank,2016,2.5,4.9,2.0,1.9,2.88,2.875
2015-06-17,14,Brainard,Lael Brainard Office of Board Members,2016,2.3,5.1,1.6,1.6,1.38,1.375
2015-06-17,15,Powell,Jerome Powell Office of Board Members,2016,2.4,4.9,1.7,1.7,1.63,1.625
2015-06-17,16,Lockhart,Dennis P Lockhart Atlanta Reserve Bank,2016,2.7,5.1,1.8,1.8,1.63,1.625
2015-06-17,17,Dudley,William Dudley New York Reserve Bank,2016,2.5,4.9,1.9,1.8,1.63,1.625
2015-06-17,1,Prichard,Blake Prichard Philadelphia Reserve Bank,2017,2.4,5.0,2.0,2.0,3.63,3.625
2015-06-17,2,Bullard,James Bullard St. Louis Reserve Bank,2017,2.0,5.3,2.2,2.2,3.88,3.875
2015-06-17,3,Fischer,Stanley Fischer Office of Board Members,2017,2.4,5.0,1.9,1.9,2.13,2.125
2015-06-17,4,George,Esther George Kansas City Reserve Bank,2017,2.3,5.1,2.0,2.0,2.88,2.875
2015-06-17,5,Tarullo,Daniel Tarullo Office of Board Members,2017,2.2,5.1,1.8,1.8,2.63,2.625
2015-06-17,6,Kocherlakota,Narayana Kocherlakota Minneapolis Reserve Bank,2017,2.2,4.9,2.0,2.0,2.0,2.0
2015-06-17,7,Rosengren,Eric Rosengren Boston Reserve Bank,2017,2.3,5.0,1.9,1.9,2.38,2.375
2015-06-17,8,Lacker,Jeffrey Lacker Richmond Reserve Bank,2017,2.1,5.0,2.0,2.0,3.38,3.375
2015-06-17,9,Mester,Loretta J Mester Cleveland Reserve Bank,2017,2.5,5.5,2.0,2.0,3.75,3.75
2015-06-17,10,Yellen,Chairman Yellen Office of Board Members,2017,2.3,4.8,1.9,1.9,2.63,2.625
2015-06-17,11,Williams,John C Williams San Francisco Reserve Bank,2017,2.0,5.2,2.0,2.0,3.75,3.75
2015-06-17,12,Evans,Charles L Evans Chicago Reserve Bank,2017,2.5,5.0,1.7,1.7,2.38,2.375
2015-06-17,13,Holcomb,Helen Holcomb Dallas Reserve Bank,2017,2.2,4.9,2.2,2.0,3.88,3.875
2015-06-17,14,Brainard,Lael Brainard Office of Board Members,2017,2.5,5.0,1.8,1.8,2.38,2.375
2015-06-17,15,Powell,Jerome Powell Office of Board Members,2017,2.2,4.9,2.0,2.0,2.63,2.625
2015-06-17,16,Lockhart,Dennis P Lockhart Atlanta Reserve Bank,2017,2.5,5.0,2.0,2.0,3.63,3.625
2015-06-17,17,Dudley,William Dudley New York Reserve Bank,2017,2.0,4.9,2.0,2.0,3.13,3.125
2015-06-17,1,Prichard,Blake Prichard Philadelphia Reserve Bank,LR,2.4,5.2,2.0,,3.75,3.75
2015-06-17,2,Bullard,James Bullard St. Louis Reserve Bank,LR,2.0,5.8,2.0,,4.0,4.0
2015-06-17,3,Fischer,Stanley Fischer Office of Board Members,LR,2.4,5.0,2.0,,3.5,3.5
2015-06-17,4,George,Esther George Kansas City Reserve Bank,LR,2.3,5.2,2.0,,4.25,4.25
2015-06-17,5,Tarullo,Daniel Tarullo Office of Board Members,LR,2.0,5.0,2.0,,3.25,3.25
2015-06-17,6,Kocherlakota,Narayana Kocherlakota Minneapolis Reserve Bank,LR,2.0,5.0,2.0,,3.25,3.25
2015-06-17,7,Rosengren,Eric Rosengren Boston Reserve Bank,LR,1.9,5.0,2.0,,3.5,3.5
2015-06-17,8,Lacker,Jeffrey Lacker Richmond Reserve Bank,LR,1.8,5.3,2.0,,3.75,3.75
2015-06-17,9,Mester,Loretta J Mester Cleveland Reserve Bank,LR,2.5,5.5,2.0,,3.75,3.75
2015-06-17,10,Yellen,Chairman Yellen Office of Board Members,LR,1.8,5.0,2.0,,3.25,3.25
2015-06-17,11,Williams,John C Williams San Francisco Reserve Bank,LR,2.0,5.2,2.0,,3.75,3.75
2015-06-17,12,Evans,Charles L Evans Chicago Reserve Bank,LR,2.3,5.0,2.0,,3.5,3.5
2015-06-17,13,Holcomb,Helen Holcomb Dallas Reserve Bank,LR,2.2,5.2,2.0,,3.75,3.75
2015-06-17,14,Brainard,Lael Brainard Office of Board Members,LR,2.2,5.0,2.0,,3.75,3.75
2015-06-17,15,Powell,Jerome Powell Office of Board Members,LR,2.0,5.0,2.0,,3.5,3.5
2015-06-17,16,Lockhart,Dennis P Lockhart Atlanta Reserve Bank,LR,2.3,5.0,2.0,,4.0,4.0
2015-06-17,17,Dudley,William Dudley New York Reserve Bank,LR,2.0,5.0,2.0,,3.5,3.5
2015-09-17,1,Yellen,Chairman Yellen Office of Board Members,2015,2.0,5.0,0.3,1.3,0.38,0.375
2015-09-17,2,Powell,Jerome Powell Office of Board Members,2015,2.1,4.9,0.3,1.2,0.38,0.375
2015-09-17,3,Bullard,James Bullard St. Louis Reserve Bank,2015,2.5,5.0,1.0,1.7,0.88,0.875
2015-09-17,4,George,Esther George Kansas City Reserve Bank,2015,2.1,5.1,0.5,1.4,0.63,0.625
2015-09-17,5,Lockhart,Dennis P Lockhart Atlanta Reserve Bank,2015,2.4,5.1,0.5,1.4,0.38,0.375
2015-09-17,6,Williams,John C Williams San Francisco Reserve Bank,2015,2.2,4.9,0.4,1.4,0.63,0.625
2015-09-17,7,Brainard,Lael Brainard Office of Board Members,2015,2.1,5.0,0.3,1.2,0.13,0.125
2015-09-17,8,Tarullo,Daniel Tarullo Office of Board Members,2015,2.0,5.1,0.5,1.2,0.13,0.125
2015-09-17,9,Rosengren,Eric Rosengren Boston Reserve Bank,2015,2.0,5.0,0.3,1.3,0.38,0.375
2015-09-17,10,Mester,Loretta J Mester Cleveland Reserve Bank,2015,2.4,5.0,0.8,1.4,0.63,0.625
2015-09-17,11,Harker,Patrick Harker Philadelphia Reserve Bank,2015,2.3,5.1,0.4,1.5,0.38,0.375
2015-09-17,12,Kaplan,Robert Kaplan Dallas Reserve Bank,2015,2.3,5.0,0.5,1.4,0.63,0.625
2015-09-17,14,Lacker,Jeffrey Lacker Richmond Reserve Bank,2015,2.1,5.2,0.4,1.4,0.63,0.625
2015-09-17,15,Fischer,Stanley Fischer Office of Board Members,2015,2.1,4.9,0.3,1.4,0.38,0.375
2015-09-17,16,Dudley,William Dudley New York Reserve Bank,2015,1.9,5.1,0.5,1.4,0.38,0.375
2015-09-17,17,Evans,Charles L Evans Chicago Reserve Bank,2015,2.3,5.0,0.4,1.3,0.13,0.125
2015-09-17,1,Yellen,Chairman Yellen Office of Board Members,2016,2.2,4.8,1.5,1.5,1.13,1.125
2015-09-17,2,Powell,Jerome Powell Office of Board Members,2016,2.2,4.6,1.7,1.7,1.38,1.375
2015-09-17,3,Bullard,James Bullard St. Louis Reserve Bank,2016,2.8,4.5,2.4,2.4,2.88,2.875
2015-09-17,4,George,Esther George Kansas City Reserve Bank,2016,2.5,5.0,1.9,1.9,1.63,1.625
2015-09-17,5,Lockhart,Dennis P Lockhart Atlanta Reserve Bank,2016,2.7,4.9,1.8,1.8,1.38,1.375
2015-09-17,6,Williams,John C Williams San Francisco Reserve Bank,2016,2.1,4.7,1.6,1.7,1.63,1.625
2015-09-17,7,Brainard,Lael Brainard Office of Board Members,2016,2.2,4.8,1.7,1.5,0.88,0.875
2015-09-17,8,Tarullo,Daniel Tarullo Office of Board Members,2016,2.3,5.0,1.7,1.5,1.13,1.125
2015-09-17,9,Rosengren,Eric Rosengren Boston Reserve Bank,2016,2.2,4.9,1.7,1.6,1.13,1.125
2015-09-17,10,Mester,Loretta J Mester Cleveland Reserve Bank,2016,2.8,4.8,1.8,1.7,1.88,1.875
2015-09-17,11,Harker,Patrick Harker Philadelphia Reserve Bank,2016,2.5,4.9,1.7,1.7,2.13,2.125
2015-09-17,12,Kaplan,Robert Kaplan Dallas Reserve Bank,2016,2.4,4.7,1.7,1.7,2.13,2.125
2015-09-17,14,Lacker,Jeffrey Lacker Richmond Reserve Bank,2016,2.3,4.9,1.9,1.9,2.38,2.375
2015-09-17,15,Fischer,Stanley Fischer Office of Board Members,2016,2.3,4.7,1.5,1.7,1.63,1.625
2015-09-17,16,Dudley,William Dudley New York Reserve Bank,2016,2.3,4.8,1.7,1.6,1.13,1.125
2015-09-17,17,Evans,Charles L Evans Chicago Reserve Bank,2016,2.6,4.8,1.5,1.5,0.88,0.875
2015-09-17,1,Yellen,Chairman Yellen Office of Board Members,2017,2.0,4.7,1.8,1.8,1.88,1.875
2015-09-17,2,Powell,Jerome Powell Office of Board Members,2017,2.2,4.5,2.0,2.0,2.38,2.375
2015-09-17,3,Bullard,James Bullard St. Louis Reserve Bank,2017,2.0,5.0,2.2,2.2,3.88,3.875
2015-09-17,4,George,Esther George Kansas City Reserve Bank,2017,2.3,4.9,2.0,2.0,2.63,2.625
2015-09-17,5,Lockhart,Dennis P Lockhart Atlanta Reserve Bank,2017,2.5,4.8,2.0,2.0,3.38,3.375
2015-09-17,6,Williams,John C Williams San Francisco Reserve Bank,2017,1.9,5.0,2.0,2.0,3.0,3.0
2015-09-17,7,Brainard,Lael Brainard Office of Board Members,2017,2.2,4.7,1.7,1.7,1.88,1.875
2015-09-17,8,Tarullo,Daniel Tarullo Office of Board Members,2017,2.2,4.9,1.8,1.7,2.38,2.375
2015-09-17,9,Rosengren,Eric Rosengren Boston Reserve Bank,2017,2.1,4.8,1.9,1.9,2.13,2.125
2015-09-17,10,Mester,Loretta J Mester Cleveland Reserve Bank,2017,2.3,5.0,2.0,2.0,3.5,3.5
2015-09-17,11,Harker,Patrick Harker Philadelphia Reserve Bank,2017,2.4,4.9,1.9,1.8,3.0,3.0
2015-09-17,12,Kaplan,Robert Kaplan Dallas Reserve Bank,2017,2.1,4.7,1.9,1.9,3.13,3.125
2015-09-17,13,Kocherlakota,Narayana Kocherlakota Minneapolis Reserve Bank,2017,2.4,4.5,2.0,2.0,1.0,1.0
2015-09-17,14,Lacker,Jeffrey Lacker Richmond Reserve Bank,2017,2.0,4.8,2.0,2.0,3.38,3.375
2015-09-17,15,Fischer,Stanley Fischer Office of Board Members,2017,2.3,4.9,1.7,1.9,2.63,2.625
2015-09-17,16,Dudley,William Dudley New York Reserve Bank,2017,1.9,4.8,1.9,1.9,2.63,2.625
2015-09-17,17,Evans,Charles L Evans Chicago Reserve Bank,2017,2.6,4.7,1.7,1.7,2.13,2.125
2015-09-17,1,Yellen,Chairman Yellen Office of Board Members,2018,1.8,4.7,2.0,2.0,2.88,2.875
2015-09-17,2,Powell,Jerome Powell Office of Board Members,2018,1.8,4.6,2.0,2.0,3.13,3.125
2015-09-17,3,Bullard,James Bullard St. Louis Reserve Bank,2018,2.0,5.2,2.0,2.0,3.88,3.875
2015-09-17,4,George,Esther George Kansas City Reserve Bank,2018,2.0,4.8,2.0,2.0,3.63,3.625
2015-09-17,5,Lockhart,Dennis P Lockhart Atlanta Reserve Bank,2018,2.1,4.9,2.0,2.0,3.63,3.625
2015-09-17,6,Williams,John C Williams San Francisco Reserve Bank,2018,1.9,5.0,2.0,2.0,3.5,3.5
2015-09-17,7,Brainard,Lael Brainard Office of Board Members,2018,2.1,4.8,1.8,1.8,2.88,2.875
2015-09-17,8,Tarullo,Daniel Tarullo Office of Board Members,2018,2.0,4.9,1.9,1.8,2.88,2.875
2015-09-17,9,Rosengren,Eric Rosengren Boston Reserve Bank,2018,1.9,4.8,2.0,2.0,3.13,3.125
2015-09-17,10,Mester,Loretta J Mester Cleveland Reserve Bank,2018,2.3,5.3,2.0,2.0,3.5,3.5
2015-09-17,11,Harker,Patrick Harker Philadelphia Reserve Bank,2018,2.3,5.0,2.0,1.9,3.5,3.5
2015-09-17,12,Kaplan,Robert Kaplan Dallas Reserve Bank,2018,2.0,4.7,2.1,2.1,3.63,3.625
2015-09-17,13,Kocherlakota,Narayana Kocherlakota Minneapolis Reserve Bank,2018,1.6,4.7,2.0,2.0,3.25,3.25
2015-09-17,14,Lacker,Jeffrey Lacker Richmond Reserve Bank,2018,1.8,5.0,2.0,2.0,3.75,3.75
2015-09-17,15,Fischer,Stanley Fischer Office of Board Members,2018,2.2,5.0,2.0,2.0,3.38,3.375
2015-09-17,16,Dudley,William Dudley New York Reserve Bank,2018,1.8,4.8,2.0,2.0,3.25,3.25
2015-09-17,17,Evans,Charles L Evans Chicago Reserve Bank,2018,2.4,4.7,1.9,1.9,3.0,3.0
2015-09-17,1,Yellen,Chairman Yellen Office of Board Members,LR,1.8,4.9,2.0,,3.0,3.0
2015-09-17,2,Powell,Jerome Powell Office of Board Members,LR,2.0,4.9,2.0,,3.25,3.25
2015-09-17,3,Bullard,James Bullard St. Louis Reserve Bank,LR,2.0,5.8,2.0,,4.0,4.0
2015-09-17,4,George,Esther George Kansas City Reserve Bank,LR,1.8,5.2,2.0,,3.75,3.75
2015-09-17,5,Lockhart,Dennis P Lockhart Atlanta Reserve Bank,LR,2.1,5.0,2.0,,3.75,3.75
2015-09-17,6,Williams,John C Williams San Francisco Reserve Bank,LR,1.9,5.0,2.0,,3.5,3.5
2015-09-17,7,Brainard,Lael Brainard Office of Board Members,LR,2.0,4.9,2.0,,3.25,3.25
2015-09-17,8,Tarullo,Daniel Tarullo Office of Board Members,LR,2.0,4.9,2.0,,3.25,3.25
2015-09-17,9,Rosengren,Eric Rosengren Boston Reserve Bank,LR,1.9,4.8,2.0,,3.5,3.5
2015-09-17,10,Mester,Loretta J Mester Cleveland Reserve Bank,LR,2.3,5.3,2.0,,3.5,3.5
2015-09-17,11,Harker,Patrick Harker Philadelphia Reserve Bank,LR,2.3,5.2,2.0,,3.5,3.5
2015-09-17,12,Kaplan,Robert Kaplan Dallas Reserve Bank,LR,2.1,5.0,2.0,,3.63,3.625
2015-09-17,13,Kocherlakota,Narayana Kocherlakota Minneapolis Reserve Bank,LR,2.0,4.7,2.0,,3.25,3.25
2015-09-17,14,Lacker,Jeffrey Lacker Richmond Reserve Bank,LR,1.8,5.0,2.0,,3.75,3.75
2015-09-17,15,Fischer,Stanley Fischer Office of Board Members,LR,2.7,4.9,2.0,,3.5,3.5
2015-09-17,16,Dudley,William Dudley New York Reserve Bank,LR,1.8,4.8,2.0,,3.25,3.25
2015-09-17,17,Evans,Charles L Evans Chicago Reserve Bank,LR,2.2,4.9,2.0,,3.25,3.25
2015-12-16,1,Kaplan,Robert Kaplan Dallas Reserve Bank,2015,2.1,5.0,0.5,1.4,0.38,0.375
2015-12-16,2,Fischer,Stanley Fischer Office of Board Members,2015,2.1,5.0,0.4,1.3,0.38,0.375
2015-12-16,3,Bullard,James Bullard St. Louis Reserve Bank,2015,2.2,5.0,0.3,1.3,0.38,0.375
2015-12-16,4,Brainard,Lael Brainard Office of Board Members,2015,2.1,5.0,0.4,1.3,0.13,0.125
2015-12-16,5,Tarullo,Daniel Tarullo Office of Board Members,2015,2.0,5.0,0.4,1.2,0.13,0.125
2015-12-16,6,Dudley,William Dudley New York Reserve Bank,2015,2.1,5.0,0.5,1.3,0.38,0.375
2015-12-16,7,Mester,Loretta J Mester Cleveland Reserve Bank,2015,2.2,5.0,0.4,1.3,0.38,0.375
2015-12-16,8,Lockhart,Dennis P. Lockhart Atlanta Reserve Bank,2015,2.1,5.0,0.4,1.4,0.38,0.375
2015-12-16,9,Evans,Charles L Evans Chicago Reserve Bank,2015,2.1,5.0,0.3,1.3,0.38,0.375
2015-12-16,10,Lyon,James Lyon Minneapolis Reserve Bank,2015,2.1,5.0,0.4,1.3,0.38,0.375
2015-12-16,11,Lacker,Jeffrey Lacker Richmond Reserve Bank,2015,2.1,5.0,0.4,1.4,0.38,0.375
2015-12-16,12,Harker,Patrick T. Harker Philadelphia Reserve Bank,2015,2.2,5.0,0.4,1.3,0.38,0.375
2015-12-16,13,Powell,Jerome Powell Office of Board Members,2015,2.1,5.0,0.4,1.3,0.38,0.375
2015-12-16,14,Rosengren,Eric Rosengren Boston Reserve Bank,2015,2.1,5.0,0.4,1.3,0.38,0.375
2015-12-16,15,George,Esther George Kansas City Reserve Bank,2015,2.1,5.0,0.5,1.3,0.38,0.375
2015-12-16,16,Williams,John C Williams San Francisco Reserve Bank,2015,2.1,5.0,0.4,1.3,0.38,0.375
2015-12-16,17,Yellen,Chair Yellen Office of Board Members,2015,2.1,5.0,0.4,1.3,0.38,0.375
2015-12-16,1,Kaplan,Robert Kaplan Dallas Reserve Bank,2016,2.4,4.6,1.8,1.7,1.63,1.625
2015-12-16,2,Fischer,Stanley Fischer Office of Board Members,2016,2.5,4.7,1.2,1.4,1.13,1.125
2015-12-16,3,Bullard,James Bullard St. Louis Reserve Bank,2016,2.6,4.3,2.1,2.1,1.38,1.375
2015-12-16,4,Brainard,Lael Brainard Office of Board Members,2016,2.3,4.7,1.2,1.4,0.88,0.875
2015-12-16,5,Tarullo,Daniel Tarullo Office of Board Members,2016,2.3,4.8,1.2,1.5,0.88,0.875
2015-12-16,6,Dudley,William Dudley New York Reserve Bank,2016,2.3,4.7,1.6,1.5,0.88,0.875
2015-12-16,7,Mester,Loretta J Mester Cleveland Reserve Bank,2016,2.7,4.8,1.7,1.7,1.63,1.625
2015-12-16,8,Lockhart,Dennis P. Lockhart Atlanta Reserve Bank,2016,2.5,4.8,1.6,1.8,1.38,1.375
2015-12-16,9,Evans,Charles L Evans Chicago Reserve Bank,2016,2.3,4.8,1.6,1.5,0.88,0.875
2015-12-16,10,Lyon,James Lyon Minneapolis Reserve Bank,2016,2.5,4.7,1.2,1.4,1.38,1.375
2015-12-16,11,Lacker,Jeffrey Lacker Richmond Reserve Bank,2016,2.4,4.7,1.7,1.7,2.13,2.125
2015-12-16,12,Harker,Patrick T. Harker Philadelphia Reserve Bank,2016,2.5,4.8,1.6,1.7,1.38,1.375
2015-12-16,13,Powell,Jerome Powell Office of Board Members,2016,2.0,4.5,1.2,1.5,1.13,1.125
2015-12-16,14,Rosengren,Eric Rosengren Boston Reserve Bank,2016,2.4,4.7,1.2,1.6,1.38,1.375
2015-12-16,15,George,Esther George Kansas City Reserve Bank,2016,2.5,4.9,1.8,1.8,1.38,1.375
2015-12-16,16,Williams,John C Williams San Francisco Reserve Bank,2016,2.2,4.5,1.5,1.6,1.38,1.375
2015-12-16,17,Yellen,Chair Yellen Office of Board Members,2016,2.4,4.6,1.4,1.6,1.13,1.125
2015-12-16,1,Kaplan,Robert Kaplan Dallas Reserve Bank,2017,2.2,4.6,2.0,1.9,3.13,3.125
2015-12-16,2,Fischer,Stanley Fischer Office of Board Members,2017,2.2,4.6,1.8,1.7,2.13,2.125
2015-12-16,3,Bullard,James Bullard St. Louis Reserve Bank,2017,2.2,4.6,2.0,2.0,3.38,3.375
2015-12-16,4,Brainard,Lael Brainard Office of Board Members,2017,2.2,4.6,1.8,1.6,1.88,1.875
2015-12-16,5,Tarullo,Daniel Tarullo Office of Board Members,2017,2.1,4.7,1.8,1.7,1.88,1.875
2015-12-16,6,Dudley,William Dudley New York Reserve Bank,2017,1.9,4.8,1.8,1.8,1.88,1.875
2015-12-16,7,Mester,Loretta J Mester Cleveland Reserve Bank,2017,2.3,5.0,2.0,2.0,3.0,3.0
2015-12-16,8,Lockhart,Dennis P. Lockhart Atlanta Reserve Bank,2017,2.3,4.7,2.0,2.0,2.38,2.375
2015-12-16,9,Evans,Charles L Evans Chicago Reserve Bank,2017,2.5,4.7,1.7,1.7,1.88,1.875
2015-12-16,10,Lyon,James Lyon Minneapolis Reserve Bank,2017,2.0,4.6,1.8,1.7,2.38,2.375
2015-12-16,11,Lacker,Jeffrey Lacker Richmond Reserve Bank,2017,2.0,4.8,2.0,2.0,3.13,3.125
2015-12-16,12,Harker,Patrick T. Harker Philadelphia Reserve Bank,2017,2.4,4.9,1.9,1.8,2.63,2.625
2015-12-16,13,Powell,Jerome Powell Office of Board Members,2017,2.0,4.5,1.8,2.0,1.88,1.875
2015-12-16,14,Rosengren,Eric Rosengren Boston Reserve Bank,2017,2.1,4.6,2.0,1.9,2.38,2.375
2015-12-16,15,George,Esther George Kansas City Reserve Bank,2017,2.3,4.8,2.0,2.0,2.38,2.375
2015-12-16,16,Williams,John C Williams San Francisco Reserve Bank,2017,1.8,4.8,1.9,1.8,2.63,2.625
2015-12-16,17,Yellen,Chair Yellen Office of Board Members,2017,2.0,4.5,1.9,1.9,2.13,2.125
2015-12-16,1,Kaplan,Robert Kaplan Dallas Reserve Bank,2018,2.0,4.6,2.1,2.1,3.63,3.625
2015-12-16,2,Fischer,Stanley Fischer Office of Board Members,2018,2.2,4.6,2.0,1.9,3.38,3.375
2015-12-16,3,Bullard,James Bullard St. Louis Reserve Bank,2018,2.0,5.0,2.0,2.0,3.88,3.875
2015-12-16,4,Brainard,Lael Brainard Office of Board Members,2018,2.1,4.7,1.7,1.7,2.88,2.875
2015-12-16,5,Tarullo,Daniel Tarullo Office of Board Members,2018,1.8,4.8,1.7,1.7,2.13,2.125
2015-12-16,6,Dudley,William Dudley New York Reserve Bank,2018,1.8,4.8,2.0,2.0,2.88,2.875
2015-12-16,7,Mester,Loretta J Mester Cleveland Reserve Bank,2018,2.3,5.3,2.0,2.0,3.5,3.5
2015-12-16,8,Lockhart,Dennis P. Lockhart Atlanta Reserve Bank,2018,2.1,4.8,2.0,2.0,3.38,3.375
2015-12-16,9,Evans,Charles L Evans Chicago Reserve Bank,2018,2.4,4.6,1.9,1.9,3.0,3.0
2015-12-16,10,Lyon,James Lyon Minneapolis Reserve Bank,2018,2.0,4.5,2.0,1.9,2.5,2.5
2015-12-16,11,Lacker,Jeffrey Lacker Richmond Reserve Bank,2018,1.8,4.8,2.0,2.0,3.63,3.625
2015-12-16,12,Harker,Patrick T. Harker Philadelphia Reserve Bank,2018,2.3,5.0,2.0,1.9,3.5,3.5
2015-12-16,13,Powell,Jerome Powell Office of Board Members,2018,2.0,4.6,1.9,2.0,2.88,2.875
2015-12-16,14,Rosengren,Eric Rosengren Boston Reserve Bank,2018,1.7,4.6,2.0,2.0,3.13,3.125
2015-12-16,15,George,Esther George Kansas City Reserve Bank,2018,2.0,4.7,2.0,2.0,3.38,3.375
2015-12-16,16,Williams,John C Williams San Francisco Reserve Bank,2018,1.8,5.0,2.0,2.0,3.25,3.25
2015-12-16,17,Yellen,Chair Yellen Office of Board Members,2018,1.8,4.5,2.0,2.0,2.88,2.875
2015-12-16,1,Kaplan,Robert Kaplan Dallas Reserve Bank,LR,2.1,4.9,2.0,,3.5,3.5
2015-12-16,2,Fischer,Stanley Fischer Office of Board Members,LR,2.3,4.8,2.0,,3.5,3.5
2015-12-16,3,Bullard,James Bullard St. Louis Reserve Bank,LR,2.0,5.8,2.0,,4.0,4.0
2015-12-16,4,Brainard,Lael Brainard Office of Board Members,LR,2.1,4.8,2.0,,3.25,3.25
2015-12-16,5,Tarullo,Daniel Tarullo Office of Board Members,LR,2.0,4.9,2.0,,3.25,3.25
2015-12-16,6,Dudley,William Dudley New York Reserve Bank,LR,1.8,4.8,2.0,,3.25,3.25
2015-12-16,7,Mester,Loretta J Mester Cleveland Reserve Bank,LR,2.3,5.3,2.0,,3.5,3.5
2015-12-16,8,Lockhart,Dennis P. Lockhart Atlanta Reserve Bank,LR,2.1,4.9,2.0,,3.5,3.5
2015-12-16,9,Evans,Charles L Evans Chicago Reserve Bank,LR,2.2,4.9,2.0,,3.25,3.25
2015-12-16,10,Lyon,James Lyon Minneapolis Reserve Bank,LR,2.0,4.7,2.0,,3.0,3.0
2015-12-16,11,Lacker,Jeffrey Lacker Richmond Reserve Bank,LR,1.8,5.0,2.0,,3.75,3.75
2015-12-16,12,Harker,Patrick T. Harker Philadelphia Reserve Bank,LR,2.3,5.2,2.0,,3.5,3.5
2015-12-16,13,Powell,Jerome Powell Office of Board Members,LR,2.0,4.9,2.0,,3.25,3.25
2015-12-16,14,Rosengren,Eric Rosengren Boston Reserve Bank,LR,1.9,4.7,2.0,,3.5,3.5
2015-12-16,15,George,Esther George Kansas City Reserve Bank,LR,1.8,5.0,2.0,,3.75,3.75
2015-12-16,16,Williams,John C Williams San Francisco Reserve Bank,LR,1.9,5.0,2.0,,3.25,3.25
2015-12-16,17,Yellen,Chair Yellen Office of Board Members,LR,1.8,4.8,2.0,,3.0,3.0
2016-03-16,1,Evans,Charles L Evans Chicago Reserve Bank,2016,2.3,4.8,1.2,1.6,0.88,0.875
2016-03-16,2,Brainard,Lael Brainard Office of Board Members,2016,2.0,4.6,1.1,1.4,0.63,0.625
2016-03-16,3,Kashkari,Neel Kashkari Minneapolis Reserve Bank,2016,2.2,4.7,1.0,1.4,0.88,0.875
2016-03-16,4,Williams,John C Williams San Francisco Reserve Bank,2016,2.2,4.6,1.2,1.7,1.38,1.375
2016-03-16,5,Mester,Loretta J Mester Cleveland Reserve Bank,2016,2.4,4.7,1.4,1.7,1.38,1.375
2016-03-16,6,Tarullo,Daniel Tarullo Office of Board Members,2016,2.2,4.8,1.0,1.4,0.88,0.875
2016-03-16,7,George,Esther George Kansas City Reserve Bank,2016,2.3,4.7,1.6,1.9,1.38,1.375
2016-03-16,8,Fischer,Stanley Fischer Office of Board Members,2016,2.3,4.7,1.2,1.6,0.88,0.875
2016-03-16,9,Lacker,Jeffrey Lacker Richmond Reserve Bank,2016,2.1,4.9,1.6,1.7,1.38,1.375
2016-03-16,10,Dudley,William Dudley New York Reserve Bank,2016,2.1,4.7,1.0,1.5,0.88,0.875
2016-03-16,11,Harker,Patrick T. Harker Philadelphia Reserve Bank,2016,2.3,4.7,1.2,1.6,1.13,1.125
2016-03-16,12,Yellen,Chair Yellen Office of Board Members,2016,2.3,4.7,1.1,1.5,0.88,0.875
2016-03-16,13,Rosengren,Eric Rosengren Boston Reserve Bank,2016,2.1,4.7,1.2,1.6,1.13,1.125
2016-03-16,14,Lockhart,Dennis P Lockhart Atlanta Reserve Bank,2016,2.5,4.8,1.5,1.8,1.13,1.125
2016-03-16,15,Powell,Jerome Powell Office of Board Members,2016,2.0,4.5,1.0,1.4,0.88,0.875
2016-03-16,16,Kaplan,Robert S. Kaplan Dallas Reserve Bank,2016,1.9,4.6,1.6,1.6,0.88,0.875
2016-03-16,17,Bullard,James Bullard St. Louis Reserve Bank,2016,2.3,4.5,1.6,2.1,0.88,0.875
2016-03-16,1,Evans,Charles L Evans Chicago Reserve Bank,2017,2.3,4.6,1.7,1.7,1.88,1.875
2016-03-16,2,Brainard,Lael Brainard Office of Board Members,2017,2.1,4.6,1.7,1.6,1.63,1.625
2016-03-16,3,Kashkari,Neel Kashkari Minneapolis Reserve Bank,2017,2.2,4.6,1.6,1.6,1.88,1.875
2016-03-16,4,Williams,John C Williams San Francisco Reserve Bank,2017,1.8,4.8,1.8,1.8,2.63,2.625
2016-03-16,5,Mester,Loretta J Mester Cleveland Reserve Bank,2017,2.3,4.5,2.0,2.0,2.75,2.75
2016-03-16,6,Tarullo,Daniel Tarullo Office of Board Members,2017,2.1,4.7,1.6,1.6,1.88,1.875
2016-03-16,7,George,Esther George Kansas City Reserve Bank,2017,2.3,4.5,2.0,2.0,2.38,2.375
2016-03-16,8,Fischer,Stanley Fischer Office of Board Members,2017,2.3,4.6,1.7,1.7,1.88,1.875
2016-03-16,9,Lacker,Jeffrey Lacker Richmond Reserve Bank,2017,1.9,4.9,2.0,2.0,2.38,2.375
2016-03-16,10,Dudley,William Dudley New York Reserve Bank,2017,1.7,4.7,1.9,1.8,1.63,1.625
2016-03-16,11,Harker,Patrick T. Harker Philadelphia Reserve Bank,2017,2.3,4.4,1.9,1.8,2.13,2.125
2016-03-16,12,Yellen,Chair Yellen Office of Board Members,2017,2.1,4.5,1.7,1.7,1.63,1.625
2016-03-16,13,Rosengren,Eric Rosengren Boston Reserve Bank,2017,2.0,4.6,2.0,1.9,2.13,2.125
2016-03-16,14,Lockhart,Dennis P Lockhart Atlanta Reserve Bank,2017,2.3,4.7,2.0,2.0,2.13,2.125
2016-03-16,15,Powell,Jerome Powell Office of Board Members,2017,2.0,4.3,1.7,1.7,1.63,1.625
2016-03-16,16,Kaplan,Robert S. Kaplan Dallas Reserve Bank,2017,2.0,4.5,2.0,1.9,1.88,1.875
2016-03-16,17,Bullard,James Bullard St. Louis Reserve Bank,2017,2.3,4.5,2.0,2.0,2.38,2.375
2016-03-16,1,Evans,Charles L Evans Chicago Reserve Bank,2018,2.3,4.5,1.9,1.9,3.0,3.0
2016-03-16,2,Brainard,Lael Brainard Office of Board Members,2018,2.1,4.6,1.8,1.8,2.88,2.875
2016-03-16,3,Kashkari,Neel Kashkari Minneapolis Reserve Bank,2018,2.0,4.5,1.8,1.8,2.5,2.5
2016-03-16,4,Williams,John C Williams San Francisco Reserve Bank,2018,1.8,5.0,2.0,2.0,3.25,3.25
2016-03-16,5,Mester,Loretta J Mester Cleveland Reserve Bank,2018,2.0,5.0,2.0,2.0,3.25,3.25
2016-03-16,6,Tarullo,Daniel Tarullo Office of Board Members,2018,1.8,4.8,1.8,1.8,2.13,2.125
2016-03-16,7,George,Esther George Kansas City Reserve Bank,2018,2.0,4.5,2.0,2.0,3.38,3.375
2016-03-16,8,Fischer,Stanley Fischer Office of Board Members,2018,2.1,4.5,1.9,1.9,2.88,2.875
2016-03-16,9,Lacker,Jeffrey Lacker Richmond Reserve Bank,2018,1.8,5.0,2.0,2.0,3.38,3.375
2016-03-16,10,Dudley,William Dudley New York Reserve Bank,2018,1.8,4.8,2.0,2.0,2.38,2.375
2016-03-16,11,Harker,Patrick T. Harker Philadelphia Reserve Bank,2018,2.1,4.4,2.0,2.0,3.13,3.125
2016-03-16,12,Yellen,Chair Yellen Office of Board Members,2018,1.8,4.5,1.9,1.9,2.38,2.375
2016-03-16,13,Rosengren,Eric Rosengren Boston Reserve Bank,2018,1.9,4.5,2.0,2.0,3.13,3.125
2016-03-16,14,Lockhart,Dennis P Lockhart Atlanta Reserve Bank,2018,2.1,4.8,2.0,2.0,3.13,3.125
2016-03-16,15,Powell,Jerome Powell Office of Board Members,2018,2.0,4.3,2.0,2.0,2.63,2.625
2016-03-16,16,Kaplan,Robert S. Kaplan Dallas Reserve Bank,2018,1.8,4.5,2.0,1.9,2.88,2.875
2016-03-16,17,Bullard,James Bullard St. Louis Reserve Bank,2018,2.0,5.0,2.0,2.0,3.88,3.875
2016-03-16,1,Evans,Charles L Evans Chicago Reserve Bank,LR,2.1,4.8,2.0,,3.25,3.25
2016-03-16,2,Brainard,Lael Brainard Office of Board Members,LR,2.0,4.7,2.0,,3.0,3.0
2016-03-16,3,Kashkari,Neel Kashkari Minneapolis Reserve Bank,LR,2.0,4.7,2.0,,3.0,3.0
2016-03-16,4,Williams,John C Williams San Francisco Reserve Bank,LR,1.9,5.0,2.0,,3.25,3.25
2016-03-16,5,Mester,Loretta J Mester Cleveland Reserve Bank,LR,2.0,5.0,2.0,,3.25,3.25
2016-03-16,6,Tarullo,Daniel Tarullo Office of Board Members,LR,2.0,4.9,2.0,,3.0,3.0
2016-03-16,7,George,Esther George Kansas City Reserve Bank,LR,1.8,5.0,2.0,,3.75,3.75
2016-03-16,8,Fischer,Stanley Fischer Office of Board Members,LR,2.4,4.8,2.0,,3.5,3.5
2016-03-16,9,Lacker,Jeffrey Lacker Richmond Reserve Bank,LR,1.8,5.0,2.0,,3.75,3.75
2016-03-16,10,Dudley,William Dudley New York Reserve Bank,LR,1.8,4.8,2.0,,3.25,3.25
2016-03-16,11,Harker,Patrick T. Harker Philadelphia Reserve Bank,LR,2.2,4.7,2.0,,3.25,3.25
2016-03-16,12,Yellen,Chair Yellen Office of Board Members,LR,1.8,4.7,2.0,,3.0,3.0
2016-03-16,13,Rosengren,Eric Rosengren Boston Reserve Bank,LR,1.9,4.7,2.0,,3.25,3.25
2016-03-16,14,Lockhart,Dennis P Lockhart Atlanta Reserve Bank,LR,2.1,4.9,2.0,,3.5,3.5
2016-03-16,15,Powell,Jerome Powell Office of Board Members,LR,2.0,4.8,2.0,,3.0,3.0
2016-03-16,16,Kaplan,Robert S. Kaplan Dallas Reserve Bank,LR,2.0,4.8,2.0,,3.25,3.25
2016-03-16,17,Bullard,James Bullard St. Louis Reserve Bank,LR,2.0,5.8,2.0,,4.0,4.0
2016-06-15,1,Kaplan,Robert S. Kaplan Dallas Reserve Bank,2016,1.9,4.7,1.5,1.8,0.88,0.875
2016-06-15,2,Kashkari,Neel Kashkari Minneapolis Reserve Bank,2016,1.9,4.8,1.3,1.6,0.63,0.625
2016-06-15,3,Powell,Jerome Powell Office of Board Members,2016,2.0,4.5,1.3,1.6,0.88,0.875
2016-06-15,4,Fischer,Stanley Fischer Office of Board Members,2016,2.1,4.7,1.4,1.6,0.88,0.875
2016-06-15,5,Harker,Patrick T. Harker Philadelphia Reserve Bank,2016,2.0,4.7,1.7,1.8,0.88,0.875
2016-06-15,6,Evans,Charles L Evans Chicago Reserve Bank,2016,2.0,4.8,1.4,1.6,0.63,0.625
2016-06-15,7,Rosengren,Eric Rosengren Boston Reserve Bank,2016,2.0,4.6,1.3,1.7,0.88,0.875
2016-06-15,8,Lockhart,Dennis P Lockhart Atlanta Reserve Bank,2016,2.0,4.6,1.5,1.8,0.88,0.875
2016-06-15,9,Mester,Loretta J Mester Cleveland Reserve Bank,2016,2.2,4.7,1.4,1.7,1.13,1.125
2016-06-15,10,Tarullo,Daniel Tarullo Office of Board Members,2016,1.9,4.9,1.3,1.6,0.63,0.625
2016-06-15,11,Yellen,Chair Yellen Office of Board Members,2016,1.9,4.8,1.3,1.6,0.63,0.625
2016-06-15,12,George,Esther George Kansas City Reserve Bank,2016,1.8,4.7,2.0,2.0,0.88,0.875
2016-06-15,13,Bullard,James Bullard St. Louis Reserve Bank,2016,2.0,4.7,1.7,2.0,0.63,0.625
2016-06-15,14,Lacker,Jeffrey Lacker Richmond Reserve Bank,2016,1.9,4.8,1.7,1.9,1.38,1.375
2016-06-15,15,Brainard,Lael Brainard Office of Board Members,2016,2.0,4.6,1.6,1.3,0.63,0.625
2016-06-15,16,Williams,John C Williams San Francisco Reserve Bank,2016,1.9,4.5,1.6,1.8,0.88,0.875
2016-06-15,17,Dudley,William Dudley New York Reserve Bank,2016,2.1,4.7,1.4,1.7,0.88,0.875
2016-06-15,1,Kaplan,Robert S. Kaplan Dallas Reserve Bank,2017,1.9,4.6,2.0,2.0,1.63,1.625
2016-06-15,2,Kashkari,Neel Kashkari Minneapolis Reserve Bank,2017,2.2,4.6,1.7,1.6,1.38,1.375
2016-06-15,3,Powell,Jerome Powell Office of Board Members,2017,2.0,4.3,1.7,1.7,1.63,1.625
2016-06-15,4,Fischer,Stanley Fischer Office of Board Members,2017,2.4,4.6,1.8,1.8,1.63,1.625
2016-06-15,5,Harker,Patrick T. Harker Philadelphia Reserve Bank,2017,2.3,4.4,1.9,1.8,1.88,1.875
2016-06-15,6,Evans,Charles L Evans Chicago Reserve Bank,2017,2.2,4.6,1.7,1.7,1.38,1.375
2016-06-15,7,Rosengren,Eric Rosengren Boston Reserve Bank,2017,2.1,4.5,1.9,1.9,1.88,1.875
2016-06-15,8,Lockhart,Dennis P Lockhart Atlanta Reserve Bank,2017,2.1,4.5,2.0,2.0,1.63,1.625
2016-06-15,9,Mester,Loretta J Mester Cleveland Reserve Bank,2017,2.3,4.5,2.0,2.0,2.25,2.25
2016-06-15,10,Tarullo,Daniel Tarullo Office of Board Members,2017,2.0,4.8,1.6,1.6,1.38,1.375
2016-06-15,11,Yellen,Chair Yellen Office of Board Members,2017,2.1,4.6,1.8,1.8,1.38,1.375
2016-06-15,12,George,Esther George Kansas City Reserve Bank,2017,2.0,4.5,2.0,2.0,1.88,1.875
2016-06-15,13,Bullard,James Bullard St. Louis Reserve Bank,2017,2.0,4.7,2.0,2.0,0.63,0.625
2016-06-15,14,Lacker,Jeffrey Lacker Richmond Reserve Bank,2017,1.9,4.8,2.0,2.0,2.38,2.375
2016-06-15,15,Brainard,Lael Brainard Office of Board Members,2017,2.0,4.5,1.7,1.7,1.38,1.375
2016-06-15,16,Williams,John C Williams San Francisco Reserve Bank,2017,1.6,4.6,1.9,1.9,2.13,2.125
2016-06-15,17,Dudley,William Dudley New York Reserve Bank,2017,1.7,4.8,1.9,1.9,1.38,1.375
2016-06-15,1,Kaplan,Robert S. Kaplan Dallas Reserve Bank,2018,1.9,4.6,2.0,2.0,2.63,2.625
2016-06-15,2,Kashkari,Neel Kashkari Minneapolis Reserve Bank,2018,2.0,4.4,1.8,1.8,2.38,2.375
2016-06-15,3,Powell,Jerome Powell Office of Board Members,2018,2.0,4.3,2.0,2.0,2.38,2.375
2016-06-15,4,Fischer,Stanley Fischer Office of Board Members,2018,2.2,4.6,1.9,1.9,2.38,2.375
2016-06-15,5,Harker,Patrick T. Harker Philadelphia Reserve Bank,2018,2.1,4.4,2.0,2.0,2.88,2.875
2016-06-15,6,Evans,Charles L Evans Chicago Reserve Bank,2018,2.2,4.5,1.9,1.9,2.38,2.375
2016-06-15,7,Rosengren,Eric Rosengren Boston Reserve Bank,2018,1.9,4.4,2.0,2.0,2.88,2.875
2016-06-15,8,Lockhart,Dennis P Lockhart Atlanta Reserve Bank,2018,2.1,4.6,2.0,2.0,2.38,2.375
2016-06-15,9,Mester,Loretta J Mester Cleveland Reserve Bank,2018,2.0,5.0,2.0,2.0,3.0,3.0
2016-06-15,10,Tarullo,Daniel Tarullo Office of Board Members,2018,1.8,4.8,1.8,1.8,2.13,2.125
2016-06-15,11,Yellen,Chair Yellen Office of Board Members,2018,1.8,4.6,1.9,1.9,2.13,2.125
2016-06-15,12,George,Esther George Kansas City Reserve Bank,2018,2.0,4.5,2.0,2.0,2.88,2.875
2016-06-15,13,Bullard,James Bullard St. Louis Reserve Bank,2018,2.0,4.7,2.0,2.0,0.63,0.625
2016-06-15,14,Lacker,Jeffrey Lacker Richmond Reserve Bank,2018,1.7,4.8,2.0,2.0,3.38,3.375
2016-06-15,15,Brainard,Lael Brainard Office of Board Members,2018,2.0,4.5,1.9,1.9,2.13,2.125
2016-06-15,16,Williams,John C Williams San Francisco Reserve Bank,2018,1.5,4.7,2.1,2.1,3.25,3.25
2016-06-15,17,Dudley,William Dudley New York Reserve Bank,2018,1.8,4.8,2.0,2.0,2.13,2.125
2016-06-15,1,Kaplan,Robert S. Kaplan Dallas Reserve Bank,LR,2.0,4.8,2.0,,3.0,3.0
2016-06-15,2,Kashkari,Neel Kashkari Minneapolis Reserve Bank,LR,2.0,4.7,2.0,,3.0,3.0
2016-06-15,3,Powell,Jerome Powell Office of Board Members,LR,1.9,4.8,2.0,,2.75,2.75
2016-06-15,4,Fischer,Stanley Fischer Office of Board Members,LR,2.4,4.8,2.0,,3.5,3.5
2016-06-15,5,Harker,Patrick T. Harker Philadelphia Reserve Bank,LR,2.2,4.7,2.0,,3.25,3.25
2016-06-15,6,Evans,Charles L Evans Chicago Reserve Bank,LR,2.1,4.8,2.0,,3.25,3.25
2016-06-15,7,Rosengren,Eric Rosengren Boston Reserve Bank,LR,1.9,4.7,2.0,,3.0,3.0
2016-06-15,8,Lockhart,Dennis P Lockhart Atlanta Reserve Bank,LR,2.0,4.7,2.0,,3.25,3.25
2016-06-15,9,Mester,Loretta J Mester Cleveland Reserve Bank,LR,2.0,5.0,2.0,,3.25,3.25
2016-06-15,10,Tarullo,Daniel Tarullo Office of Board Members,LR,2.0,4.6,2.0,,2.75,2.75
2016-06-15,11,Yellen,Chair Yellen Office of Board Members,LR,1.8,4.7,2.0,,3.0,3.0
2016-06-15,12,George,Esther George Kansas City Reserve Bank,LR,1.8,5.0,2.0,,3.75,3.75
2016-06-15,14,Lacker,Jeffrey Lacker Richmond Reserve Bank,LR,1.8,5.0,2.0,,3.75,3.75
2016-06-15,15,Brainard,Lael Brainard Office of Board Members,LR,1.9,4.7,2.0,,2.75,2.75
2016-06-15,16,Williams,John C Williams San Francisco Reserve Bank,LR,1.6,5.0,2.0,,3.0,3.0
2016-06-15,17,Dudley,William Dudley New York Reserve Bank,LR,1.8,4.8,2.0,,3.0,3.0
2016-09-21,1,Rosengren,Eric Rosengren Boston Reserve Bank,2016,1.8,4.8,1.3,1.7,0.63,0.625
2016-09-21,2,Yellen,Chair Yellen Office of Board Members,2016,1.8,4.9,1.2,1.6,0.63,0.625
2016-09-21,3,Kashkari,Neel Kashkari Minneapolis Reserve Bank,2016,1.7,4.9,1.2,1.6,0.38,0.375
2016-09-21,4,Tarullo,Daniel Tarullo Office of Board Members,2016,1.7,4.9,1.1,1.5,0.38,0.375
2016-09-21,5,Harker,Patrick T. Harker Philadelphia Reserve Bank,2016,1.8,4.8,1.7,1.8,0.63,0.625
2016-09-21,6,Dudley,William Dudley New York Reserve Bank,2016,1.9,4.8,1.3,1.7,0.63,0.625
2016-09-21,7,Fischer,Stanley Fischer Office of Board Members,2016,2.0,4.8,1.3,1.6,0.63,0.625
2016-09-21,8,Brainard,Lael Brainard Office of Board Members,2016,1.7,4.9,1.2,1.6,0.38,0.375
2016-09-21,9,Mester,Loretta J Mester Cleveland Reserve Bank,2016,2.0,4.7,1.3,1.7,0.88,0.875
2016-09-21,10,Powell,Jerome Powell Office of Board Members,2016,2.0,4.8,1.2,1.6,0.63,0.625
2016-09-21,11,Evans,Charles L Evans Chicago Reserve Bank,2016,1.9,4.8,1.3,1.6,0.63,0.625
2016-09-21,12,Kaplan,Robert S. Kaplan Dallas Reserve Bank,2016,1.7,4.7,1.2,1.6,0.63,0.625
2016-09-21,13,Williams,John C Williams San Francisco Reserve Bank,2016,1.8,4.8,1.2,1.7,0.88,0.875
2016-09-21,14,Lockhart,Dennis P Lockhart Atlanta Reserve Bank,2016,1.8,4.8,1.5,1.8,0.63,0.625
2016-09-21,15,Bullard,James Bullard St. Louis Reserve Bank,2016,1.8,4.7,1.5,2.0,0.63,0.625
2016-09-21,16,George,Esther George Kansas City Reserve Bank,2016,1.7,4.7,1.4,1.8,0.88,0.875
2016-09-21,17,Lacker,Jeffrey Lacker Richmond Reserve Bank,2016,1.9,4.8,1.2,1.7,1.13,1.125
2016-09-21,1,Rosengren,Eric Rosengren Boston Reserve Bank,2017,2.4,4.5,1.9,1.9,1.63,1.625
2016-09-21,2,Yellen,Chair Yellen Office of Board Members,2017,2.2,4.6,1.8,1.8,1.13,1.125
2016-09-21,3,Kashkari,Neel Kashkari Minneapolis Reserve Bank,2017,2.2,4.7,1.6,1.6,0.63,0.625
2016-09-21,4,Tarullo,Daniel Tarullo Office of Board Members,2017,2.0,4.8,1.6,1.6,0.88,0.875
2016-09-21,5,Harker,Patrick T. Harker Philadelphia Reserve Bank,2017,2.3,4.4,1.9,1.9,1.63,1.625
2016-09-21,6,Dudley,William Dudley New York Reserve Bank,2017,1.9,4.7,1.9,1.8,1.13,1.125
2016-09-21,7,Fischer,Stanley Fischer Office of Board Members,2017,2.5,4.6,1.5,1.8,1.38,1.375
2016-09-21,8,Brainard,Lael Brainard Office of Board Members,2017,2.0,4.6,1.7,1.7,1.13,1.125
2016-09-21,9,Mester,Loretta J Mester Cleveland Reserve Bank,2017,2.2,4.5,1.9,1.9,1.75,1.75
2016-09-21,10,Powell,Jerome Powell Office of Board Members,2017,2.0,4.5,1.7,1.7,1.13,1.125
2016-09-21,11,Evans,Charles L Evans Chicago Reserve Bank,2017,2.2,4.5,1.7,1.7,1.13,1.125
2016-09-21,12,Kaplan,Robert S. Kaplan Dallas Reserve Bank,2017,1.9,4.6,1.9,1.8,1.13,1.125
2016-09-21,13,Williams,John C Williams San Francisco Reserve Bank,2017,1.6,4.7,1.8,1.8,1.88,1.875
2016-09-21,14,Lockhart,Dennis P Lockhart Atlanta Reserve Bank,2017,2.1,4.7,2.0,2.0,1.13,1.125
2016-09-21,15,Bullard,James Bullard St. Louis Reserve Bank,2017,2.0,4.7,2.0,2.0,0.63,0.625
2016-09-21,16,George,Esther George Kansas City Reserve Bank,2017,1.8,4.5,2.0,2.0,1.88,1.875
2016-09-21,17,Lacker,Jeffrey Lacker Richmond Reserve Bank,2017,1.7,4.8,1.9,1.9,2.13,2.125
2016-09-21,1,Rosengren,Eric Rosengren Boston Reserve Bank,2018,2.1,4.3,2.0,2.0,2.63,2.625
2016-09-21,2,Yellen,Chair Yellen Office of Board Members,2018,1.9,4.5,1.9,1.9,1.63,1.625
2016-09-21,3,Kashkari,Neel Kashkari Minneapolis Reserve Bank,2018,2.0,4.5,1.8,1.8,1.63,1.625
2016-09-21,4,Tarullo,Daniel Tarullo Office of Board Members,2018,2.0,4.6,1.8,1.8,1.88,1.875
2016-09-21,5,Harker,Patrick T. Harker Philadelphia Reserve Bank,2018,2.1,4.4,2.0,2.0,2.63,2.625
2016-09-21,6,Dudley,William Dudley New York Reserve Bank,2018,1.8,4.7,2.0,2.0,1.88,1.875
2016-09-21,7,Fischer,Stanley Fischer Office of Board Members,2018,2.3,4.5,1.8,2.0,1.88,1.875
2016-09-21,8,Brainard,Lael Brainard Office of Board Members,2018,2.0,4.5,1.9,1.9,1.88,1.875
2016-09-21,9,Mester,Loretta J Mester Cleveland Reserve Bank,2018,2.0,4.8,2.0,2.0,2.75,2.75
2016-09-21,10,Powell,Jerome Powell Office of Board Members,2018,2.0,4.3,2.0,2.0,1.88,1.875
2016-09-21,11,Evans,Charles L Evans Chicago Reserve Bank,2018,2.2,4.3,1.8,1.8,2.13,2.125
2016-09-21,12,Kaplan,Robert S. Kaplan Dallas Reserve Bank,2018,1.7,4.6,2.0,2.0,1.88,1.875
2016-09-21,13,Williams,John C Williams San Francisco Reserve Bank,2018,1.5,4.9,2.0,2.0,2.75,2.75
2016-09-21,14,Lockhart,Dennis P Lockhart Atlanta Reserve Bank,2018,2.1,4.7,2.0,2.0,1.88,1.875
2016-09-21,15,Bullard,James Bullard St. Louis Reserve Bank,2018,2.0,4.7,2.0,2.0,0.63,0.625
2016-09-21,16,George,Esther George Kansas City Reserve Bank,2018,1.8,4.5,2.0,2.0,2.88,2.875
2016-09-21,17,Lacker,Jeffrey Lacker Richmond Reserve Bank,2018,1.7,4.8,2.0,2.0,3.13,3.125
2016-09-21,1,Rosengren,Eric Rosengren Boston Reserve Bank,2019,1.8,4.2,2.1,2.1,3.38,3.375
2016-09-21,2,Yellen,Chair Yellen Office of Board Members,2019,1.6,4.5,2.0,2.0,2.13,2.125
2016-09-21,3,Kashkari,Neel Kashkari Minneapolis Reserve Bank,2019,1.7,4.5,1.9,1.9,2.63,2.625
2016-09-21,4,Tarullo,Daniel Tarullo Office of Board Members,2019,1.7,4.4,1.8,1.8,2.38,2.375
2016-09-21,5,Harker,Patrick T. Harker Philadelphia Reserve Bank,2019,2.1,4.5,2.0,2.0,3.13,3.125
2016-09-21,6,Dudley,William Dudley New York Reserve Bank,2019,1.8,4.8,2.0,2.0,2.38,2.375
2016-09-21,7,Fischer,Stanley Fischer Office of Board Members,2019,2.2,4.6,1.9,2.0,2.63,2.625
2016-09-21,8,Brainard,Lael Brainard Office of Board Members,2019,1.8,4.7,2.0,2.0,2.38,2.375
2016-09-21,9,Mester,Loretta J Mester Cleveland Reserve Bank,2019,2.0,5.0,2.0,2.0,3.0,3.0
2016-09-21,10,Powell,Jerome Powell Office of Board Members,2019,1.7,4.3,2.0,2.0,2.63,2.625
2016-09-21,11,Evans,Charles L Evans Chicago Reserve Bank,2019,2.0,4.3,1.9,1.9,3.0,3.0
2016-09-21,12,Kaplan,Robert S. Kaplan Dallas Reserve Bank,2019,1.6,4.7,2.0,2.0,2.63,2.625
2016-09-21,13,Williams,John C Williams San Francisco Reserve Bank,2019,1.6,5.0,2.0,2.0,2.75,2.75
2016-09-21,14,Lockhart,Dennis P Lockhart Atlanta Reserve Bank,2019,2.0,4.7,2.0,2.0,2.63,2.625
2016-09-21,15,Bullard,James Bullard St. Louis Reserve Bank,2019,2.0,4.7,2.0,2.0,0.63,0.625
2016-09-21,16,George,Esther George Kansas City Reserve Bank,2019,1.8,4.6,2.0,2.0,3.0,3.0
2016-09-21,17,Lacker,Jeffrey Lacker Richmond Reserve Bank,2019,1.7,4.8,2.0,2.0,3.75,3.75
2016-09-21,1,Rosengren,Eric Rosengren Boston Reserve Bank,LR,1.8,4.7,2.0,,3.0,3.0
2016-09-21,2,Yellen,Chair Yellen Office of Board Members,LR,1.7,4.7,2.0,,2.75,2.75
2016-09-21,3,Kashkari,Neel Kashkari Minneapolis Reserve Bank,LR,1.7,4.7,2.0,,2.75,2.75
2016-09-21,4,Tarullo,Daniel Tarullo Office of Board Members,LR,2.0,4.6,2.0,,2.75,2.75
2016-09-21,5,Harker,Patrick T. Harker Philadelphia Reserve Bank,LR,2.0,4.7,2.0,,3.0,3.0
2016-09-21,6,Dudley,William Dudley New York Reserve Bank,LR,1.8,4.8,2.0,,2.5,2.5
2016-09-21,7,Fischer,Stanley Fischer Office of Board Members,LR,2.2,4.8,2.0,,3.5,3.5
2016-09-21,8,Brainard,Lael Brainard Office of Board Members,LR,1.8,4.7,2.0,,2.5,2.5
2016-09-21,9,Mester,Loretta J Mester Cleveland Reserve Bank,LR,2.0,5.0,2.0,,3.0,3.0
2016-09-21,10,Powell,Jerome Powell Office of Board Members,LR,1.7,4.8,2.0,,2.5,2.5
2016-09-21,11,Evans,Charles L Evans Chicago Reserve Bank,LR,1.8,4.5,2.0,,3.0,3.0
2016-09-21,12,Kaplan,Robert S. Kaplan Dallas Reserve Bank,LR,1.7,4.8,2.0,,2.75,2.75
2016-09-21,13,Williams,John C Williams San Francisco Reserve Bank,LR,1.6,5.0,2.0,,2.75,2.75
2016-09-21,14,Lockhart,Dennis P Lockhart Atlanta Reserve Bank,LR,2.0,4.7,2.0,,3.0,3.0
2016-09-21,16,George,Esther George Kansas City Reserve Bank,LR,1.8,5.0,2.0,,3.0,3.0
2016-09-21,17,Lacker,Jeffrey Lacker Richmond Reserve Bank,LR,1.8,5.0,2.0,,3.75,3.75
2016-12-14,1,Fischer,Stanley Fischer Office of Board Members,2016,1.9,4.8,1.5,1.7,0.63,0.625
2016-12-14,2,Rosengren,Eric Rosengren Boston Reserve Bank,2016,1.9,4.8,1.5,1.7,0.63,0.625
2016-12-14,3,Dudley,William Dudley New York Reserve Bank,2016,1.8,4.7,1.5,1.8,0.63,0.625
2016-12-14,4,Kashkari,Neel Kashkari Minneapolis Reserve Bank,2016,1.8,4.8,1.5,1.7,0.63,0.625
2016-12-14,5,Lockhart,Dennis P Lockhart Atlanta Reserve Bank,2016,1.8,4.7,1.6,1.8,0.63,0.625
2016-12-14,6,Lacker,Jeffrey Lacker Richmond Reserve Bank,2016,1.9,4.7,1.5,1.8,0.63,0.625
2016-12-14,7,Mester,Loretta J Mester Cleveland Reserve Bank,2016,2.0,4.7,1.6,1.8,0.63,0.625
2016-12-14,8,Evans,Charles L Evans Chicago Reserve Bank,2016,1.9,4.8,1.5,1.7,0.63,0.625
2016-12-14,9,Yellen,Chair Yellen Office of Board Members,2016,1.8,4.7,1.5,1.7,0.63,0.625
2016-12-14,10,Powell,Jerome Powell Office of Board Members,2016,1.8,4.7,1.5,1.7,0.63,0.625
2016-12-14,11,Tarullo,Daniel Tarullo Office of Board Members,2016,1.9,4.8,1.5,1.6,0.63,0.625
2016-12-14,12,Harker,Patrick T. Harker Philadelphia Reserve Bank,2016,1.8,4.8,1.5,1.7,0.63,0.625
2016-12-14,13,Brainard,Lael Brainard Office of Board Members,2016,1.8,4.8,1.5,1.7,0.63,0.625
2016-12-14,14,Williams,John C Williams San Francisco Reserve Bank,2016,1.9,4.7,1.5,1.8,0.63,0.625
2016-12-14,15,Bullard,James Bullard St. Louis Reserve Bank,2016,2.0,4.7,1.5,1.8,0.63,0.625
2016-12-14,16,George,Esther George Kansas City Reserve Bank,2016,1.8,4.8,1.5,1.8,0.63,0.625
2016-12-14,17,Kaplan,Robert S. Kaplan Dallas Reserve Bank,2016,1.9,4.7,1.5,1.7,0.63,0.625
2016-12-14,1,Fischer,Stanley Fischer Office of Board Members,2017,2.3,4.6,1.8,1.8,1.38,1.375
2016-12-14,2,Rosengren,Eric Rosengren Boston Reserve Bank,2017,2.4,4.5,1.8,1.8,1.63,1.625
2016-12-14,3,Dudley,William Dudley New York Reserve Bank,2017,1.9,4.6,2.0,1.9,1.13,1.125
2016-12-14,4,Kashkari,Neel Kashkari Minneapolis Reserve Bank,2017,2.2,4.6,1.7,1.7,0.88,0.875
2016-12-14,5,Lockhart,Dennis P Lockhart Atlanta Reserve Bank,2017,2.1,4.5,2.0,2.0,1.13,1.125
2016-12-14,6,Lacker,Jeffrey Lacker Richmond Reserve Bank,2017,2.0,4.6,1.9,1.9,2.13,2.125
2016-12-14,7,Mester,Loretta J Mester Cleveland Reserve Bank,2017,2.2,4.5,1.9,1.9,1.75,1.75
2016-12-14,8,Evans,Charles L Evans Chicago Reserve Bank,2017,2.4,4.5,1.8,1.8,1.13,1.125
2016-12-14,9,Yellen,Chair Yellen Office of Board Members,2017,1.8,4.6,1.8,1.8,1.38,1.375
2016-12-14,10,Powell,Jerome Powell Office of Board Members,2017,2.0,4.5,1.7,1.8,1.38,1.375
2016-12-14,11,Tarullo,Daniel Tarullo Office of Board Members,2017,2.2,4.5,1.7,1.7,1.13,1.125
2016-12-14,12,Harker,Patrick T. Harker Philadelphia Reserve Bank,2017,2.3,4.4,1.9,1.9,1.38,1.375
2016-12-14,13,Brainard,Lael Brainard Office of Board Members,2017,2.1,4.6,1.7,1.7,1.38,1.375
2016-12-14,14,Williams,John C Williams San Francisco Reserve Bank,2017,1.7,4.6,1.9,1.8,1.63,1.625
2016-12-14,15,Bullard,James Bullard St. Louis Reserve Bank,2017,2.0,4.7,2.0,2.0,0.88,0.875
2016-12-14,16,George,Esther George Kansas City Reserve Bank,2017,1.8,4.5,2.0,2.0,1.63,1.625
2016-12-14,17,Kaplan,Robert S. Kaplan Dallas Reserve Bank,2017,2.3,4.4,2.0,1.9,1.38,1.375
2016-12-14,1,Fischer,Stanley Fischer Office of Board Members,2018,2.2,4.5,2.0,2.0,1.88,1.875
2016-12-14,2,Rosengren,Eric Rosengren Boston Reserve Bank,2018,2.2,4.3,2.0,2.0,2.63,2.625
2016-12-14,3,Dudley,William Dudley New York Reserve Bank,2018,1.8,4.7,2.0,2.0,1.88,1.875
2016-12-14,4,Kashkari,Neel Kashkari Minneapolis Reserve Bank,2018,2.0,4.5,1.8,1.8,1.63,1.625
2016-12-14,5,Lockhart,Dennis P Lockhart Atlanta Reserve Bank,2018,2.1,4.5,2.0,2.0,1.88,1.875
2016-12-14,6,Lacker,Jeffrey Lacker Richmond Reserve Bank,2018,1.8,4.7,2.0,2.0,3.38,3.375
2016-12-14,7,Mester,Loretta J Mester Cleveland Reserve Bank,2018,2.2,4.5,2.1,2.1,3.0,3.0
2016-12-14,8,Evans,Charles L Evans Chicago Reserve Bank,2018,2.3,4.3,1.9,1.9,2.13,2.125
2016-12-14,9,Yellen,Chair Yellen Office of Board Members,2018,1.9,4.4,1.9,1.9,1.88,1.875
2016-12-14,10,Powell,Jerome Powell Office of Board Members,2018,2.0,4.3,2.0,2.0,2.13,2.125
2016-12-14,11,Tarullo,Daniel Tarullo Office of Board Members,2018,2.0,4.4,1.9,1.9,1.88,1.875
2016-12-14,12,Harker,Patrick T. Harker Philadelphia Reserve Bank,2018,2.1,4.4,2.0,2.0,2.38,2.375
2016-12-14,13,Brainard,Lael Brainard Office of Board Members,2018,2.1,4.5,1.9,1.9,2.13,2.125
2016-12-14,14,Williams,John C Williams San Francisco Reserve Bank,2018,1.7,4.7,2.0,2.0,3.25,3.25
2016-12-14,15,Bullard,James Bullard St. Louis Reserve Bank,2018,2.0,4.7,2.0,2.0,0.88,0.875
2016-12-14,16,George,Esther George Kansas City Reserve Bank,2018,1.8,4.5,2.0,2.0,2.63,2.625
2016-12-14,17,Kaplan,Robert S. Kaplan Dallas Reserve Bank,2018,2.0,4.2,2.2,2.2,2.38,2.375
2016-12-14,1,Fischer,Stanley Fischer Office of Board Members,2019,2.2,4.6,2.1,2.0,2.63,2.625
2016-12-14,2,Rosengren,Eric Rosengren Boston Reserve Bank,2019,1.9,4.2,2.1,2.1,3.63,3.625
2016-12-14,3,Dudley,William Dudley New York Reserve Bank,2019,1.8,4.8,2.0,2.0,2.38,2.375
2016-12-14,4,Kashkari,Neel Kashkari Minneapolis Reserve Bank,2019,1.8,4.5,1.9,1.9,2.63,2.625
2016-12-14,5,Lockhart,Dennis P Lockhart Atlanta Reserve Bank,2019,2.0,4.6,2.0,2.0,2.63,2.625
2016-12-14,6,Lacker,Jeffrey Lacker Richmond Reserve Bank,2019,1.8,4.8,2.0,2.0,3.88,3.875
2016-12-14,7,Mester,Loretta J Mester Cleveland Reserve Bank,2019,2.0,4.8,2.0,2.0,3.25,3.25
2016-12-14,8,Evans,Charles L Evans Chicago Reserve Bank,2019,2.0,4.3,2.0,2.0,3.0,3.0
2016-12-14,9,Yellen,Chair Yellen Office of Board Members,2019,1.7,4.4,2.0,2.0,2.38,2.375
2016-12-14,10,Powell,Jerome Powell Office of Board Members,2019,1.8,4.3,2.0,2.0,2.88,2.875
2016-12-14,11,Tarullo,Daniel Tarullo Office of Board Members,2019,1.7,4.5,1.8,1.8,2.13,2.125
2016-12-14,12,Harker,Patrick T. Harker Philadelphia Reserve Bank,2019,2.1,4.5,2.0,2.0,3.13,3.125
2016-12-14,13,Brainard,Lael Brainard Office of Board Members,2019,1.9,4.5,2.0,2.0,2.88,2.875
2016-12-14,14,Williams,John C Williams San Francisco Reserve Bank,2019,1.5,4.8,2.1,2.1,3.25,3.25
2016-12-14,15,Bullard,James Bullard St. Louis Reserve Bank,2019,2.0,4.7,2.0,2.0,0.88,0.875
2016-12-14,16,George,Esther George Kansas City Reserve Bank,2019,1.8,4.6,2.0,2.0,3.0,3.0
2016-12-14,17,Kaplan,Robert S. Kaplan Dallas Reserve Bank,2019,2.0,4.1,2.2,2.2,3.13,3.125
2016-12-14,1,Fischer,Stanley Fischer Office of Board Members,LR,2.2,4.8,2.0,,3.5,3.5
2016-12-14,2,Rosengren,Eric Rosengren Boston Reserve Bank,LR,1.8,4.7,2.0,,3.0,3.0
2016-12-14,3,Dudley,William Dudley New York Reserve Bank,LR,1.8,4.8,2.0,,2.5,2.5
2016-12-14,4,Kashkari,Neel Kashkari Minneapolis Reserve Bank,LR,1.7,4.7,2.0,,2.75,2.75
2016-12-14,5,Lockhart,Dennis P Lockhart Atlanta Reserve Bank,LR,2.0,4.7,2.0,,3.0,3.0
2016-12-14,6,Lacker,Jeffrey Lacker Richmond Reserve Bank,LR,1.8,5.0,2.0,,3.75,3.75
2016-12-14,7,Mester,Loretta J Mester Cleveland Reserve Bank,LR,2.0,5.0,2.0,,3.0,3.0
2016-12-14,8,Evans,Charles L Evans Chicago Reserve Bank,LR,1.8,4.5,2.0,,3.0,3.0
2016-12-14,9,Yellen,Chair Yellen Office of Board Members,LR,1.7,4.7,2.0,,2.75,2.75
2016-12-14,10,Powell,Jerome Powell Office of Board Members,LR,1.8,4.8,2.0,,2.75,2.75
2016-12-14,11,Tarullo,Daniel Tarullo Office of Board Members,LR,2.0,4.6,2.0,,2.75,2.75
2016-12-14,12,Harker,Patrick T. Harker Philadelphia Reserve Bank,LR,2.0,4.7,2.0,,3.0,3.0
2016-12-14,13,Brainard,Lael Brainard Office of Board Members,LR,1.8,4.7,2.0,,2.75,2.75
2016-12-14,14,Williams,John C Williams San Francisco Reserve Bank,LR,1.6,5.0,2.0,,2.75,2.75
2016-12-14,16,George,Esther George Kansas City Reserve Bank,LR,1.8,5.0,2.0,,3.0,3.0
2016-12-14,17,Kaplan,Robert S. Kaplan Dallas Reserve Bank,LR,1.8,4.8,2.0,,3.0,3.0
2017-03-15,1,Brainard,Lael Brainard Office of Board Members,2017,2.0,4.6,1.7,1.8,1.38,1.375
2017-03-15,2,Williams,John C Williams San Francisco Reserve Bank,2017,1.7,4.6,2.0,1.9,1.63,1.625
2017-03-15,3,Evans,Charles L Evans Chicago Reserve Bank,2017,2.3,4.5,1.8,1.8,1.13,1.125
2017-03-15,4,George,Esther George Kansas City Reserve Bank,2017,2.0,4.4,1.9,1.9,1.63,1.625
2017-03-15,5,Lacker,Jeffrey Lacker Richmond Reserve Bank,2017,1.8,4.7,1.9,1.9,2.13,2.125
2017-03-15,6,Fischer,Stanley Fischer Office of Board Members,2017,2.2,4.5,1.8,1.9,1.38,1.375
2017-03-15,7,Dudley,William Dudley New York Reserve Bank,2017,2.0,4.6,2.1,1.9,1.38,1.375
2017-03-15,8,Tarullo,Daniel Tarullo Office of Board Members,2017,2.1,4.5,1.8,1.7,1.38,1.375
2017-03-15,9,Yellen,Chair Yellen Office of Board Members,2017,1.9,4.6,1.8,1.8,1.38,1.375
2017-03-15,10,Kashkari,Neel Kashkari Minneapolis Reserve Bank,2017,2.2,4.6,1.7,1.8,0.88,0.875
2017-03-15,11,Harker,Patrick T. Harker Philadelphia Reserve Bank,2017,2.3,4.4,1.9,1.9,1.38,1.375
2017-03-15,12,Bullard,James Bullard St. Louis Reserve Bank,2017,2.0,4.7,2.0,2.0,0.88,0.875
2017-03-15,13,Kaplan,Robert S. Kaplan Dallas Reserve Bank,2017,2.2,4.4,1.9,1.8,1.38,1.375
2017-03-15,14,Powell,Jerome Powell Office of Board Members,2017,2.0,4.5,1.7,1.8,1.38,1.375
2017-03-15,15,Rosengren,Eric Rosengren Boston Reserve Bank,2017,2.2,4.5,1.8,1.9,1.63,1.625
2017-03-15,16,Gooding,Marie Gooding Atlanta Reserve Bank,2017,2.1,4.6,2.0,2.0,1.38,1.375
2017-03-15,17,Mester,Loretta J Mester Cleveland Reserve Bank,2017,2.2,4.5,2.0,2.0,1.63,1.625
2017-03-15,1,Brainard,Lael Brainard Office of Board Members,2018,2.2,4.5,1.9,1.9,2.13,2.125
2017-03-15,2,Williams,John C Williams San Francisco Reserve Bank,2018,1.7,4.7,2.0,2.0,3.25,3.25
2017-03-15,3,Evans,Charles L Evans Chicago Reserve Bank,2018,2.4,4.3,1.9,1.9,2.13,2.125
2017-03-15,4,George,Esther George Kansas City Reserve Bank,2018,1.8,4.4,2.0,2.0,2.63,2.625
2017-03-15,5,Lacker,Jeffrey Lacker Richmond Reserve Bank,2018,2.0,4.6,2.0,2.0,3.38,3.375
2017-03-15,6,Fischer,Stanley Fischer Office of Board Members,2018,2.3,4.5,2.0,2.1,2.13,2.125
2017-03-15,7,Dudley,William Dudley New York Reserve Bank,2018,1.8,4.5,2.1,2.1,2.13,2.125
2017-03-15,8,Tarullo,Daniel Tarullo Office of Board Members,2018,2.1,4.4,1.9,1.9,2.13,2.125
2017-03-15,9,Yellen,Chair Yellen Office of Board Members,2018,1.8,4.5,1.9,1.9,1.88,1.875
2017-03-15,10,Kashkari,Neel Kashkari Minneapolis Reserve Bank,2018,2.0,4.5,1.8,1.8,1.63,1.625
2017-03-15,11,Harker,Patrick T. Harker Philadelphia Reserve Bank,2018,2.1,4.4,2.0,2.0,2.38,2.375
2017-03-15,12,Bullard,James Bullard St. Louis Reserve Bank,2018,2.0,4.7,2.0,2.0,0.88,0.875
2017-03-15,13,Kaplan,Robert S. Kaplan Dallas Reserve Bank,2018,2.0,4.2,2.0,2.0,2.38,2.375
2017-03-15,14,Powell,Jerome Powell Office of Board Members,2018,2.2,4.2,2.0,2.0,2.38,2.375
2017-03-15,15,Rosengren,Eric Rosengren Boston Reserve Bank,2018,2.3,4.3,2.0,2.0,2.88,2.875
2017-03-15,16,Gooding,Marie Gooding Atlanta Reserve Bank,2018,2.1,4.6,2.0,2.0,2.13,2.125
2017-03-15,17,Mester,Loretta J Mester Cleveland Reserve Bank,2018,2.3,4.5,2.1,2.1,3.0,3.0
2017-03-15,1,Brainard,Lael Brainard Office of Board Members,2019,1.9,4.5,2.0,2.0,2.88,2.875
2017-03-15,2,Williams,John C Williams San Francisco Reserve Bank,2019,1.5,4.8,2.1,2.1,3.25,3.25
2017-03-15,3,Evans,Charles L Evans Chicago Reserve Bank,2019,2.0,4.3,2.0,2.0,3.0,3.0
2017-03-15,4,George,Esther George Kansas City Reserve Bank,2019,1.8,4.5,2.0,2.0,3.0,3.0
2017-03-15,5,Lacker,Jeffrey Lacker Richmond Reserve Bank,2019,1.8,4.7,2.0,2.0,3.88,3.875
2017-03-15,6,Fischer,Stanley Fischer Office of Board Members,2019,2.2,4.6,2.0,2.0,2.88,2.875
2017-03-15,7,Dudley,William Dudley New York Reserve Bank,2019,1.8,4.5,2.2,2.2,2.88,2.875
2017-03-15,8,Tarullo,Daniel Tarullo Office of Board Members,2019,1.8,4.4,1.8,1.8,2.38,2.375
2017-03-15,9,Yellen,Chair Yellen Office of Board Members,2019,1.7,4.4,2.0,2.0,2.38,2.375
2017-03-15,10,Kashkari,Neel Kashkari Minneapolis Reserve Bank,2019,1.8,4.5,1.9,1.9,2.63,2.625
2017-03-15,11,Harker,Patrick T. Harker Philadelphia Reserve Bank,2019,2.1,4.5,2.0,2.0,3.13,3.125
2017-03-15,12,Bullard,James Bullard St. Louis Reserve Bank,2019,2.0,4.7,2.0,2.0,0.88,0.875
2017-03-15,13,Kaplan,Robert S. Kaplan Dallas Reserve Bank,2019,2.0,4.1,2.2,2.2,3.13,3.125
2017-03-15,14,Powell,Jerome Powell Office of Board Members,2019,2.0,4.2,2.0,2.0,3.13,3.125
2017-03-15,15,Rosengren,Eric Rosengren Boston Reserve Bank,2019,1.8,4.3,2.1,2.1,3.88,3.875
2017-03-15,16,Gooding,Marie Gooding Atlanta Reserve Bank,2019,2.0,4.7,2.0,2.0,2.63,2.625
2017-03-15,17,Mester,Loretta J Mester Cleveland Reserve Bank,2019,2.1,4.7,2.0,2.0,3.25,3.25
2017-03-15,1,Brainard,Lael Brainard Office of Board Members,LR,1.9,4.7,2.0,,2.75,2.75
2017-03-15,2,Williams,John C Williams San Francisco Reserve Bank,LR,1.6,5.0,2.0,,2.75,2.75
2017-03-15,3,Evans,Charles L Evans Chicago Reserve Bank,LR,1.8,4.5,2.0,,3.0,3.0
2017-03-15,4,George,Esther George Kansas City Reserve Bank,LR,1.8,5.0,2.0,,3.0,3.0
2017-03-15,5,Lacker,Jeffrey Lacker Richmond Reserve Bank,LR,1.8,5.0,2.0,,3.75,3.75
2017-03-15,6,Fischer,Stanley Fischer Office of Board Members,LR,2.2,4.6,2.0,,3.5,3.5
2017-03-15,7,Dudley,William Dudley New York Reserve Bank,LR,1.8,4.8,2.0,,2.5,2.5
2017-03-15,8,Tarullo,Daniel Tarullo Office of Board Members,LR,2.0,4.5,2.0,,2.75,2.75
2017-03-15,9,Yellen,Chair Yellen Office of Board Members,LR,1.7,4.7,2.0,,2.75,2.75
2017-03-15,10,Kashkari,Neel Kashkari Minneapolis Reserve Bank,LR,1.7,4.7,2.0,,2.75,2.75
2017-03-15,11,Harker,Patrick T. Harker Philadelphia Reserve Bank,LR,2.0,4.7,2.0,,3.0,3.0
2017-03-15,13,Kaplan,Robert S. Kaplan Dallas Reserve Bank,LR,1.8,4.8,2.0,,3.0,3.0
2017-03-15,14,Powell,Jerome Powell Office of Board Members,LR,1.8,4.7,2.0,,3.0,3.0
2017-03-15,15,Rosengren,Eric Rosengren Boston Reserve Bank,LR,1.8,4.7,2.0,,3.0,3.0
2017-03-15,16,Gooding,Marie Gooding Atlanta Reserve Bank,LR,2.0,4.7,2.0,,3.0,3.0
2017-03-15,17,Mester,Loretta J Mester Cleveland Reserve Bank,LR,2.0,5.0,2.0,,3.0,3.0
2017-06-14,1,Brainard,Lael Brainard Office of Board Members,2017,2.2,4.2,1.6,1.6,1.13,1.125
2017-06-14,2,Evans,Charles L Evans Chicago Reserve Bank,2017,2.2,4.3,1.6,1.6,1.13,1.125
2017-06-14,3,Mester,Loretta J Mester Cleveland Reserve Bank,2017,2.2,4.3,1.7,1.7,1.38,1.375
2017-06-14,4,Dudley,William Dudley New York Reserve Bank,2017,2.1,4.3,1.8,1.7,1.38,1.375
2017-06-14,5,Yellen,Chair Yellen Office of Board Members,2017,2.1,4.2,1.6,1.6,1.38,1.375
2017-06-14,6,Mullinix,Mark L. Mullinix Richmond Reserve Bank,2017,2.2,4.3,1.7,1.7,1.63,1.625
2017-06-14,7,Harker,Patrick T. Harker Philadelphia Reserve Bank,2017,2.2,4.2,1.6,1.8,1.38,1.375
2017-06-14,8,Powell,Jerome Powell Office of Board Members,2017,2.0,4.2,1.5,1.6,1.38,1.375
2017-06-14,9,Kaplan,Robert S. Kaplan Dallas Reserve Bank,2017,2.1,4.2,1.7,1.7,1.38,1.375
2017-06-14,10,George,Esther George Kansas City Reserve Bank,2017,2.0,4.3,1.7,1.7,1.63,1.625
2017-06-14,11,Bostic,Raphael Bostic Atlanta Reserve Bank,2017,2.1,4.3,1.7,1.7,1.38,1.375
2017-06-14,12,Bullard,James Bullard St. Louis Reserve Bank,2017,2.0,4.5,1.8,1.8,1.13,1.125
2017-06-14,13,Fischer,Stanley Fischer Office of Board Members,2017,2.4,4.2,1.6,1.7,1.38,1.375
2017-06-14,14,Kashkari,Neel Kashkari Minneapolis Reserve Bank,2017,2.4,4.3,1.6,1.6,1.13,1.125
2017-06-14,15,Williams,John C Williams San Francisco Reserve Bank,2017,2.1,4.2,1.6,1.7,1.63,1.625
2017-06-14,16,Rosengren,Eric Rosengren Boston Reserve Bank,2017,2.5,4.1,1.6,1.6,1.63,1.625
2017-06-14,1,Brainard,Lael Brainard Office of Board Members,2018,2.2,4.0,1.7,1.7,1.88,1.875
2017-06-14,2,Evans,Charles L Evans Chicago Reserve Bank,2018,2.2,4.1,1.8,1.8,2.13,2.125
2017-06-14,3,Mester,Loretta J Mester Cleveland Reserve Bank,2018,2.3,4.3,2.0,2.0,2.75,2.75
2017-06-14,4,Dudley,William Dudley New York Reserve Bank,2018,1.7,4.4,2.1,2.1,2.13,2.125
2017-06-14,5,Yellen,Chair Yellen Office of Board Members,2018,1.8,4.1,1.8,1.8,1.88,1.875
2017-06-14,6,Mullinix,Mark L. Mullinix Richmond Reserve Bank,2018,2.0,4.2,1.9,1.9,2.63,2.625
2017-06-14,7,Harker,Patrick T. Harker Philadelphia Reserve Bank,2018,2.1,4.0,2.0,2.0,2.38,2.375
2017-06-14,8,Powell,Jerome Powell Office of Board Members,2018,2.2,3.9,1.9,1.9,2.38,2.375
2017-06-14,9,Kaplan,Robert S. Kaplan Dallas Reserve Bank,2018,2.1,4.1,2.0,2.0,2.13,2.125
2017-06-14,10,George,Esther George Kansas City Reserve Bank,2018,1.8,4.3,2.0,2.0,2.63,2.625
2017-06-14,11,Bostic,Raphael Bostic Atlanta Reserve Bank,2018,2.1,4.3,2.0,2.0,2.13,2.125
2017-06-14,12,Bullard,James Bullard St. Louis Reserve Bank,2018,2.0,4.5,2.0,2.0,1.13,1.125
2017-06-14,13,Fischer,Stanley Fischer Office of Board Members,2018,2.3,4.0,2.0,1.9,2.13,2.125
2017-06-14,14,Kashkari,Neel Kashkari Minneapolis Reserve Bank,2018,2.2,4.2,1.8,1.8,1.63,1.625
2017-06-14,15,Williams,John C Williams San Francisco Reserve Bank,2018,1.7,4.2,1.9,1.9,2.63,2.625
2017-06-14,16,Rosengren,Eric Rosengren Boston Reserve Bank,2018,2.0,4.0,1.9,2.0,3.13,3.125
2017-06-14,1,Brainard,Lael Brainard Office of Board Members,2019,1.9,4.1,1.8,1.8,2.63,2.625
2017-06-14,2,Evans,Charles L Evans Chicago Reserve Bank,2019,2.0,4.0,1.9,1.9,3.0,3.0
2017-06-14,3,Mester,Loretta J Mester Cleveland Reserve Bank,2019,2.1,4.5,2.0,2.0,3.25,3.25
2017-06-14,4,Dudley,William Dudley New York Reserve Bank,2019,1.8,4.4,2.2,2.2,2.88,2.875
2017-06-14,5,Yellen,Chair Yellen Office of Board Members,2019,1.7,4.1,2.0,2.0,2.38,2.375
2017-06-14,6,Mullinix,Mark L. Mullinix Richmond Reserve Bank,2019,1.8,4.1,2.0,2.0,3.38,3.375
2017-06-14,7,Harker,Patrick T. Harker Philadelphia Reserve Bank,2019,2.1,4.2,2.0,2.0,3.13,3.125
2017-06-14,8,Powell,Jerome Powell Office of Board Members,2019,2.0,3.8,2.0,2.0,3.13,3.125
2017-06-14,9,Kaplan,Robert S. Kaplan Dallas Reserve Bank,2019,1.8,4.1,2.1,2.1,2.63,2.625
2017-06-14,10,George,Esther George Kansas City Reserve Bank,2019,1.8,4.4,2.0,2.0,3.13,3.125
2017-06-14,11,Bostic,Raphael Bostic Atlanta Reserve Bank,2019,2.0,4.4,2.0,2.0,2.63,2.625
2017-06-14,12,Bullard,James Bullard St. Louis Reserve Bank,2019,2.0,4.5,2.0,2.0,1.13,1.125
2017-06-14,13,Fischer,Stanley Fischer Office of Board Members,2019,2.3,4.0,2.0,2.0,2.88,2.875
2017-06-14,14,Kashkari,Neel Kashkari Minneapolis Reserve Bank,2019,1.8,4.1,1.9,1.9,2.38,2.375
2017-06-14,15,Williams,John C Williams San Francisco Reserve Bank,2019,1.4,4.4,2.1,2.1,3.0,3.0
2017-06-14,16,Rosengren,Eric Rosengren Boston Reserve Bank,2019,1.5,4.2,2.1,2.1,4.13,4.125
2017-06-14,1,Brainard,Lael Brainard Office of Board Members,LR,1.9,4.5,2.0,,2.75,2.75
2017-06-14,2,Evans,Charles L Evans Chicago Reserve Bank,LR,1.8,4.5,2.0,,3.0,3.0
2017-06-14,3,Mester,Loretta J Mester Cleveland Reserve Bank,LR,2.0,4.8,2.0,,3.0,3.0
2017-06-14,4,Dudley,William Dudley New York Reserve Bank,LR,1.8,4.6,2.0,,2.75,2.75
2017-06-14,5,Yellen,Chair Yellen Office of Board Members,LR,1.7,4.5,2.0,,2.75,2.75
2017-06-14,6,Mullinix,Mark L. Mullinix Richmond Reserve Bank,LR,1.8,4.8,2.0,,3.0,3.0
2017-06-14,7,Harker,Patrick T. Harker Philadelphia Reserve Bank,LR,2.0,4.7,2.0,,3.0,3.0
2017-06-14,8,Powell,Jerome Powell Office of Board Members,LR,1.8,4.5,2.0,,3.0,3.0
2017-06-14,9,Kaplan,Robert S. Kaplan Dallas Reserve Bank,LR,1.8,4.7,2.0,,2.75,2.75
2017-06-14,10,George,Esther George Kansas City Reserve Bank,LR,1.8,5.0,2.0,,3.0,3.0
2017-06-14,11,Bostic,Raphael Bostic Atlanta Reserve Bank,LR,2.0,4.6,2.0,,3.0,3.0
2017-06-14,13,Fischer,Stanley Fischer Office of Board Members,LR,2.2,4.5,2.0,,3.5,3.5
2017-06-14,14,Kashkari,Neel Kashkari Minneapolis Reserve Bank,LR,1.7,4.5,2.0,,2.75,2.75
2017-06-14,15,Williams,John C Williams San Francisco Reserve Bank,LR,1.5,4.8,2.0,,2.5,2.5
2017-06-14,16,Rosengren,Eric Rosengren Boston Reserve Bank,LR,1.8,4.7,2.0,,3.0,3.0
2017-09-20,1,Yellen,Chair Yellen Office of Board Members,2017,2.4,4.2,1.5,1.5,1.38,1.375
2017-09-20,2,Fischer,Stanley Fischer Office of Board Members,2017,2.7,4.2,1.7,1.7,1.38,1.375
2017-09-20,3,George,Esther George Kansas City Reserve Bank,2017,2.2,4.3,1.5,1.4,1.63,1.625
2017-09-20,4,Powell,Jerome Powell Office of Board Members,2017,2.3,4.2,1.5,1.5,1.38,1.375
2017-09-20,5,Kashkari,Neel Kashkari Minneapolis Reserve Bank,2017,2.5,4.3,1.6,1.5,1.13,1.125
2017-09-20,6,Kaplan,Robert S. Kaplan Dallas Reserve Bank,2017,2.3,4.2,1.6,1.6,1.38,1.375
2017-09-20,7,Evans,Charles L Evans Chicago Reserve Bank,2017,2.5,4.3,1.6,1.5,1.13,1.125
2017-09-20,8,Rosengren,Eric Rosengren Boston Reserve Bank,2017,2.5,4.2,1.7,1.6,1.38,1.375
2017-09-20,9,Mullinix,Mark L. Mullinix Richmond Reserve Bank,2017,2.2,4.3,1.5,1.5,1.38,1.375
2017-09-20,10,Dudley,William Dudley New York Reserve Bank,2017,2.4,4.3,1.7,1.5,1.38,1.375
2017-09-20,11,Harker,Patrick T. Harker Philadelphia Reserve Bank,2017,2.5,4.2,1.5,1.5,1.38,1.375
2017-09-20,12,Bullard,James Bullard St. Louis Reserve Bank,2017,2.2,4.5,1.5,1.6,1.13,1.125
2017-09-20,13,Bostic,Raphael Bostic Atlanta Reserve Bank,2017,2.3,4.3,1.6,1.5,1.38,1.375
2017-09-20,14,Brainard,Lael Brainard Office of Board Members,2017,2.5,4.2,1.5,1.5,1.13,1.125
2017-09-20,15,Mester,Loretta J Mester Cleveland Reserve Bank,2017,2.2,4.3,1.6,1.4,1.38,1.375
2017-09-20,16,Williams,John C Williams San Francisco Reserve Bank,2017,2.4,4.2,1.5,1.5,1.38,1.375
2017-09-20,1,Yellen,Chair Yellen Office of Board Members,2018,2.0,4.0,1.8,1.8,1.88,1.875
2017-09-20,2,Fischer,Stanley Fischer Office of Board Members,2018,2.6,4.1,1.8,1.9,2.13,2.125
2017-09-20,3,George,Esther George Kansas City Reserve Bank,2018,2.0,4.2,2.0,2.0,2.63,2.625
2017-09-20,4,Powell,Jerome Powell Office of Board Members,2018,2.2,3.9,1.9,1.9,2.13,2.125
2017-09-20,5,Kashkari,Neel Kashkari Minneapolis Reserve Bank,2018,2.5,4.1,1.7,1.7,1.13,1.125
2017-09-20,6,Kaplan,Robert S. Kaplan Dallas Reserve Bank,2018,2.0,4.0,1.9,1.9,2.13,2.125
2017-09-20,7,Evans,Charles L Evans Chicago Reserve Bank,2018,2.3,4.0,1.7,1.7,1.88,1.875
2017-09-20,8,Rosengren,Eric Rosengren Boston Reserve Bank,2018,2.1,4.0,1.8,1.9,2.38,2.375
2017-09-20,9,Mullinix,Mark L. Mullinix Richmond Reserve Bank,2018,2.1,4.2,1.9,1.9,2.38,2.375
2017-09-20,10,Dudley,William Dudley New York Reserve Bank,2018,1.7,4.4,2.0,2.0,2.13,2.125
2017-09-20,11,Harker,Patrick T. Harker Philadelphia Reserve Bank,2018,2.2,3.9,1.9,1.9,2.38,2.375
2017-09-20,12,Bullard,James Bullard St. Louis Reserve Bank,2018,2.0,4.5,2.0,2.0,1.13,1.125
2017-09-20,13,Bostic,Raphael Bostic Atlanta Reserve Bank,2018,2.1,4.3,2.0,2.0,2.13,2.125
2017-09-20,14,Brainard,Lael Brainard Office of Board Members,2018,2.2,4.0,1.7,1.7,1.63,1.625
2017-09-20,15,Mester,Loretta J Mester Cleveland Reserve Bank,2018,2.3,4.2,2.0,1.9,2.5,2.5
2017-09-20,16,Williams,John C Williams San Francisco Reserve Bank,2018,1.8,4.0,1.8,1.8,2.13,2.125
2017-09-20,1,Yellen,Chair Yellen Office of Board Members,2019,1.7,4.0,2.0,2.0,2.38,2.375
2017-09-20,2,Fischer,Stanley Fischer Office of Board Members,2019,2.3,4.0,1.9,2.0,2.88,2.875
2017-09-20,3,George,Esther George Kansas City Reserve Bank,2019,1.8,4.2,2.0,2.0,3.13,3.125
2017-09-20,4,Powell,Jerome Powell Office of Board Members,2019,2.0,3.8,2.0,2.0,2.63,2.625
2017-09-20,5,Kashkari,Neel Kashkari Minneapolis Reserve Bank,2019,2.1,3.9,2.0,2.0,1.63,1.625
2017-09-20,6,Kaplan,Robert S. Kaplan Dallas Reserve Bank,2019,2.0,3.8,2.1,2.1,2.38,2.375
2017-09-20,7,Evans,Charles L Evans Chicago Reserve Bank,2019,2.0,3.9,1.8,1.8,2.75,2.75
2017-09-20,8,Rosengren,Eric Rosengren Boston Reserve Bank,2019,1.6,4.1,2.1,2.1,3.38,3.375
2017-09-20,9,Mullinix,Mark L. Mullinix Richmond Reserve Bank,2019,1.8,4.1,2.0,2.0,3.38,3.375
2017-09-20,10,Dudley,William Dudley New York Reserve Bank,2019,1.7,4.4,2.2,2.2,2.88,2.875
2017-09-20,11,Harker,Patrick T. Harker Philadelphia Reserve Bank,2019,2.1,4.1,2.0,2.0,3.13,3.125
2017-09-20,12,Bullard,James Bullard St. Louis Reserve Bank,2019,2.0,4.5,2.0,2.0,1.13,1.125
2017-09-20,13,Bostic,Raphael Bostic Atlanta Reserve Bank,2019,2.0,4.4,2.0,2.0,2.63,2.625
2017-09-20,14,Brainard,Lael Brainard Office of Board Members,2019,1.8,4.1,1.8,1.8,2.13,2.125
2017-09-20,15,Mester,Loretta J Mester Cleveland Reserve Bank,2019,2.1,4.5,2.0,2.0,3.25,3.25
2017-09-20,16,Williams,John C Williams San Francisco Reserve Bank,2019,1.4,4.2,2.0,2.0,2.5,2.5
2017-09-20,1,Yellen,Chair Yellen Office of Board Members,2020,1.5,4.1,2.1,2.1,2.63,2.625
2017-09-20,2,Fischer,Stanley Fischer Office of Board Members,2020,2.0,4.0,2.0,2.0,3.5,3.5
2017-09-20,3,George,Esther George Kansas City Reserve Bank,2020,1.8,4.3,2.0,2.0,3.63,3.625
2017-09-20,4,Powell,Jerome Powell Office of Board Members,2020,1.8,3.8,2.0,2.0,2.88,2.875
2017-09-20,5,Kashkari,Neel Kashkari Minneapolis Reserve Bank,2020,1.7,3.9,2.1,2.1,2.38,2.375
2017-09-20,6,Kaplan,Robert S. Kaplan Dallas Reserve Bank,2020,1.7,4.0,2.1,2.1,2.63,2.625
2017-09-20,7,Evans,Charles L Evans Chicago Reserve Bank,2020,1.9,3.9,2.0,2.0,2.75,2.75
2017-09-20,8,Rosengren,Eric Rosengren Boston Reserve Bank,2020,1.4,4.3,2.2,2.2,3.88,3.875
2017-09-20,9,Mullinix,Mark L. Mullinix Richmond Reserve Bank,2020,1.6,4.1,2.0,2.0,3.5,3.5
2017-09-20,10,Dudley,William Dudley New York Reserve Bank,2020,1.7,4.5,2.1,2.1,2.88,2.875
2017-09-20,11,Harker,Patrick T. Harker Philadelphia Reserve Bank,2020,2.0,4.2,2.0,2.0,3.13,3.125
2017-09-20,12,Bullard,James Bullard St. Louis Reserve Bank,2020,2.0,4.5,2.0,2.0,1.13,1.125
2017-09-20,13,Bostic,Raphael Bostic Atlanta Reserve Bank,2020,2.0,4.5,2.0,2.0,2.88,2.875
2017-09-20,14,Brainard,Lael Brainard Office of Board Members,2020,1.7,4.2,1.9,1.9,2.38,2.375
2017-09-20,15,Mester,Loretta J Mester Cleveland Reserve Bank,2020,2.0,4.8,2.0,2.0,3.0,3.0
2017-09-20,16,Williams,John C Williams San Francisco Reserve Bank,2020,1.4,4.5,2.1,2.1,2.5,2.5
2017-09-20,1,Yellen,Chair Yellen Office of Board Members,LR,1.7,4.5,2.0,,2.75,2.75
2017-09-20,2,Fischer,Stanley Fischer Office of Board Members,LR,2.2,4.5,2.0,,3.5,3.5
2017-09-20,3,George,Esther George Kansas City Reserve Bank,LR,1.8,4.8,2.0,,3.0,3.0
2017-09-20,4,Powell,Jerome Powell Office of Board Members,LR,1.8,4.5,2.0,,2.75,2.75
2017-09-20,5,Kashkari,Neel Kashkari Minneapolis Reserve Bank,LR,1.7,4.4,2.0,,2.25,2.25
2017-09-20,6,Kaplan,Robert S. Kaplan Dallas Reserve Bank,LR,1.8,4.7,2.0,,2.5,2.5
2017-09-20,7,Evans,Charles L Evans Chicago Reserve Bank,LR,1.8,4.5,2.0,,2.75,2.75
2017-09-20,8,Rosengren,Eric Rosengren Boston Reserve Bank,LR,1.8,4.7,2.0,,2.5,2.5
2017-09-20,9,Mullinix,Mark L. Mullinix Richmond Reserve Bank,LR,1.8,5.0,2.0,,3.0,3.0
2017-09-20,10,Dudley,William Dudley New York Reserve Bank,LR,1.8,4.6,2.0,,2.75,2.75
2017-09-20,11,Harker,Patrick T. Harker Philadelphia Reserve Bank,LR,2.0,4.7,2.0,,3.0,3.0
2017-09-20,13,Bostic,Raphael Bostic Atlanta Reserve Bank,LR,2.0,4.6,2.0,,3.0,3.0
2017-09-20,14,Brainard,Lael Brainard Office of Board Members,LR,1.9,4.5,2.0,,2.5,2.5
2017-09-20,15,Mester,Loretta J Mester Cleveland Reserve Bank,LR,2.0,4.8,2.0,,3.0,3.0
2017-09-20,16,Williams,John C Williams San Francisco Reserve Bank,LR,1.5,4.8,2.0,,2.5,2.5
2017-12-13,1,Mullinix,Mark L. Mullinix Richmond Reserve Bank,2017,2.4,4.1,1.7,1.5,1.38,1.375
2017-12-13,2,Harker,Patrick T. Harker Philadelphia Reserve Bank,2017,2.5,4.1,1.7,1.5,1.38,1.375
2017-12-13,3,Bullard,James Bullard St. Louis Reserve Bank,2017,2.5,4.1,1.6,1.5,1.38,1.375
2017-12-13,4,Evans,Charles L Evans Chicago Reserve Bank,2017,2.6,4.1,1.7,1.5,1.13,1.125
2017-12-13,5,Kashkari,Neel Kashkari Minneapolis Reserve Bank,2017,2.4,4.1,1.6,1.5,1.13,1.125
2017-12-13,6,Quarles,Randal Quarles Office of Board Members,2017,2.4,4.1,1.7,1.5,1.38,1.375
2017-12-13,7,Powell,Jerome Powell Office of Board Members,2017,2.4,4.1,1.7,1.5,1.38,1.375
2017-12-13,8,Williams,John C Williams San Francisco Reserve Bank,2017,2.4,4.1,1.5,1.5,1.38,1.375
2017-12-13,9,Kaplan,Robert S. Kaplan Dallas Reserve Bank,2017,2.5,4.1,1.7,1.5,1.38,1.375
2017-12-13,10,George,Esther George Kansas City Reserve Bank,2017,2.5,4.1,1.5,1.4,1.38,1.375
2017-12-13,11,Rosengren,Eric Rosengren Boston Reserve Bank,2017,2.5,4.1,1.7,1.5,1.38,1.375
2017-12-13,12,Dudley,William Dudley New York Reserve Bank,2017,2.5,4.1,1.7,1.5,1.38,1.375
2017-12-13,13,Yellen,Chair Yellen Office of Board Members,2017,2.4,4.1,1.7,1.5,1.38,1.375
2017-12-13,14,Brainard,Lael Brainard Office of Board Members,2017,2.5,4.1,1.7,1.5,1.38,1.375
2017-12-13,15,Mester,Loretta J Mester Cleveland Reserve Bank,2017,2.5,4.1,1.7,1.5,1.38,1.375
2017-12-13,16,Bostic,Raphael Bostic Atlanta Reserve Bank,2017,2.5,4.1,1.7,1.5,1.38,1.375
2017-12-13,1,Mullinix,Mark L. Mullinix Richmond Reserve Bank,2018,2.3,4.0,1.9,1.9,2.38,2.375
2017-12-13,2,Harker,Patrick T. Harker Philadelphia Reserve Bank,2018,2.4,3.8,1.8,1.8,1.88,1.875
2017-12-13,3,Bullard,James Bullard St. Louis Reserve Bank,2018,2.2,4.0,2.0,2.0,1.38,1.375
2017-12-13,4,Evans,Charles L Evans Chicago Reserve Bank,2018,2.6,3.7,1.7,1.7,1.63,1.625
2017-12-13,5,Kashkari,Neel Kashkari Minneapolis Reserve Bank,2018,2.8,3.9,1.7,1.7,1.13,1.125
2017-12-13,6,Quarles,Randal Quarles Office of Board Members,2018,2.7,4.0,1.9,1.9,2.13,2.125
2017-12-13,7,Powell,Jerome Powell Office of Board Members,2018,2.6,3.7,1.9,1.9,2.13,2.125
2017-12-13,8,Williams,John C Williams San Francisco Reserve Bank,2018,2.2,3.7,1.8,1.8,2.13,2.125
2017-12-13,9,Kaplan,Robert S. Kaplan Dallas Reserve Bank,2018,2.5,3.6,1.9,1.9,2.13,2.125
2017-12-13,10,George,Esther George Kansas City Reserve Bank,2018,2.3,3.9,1.9,1.9,2.38,2.375
2017-12-13,11,Rosengren,Eric Rosengren Boston Reserve Bank,2018,2.6,3.7,1.8,1.9,2.63,2.625
2017-12-13,12,Dudley,William Dudley New York Reserve Bank,2018,2.5,3.8,2.1,2.0,2.13,2.125
2017-12-13,13,Yellen,Chair Yellen Office of Board Members,2018,2.2,3.9,1.7,1.7,2.13,2.125
2017-12-13,14,Brainard,Lael Brainard Office of Board Members,2018,2.6,3.8,1.7,1.7,1.88,1.875
2017-12-13,15,Mester,Loretta J Mester Cleveland Reserve Bank,2018,2.5,3.9,1.9,1.8,2.38,2.375
2017-12-13,16,Bostic,Raphael Bostic Atlanta Reserve Bank,2018,2.2,4.0,2.0,2.0,1.88,1.875
2017-12-13,1,Mullinix,Mark L. Mullinix Richmond Reserve Bank,2019,2.0,3.9,2.0,2.0,3.38,3.375
2017-12-13,2,Harker,Patrick T. Harker Philadelphia Reserve Bank,2019,2.2,4.0,2.2,2.2,2.63,2.625
2017-12-13,3,Bullard,James Bullard St. Louis Reserve Bank,2019,2.0,4.2,2.0,2.0,1.38,1.375
2017-12-13,4,Evans,Charles L Evans Chicago Reserve Bank,2019,2.4,3.5,1.9,1.9,2.75,2.75
2017-12-13,5,Kashkari,Neel Kashkari Minneapolis Reserve Bank,2019,2.4,3.6,2.0,2.0,1.63,1.625
2017-12-13,6,Quarles,Randal Quarles Office of Board Members,2019,2.3,4.0,2.0,2.0,2.63,2.625
2017-12-13,7,Powell,Jerome Powell Office of Board Members,2019,2.2,3.6,2.0,2.0,2.88,2.875
2017-12-13,8,Williams,John C Williams San Francisco Reserve Bank,2019,1.8,3.9,2.0,2.0,2.88,2.875
2017-12-13,9,Kaplan,Robert S. Kaplan Dallas Reserve Bank,2019,2.1,3.5,2.0,2.0,2.63,2.625
2017-12-13,10,George,Esther George Kansas City Reserve Bank,2019,2.0,3.8,2.0,2.0,3.38,3.375
2017-12-13,11,Rosengren,Eric Rosengren Boston Reserve Bank,2019,1.7,3.7,2.1,2.1,3.63,3.625
2017-12-13,12,Dudley,William Dudley New York Reserve Bank,2019,2.0,4.0,2.3,2.3,2.88,2.875
2017-12-13,13,Yellen,Chair Yellen Office of Board Members,2019,1.9,3.8,1.9,1.9,2.63,2.625
2017-12-13,14,Brainard,Lael Brainard Office of Board Members,2019,2.2,3.7,1.8,1.8,2.38,2.375
2017-12-13,15,Mester,Loretta J Mester Cleveland Reserve Bank,2019,2.3,4.1,2.0,2.0,3.13,3.125
2017-12-13,16,Bostic,Raphael Bostic Atlanta Reserve Bank,2019,1.9,4.0,2.0,2.0,2.38,2.375
2017-12-13,1,Mullinix,Mark L. Mullinix Richmond Reserve Bank,2020,1.8,3.8,2.0,2.0,3.5,3.5
2017-12-13,2,Harker,Patrick T. Harker Philadelphia Reserve Bank,2020,2.0,4.1,2.0,2.0,3.13,3.125
2017-12-13,3,Bullard,James Bullard St. Louis Reserve Bank,2020,2.0,4.5,2.0,2.0,1.38,1.375
2017-12-13,4,Evans,Charles L Evans Chicago Reserve Bank,2020,2.0,3.5,2.1,2.1,3.0,3.0
2017-12-13,5,Kashkari,Neel Kashkari Minneapolis Reserve Bank,2020,2.0,3.6,2.1,2.1,2.38,2.375
2017-12-13,6,Quarles,Randal Quarles Office of Board Members,2020,2.2,4.2,2.0,2.0,3.13,3.125
2017-12-13,7,Powell,Jerome Powell Office of Board Members,2020,1.9,3.5,2.0,2.0,3.13,3.125
2017-12-13,8,Williams,John C Williams San Francisco Reserve Bank,2020,1.6,4.1,2.1,2.1,3.0,3.0
2017-12-13,9,Kaplan,Robert S. Kaplan Dallas Reserve Bank,2020,1.8,3.5,2.1,2.1,2.63,2.625
2017-12-13,10,George,Esther George Kansas City Reserve Bank,2020,2.0,3.8,2.0,2.0,4.13,4.125
2017-12-13,11,Rosengren,Eric Rosengren Boston Reserve Bank,2020,1.1,4.0,2.2,2.3,4.13,4.125
2017-12-13,12,Dudley,William Dudley New York Reserve Bank,2020,1.7,4.2,2.2,2.2,3.13,3.125
2017-12-13,13,Yellen,Chair Yellen Office of Board Members,2020,1.6,3.9,2.0,2.0,3.13,3.125
2017-12-13,14,Brainard,Lael Brainard Office of Board Members,2020,2.0,3.7,1.9,1.9,2.88,2.875
2017-12-13,15,Mester,Loretta J Mester Cleveland Reserve Bank,2020,2.0,4.3,2.0,2.0,3.0,3.0
2017-12-13,16,Bostic,Raphael Bostic Atlanta Reserve Bank,2020,1.8,4.1,2.0,2.0,2.63,2.625
2017-12-13,1,Mullinix,Mark L. Mullinix Richmond Reserve Bank,LR,1.8,5.0,2.0,,3.0,3.0
2017-12-13,2,Harker,Patrick T. Harker Philadelphia Reserve Bank,LR,2.0,4.7,2.0,,3.0,3.0
2017-12-13,4,Evans,Charles L Evans Chicago Reserve Bank,LR,1.8,4.5,2.0,,2.75,2.75
2017-12-13,5,Kashkari,Neel Kashkari Minneapolis Reserve Bank,LR,1.7,4.4,2.0,,2.25,2.25
2017-12-13,6,Quarles,Randal Quarles Office of Board Members,LR,2.2,4.5,2.0,,3.0,3.0
2017-12-13,7,Powell,Jerome Powell Office of Board Members,LR,1.8,4.4,2.0,,3.0,3.0
2017-12-13,8,Williams,John C Williams San Francisco Reserve Bank,LR,1.7,4.7,2.0,,2.5,2.5
2017-12-13,9,Kaplan,Robert S. Kaplan Dallas Reserve Bank,LR,1.8,4.7,2.0,,2.5,2.5
2017-12-13,10,George,Esther George Kansas City Reserve Bank,LR,1.8,4.8,2.0,,3.0,3.0
2017-12-13,11,Rosengren,Eric Rosengren Boston Reserve Bank,LR,1.7,4.7,2.0,,2.75,2.75
2017-12-13,12,Dudley,William Dudley New York Reserve Bank,LR,1.8,4.6,2.0,,2.75,2.75
2017-12-13,13,Yellen,Chair Yellen Office of Board Members,LR,1.8,4.5,2.0,,2.75,2.75
2017-12-13,14,Brainard,Lael Brainard Office of Board Members,LR,1.9,4.3,2.0,,2.75,2.75
2017-12-13,15,Mester,Loretta J Mester Cleveland Reserve Bank,LR,2.0,4.8,2.0,,3.0,3.0
2017-12-13,16,Bostic,Raphael Bostic Atlanta Reserve Bank,LR,1.8,4.4,2.0,,2.75,2.75
2018-03-21,1,Evans,Charles L. Evans Chicago Reserve Bank,2018,3.0,3.6,1.8,1.8,2.13,2.125
2018-03-21,2,Bostic,Raphael Bostic Atlanta Reserve Bank,2018,2.5,3.8,2.0,2.0,2.13,2.125
2018-03-21,3,Kaplan,Robert S. Kaplan Dallas Reserve Bank,2018,2.6,3.6,2.1,1.9,2.13,2.125
2018-03-21,4,Quarles,Randal Quarles Office of Board Members,2018,3.0,3.9,1.8,1.9,2.13,2.125
2018-03-21,5,Williams,John C. Williams San Francisco Reserve Bank,2018,2.7,3.6,1.9,1.9,2.38,2.375
2018-03-21,6,Bullard,James Bullard St. Louis Reserve Bank,2018,2.5,4.0,2.0,1.9,1.63,1.625
2018-03-21,7,Barkin,Thomas I. Barkin Richmond Reserve Bank,2018,2.7,3.9,1.9,1.9,2.38,2.375
2018-03-21,8,Rosengren,Eric Rosengren Boston Reserve Bank,2018,2.6,3.7,1.9,2.0,2.63,2.625
2018-03-21,9,Dudley,William Dudley New York Reserve Bank,2018,2.8,3.7,2.0,2.1,2.38,2.375
2018-03-21,10,George,Esther George Kansas City Reserve Bank,2018,2.5,3.8,2.0,2.0,2.38,2.375
2018-03-21,11,Kashkari,Neel Kashkari Minneapolis Reserve Bank,2018,3.0,3.8,1.8,1.8,1.63,1.625
2018-03-21,12,Powell,Chairman Powell Office of Board Members,2018,3.0,3.6,2.0,2.0,2.38,2.375
2018-03-21,13,Mester,Loretta J. Mester Cleveland Reserve Bank,2018,2.6,3.8,1.9,1.8,2.38,2.375
2018-03-21,14,Brainard,Lael Brainard Office of Board Members,2018,2.8,3.7,1.9,1.9,2.13,2.125
2018-03-21,15,Harker,Patrick T. Harker Philadelphia Reserve Bank,2018,2.6,3.8,1.8,1.8,2.13,2.125
2018-03-21,1,Evans,Charles L. Evans Chicago Reserve Bank,2019,2.4,3.4,1.9,1.9,2.75,2.75
2018-03-21,2,Bostic,Raphael Bostic Atlanta Reserve Bank,2019,2.1,3.7,2.2,2.2,2.63,2.625
2018-03-21,3,Kaplan,Robert S. Kaplan Dallas Reserve Bank,2019,2.0,3.6,2.2,2.1,2.88,2.875
2018-03-21,4,Quarles,Randal Quarles Office of Board Members,2019,2.7,3.8,2.0,2.1,2.88,2.875
2018-03-21,5,Williams,John C. Williams San Francisco Reserve Bank,2019,2.3,3.5,2.0,2.0,3.38,3.375
2018-03-21,6,Bullard,James Bullard St. Louis Reserve Bank,2019,2.2,4.2,2.0,2.0,1.63,1.625
2018-03-21,7,Barkin,Thomas I. Barkin Richmond Reserve Bank,2019,2.4,3.8,2.0,2.0,2.88,2.875
2018-03-21,8,Rosengren,Eric Rosengren Boston Reserve Bank,2019,2.2,3.4,2.1,2.2,3.88,3.875
2018-03-21,9,Dudley,William Dudley New York Reserve Bank,2019,2.5,3.5,2.3,2.3,3.13,3.125
2018-03-21,10,George,Esther George Kansas City Reserve Bank,2019,2.3,3.6,2.1,2.1,3.38,3.375
2018-03-21,11,Kashkari,Neel Kashkari Minneapolis Reserve Bank,2019,2.7,3.4,2.0,2.0,2.13,2.125
2018-03-21,12,Powell,Chairman Powell Office of Board Members,2019,2.8,3.3,2.1,2.1,3.13,3.125
2018-03-21,13,Mester,Loretta J. Mester Cleveland Reserve Bank,2019,2.6,3.7,2.0,2.0,3.38,3.375
2018-03-21,14,Brainard,Lael Brainard Office of Board Members,2019,2.4,3.5,2.0,2.0,2.88,2.875
2018-03-21,15,Harker,Patrick T. Harker Philadelphia Reserve Bank,2019,2.4,3.6,2.3,2.3,2.88,2.875
2018-03-21,1,Evans,Charles L. Evans Chicago Reserve Bank,2020,1.8,3.5,2.1,2.1,3.25,3.25
2018-03-21,2,Bostic,Raphael Bostic Atlanta Reserve Bank,2020,1.8,3.9,2.2,2.2,2.63,2.625
2018-03-21,3,Kaplan,Robert S. Kaplan Dallas Reserve Bank,2020,1.7,3.7,2.1,2.1,3.13,3.125
2018-03-21,4,Quarles,Randal Quarles Office of Board Members,2020,2.2,3.8,2.1,2.2,3.63,3.625
2018-03-21,5,Williams,John C. Williams San Francisco Reserve Bank,2020,2.0,3.5,2.2,2.2,3.5,3.5
2018-03-21,6,Bullard,James Bullard St. Louis Reserve Bank,2020,2.0,4.4,2.0,2.0,1.63,1.625
2018-03-21,7,Barkin,Thomas I. Barkin Richmond Reserve Bank,2020,2.1,3.8,2.1,2.1,3.38,3.375
2018-03-21,8,Rosengren,Eric Rosengren Boston Reserve Bank,2020,1.5,3.5,2.2,2.3,4.88,4.875
2018-03-21,9,Dudley,William Dudley New York Reserve Bank,2020,1.8,3.6,2.3,2.3,3.63,3.625
2018-03-21,10,George,Esther George Kansas City Reserve Bank,2020,2.0,3.6,2.1,2.1,4.13,4.125
2018-03-21,11,Kashkari,Neel Kashkari Minneapolis Reserve Bank,2020,2.1,3.4,2.1,2.1,2.63,2.625
2018-03-21,12,Powell,Chairman Powell Office of Board Members,2020,2.3,3.3,2.2,2.2,3.38,3.375
2018-03-21,13,Mester,Loretta J. Mester Cleveland Reserve Bank,2020,2.2,3.7,2.0,2.0,3.38,3.375
2018-03-21,14,Brainard,Lael Brainard Office of Board Members,2020,1.7,3.6,2.1,2.1,3.38,3.375
2018-03-21,15,Harker,Patrick T. Harker Philadelphia Reserve Bank,2020,2.0,3.9,2.1,2.1,3.38,3.375
2018-03-21,1,Evans,Charles L. Evans Chicago Reserve Bank,LR,1.8,4.5,2.0,,2.75,2.75
2018-03-21,2,Bostic,Raphael Bostic Atlanta Reserve Bank,LR,1.8,4.2,2.0,,2.75,2.75
2018-03-21,3,Kaplan,Robert S. Kaplan Dallas Reserve Bank,LR,1.8,4.6,2.0,,2.63,2.625
2018-03-21,4,Quarles,Randal Quarles Office of Board Members,LR,2.2,4.5,2.0,,3.25,3.25
2018-03-21,5,Williams,John C. Williams San Francisco Reserve Bank,LR,1.7,4.7,2.0,,2.5,2.5
2018-03-21,7,Barkin,Thomas I. Barkin Richmond Reserve Bank,LR,2.0,4.5,2.0,,3.5,3.5
2018-03-21,8,Rosengren,Eric Rosengren Boston Reserve Bank,LR,1.7,4.7,2.0,,2.75,2.75
2018-03-21,9,Dudley,William Dudley New York Reserve Bank,LR,1.8,4.3,2.0,,3.0,3.0
2018-03-21,10,George,Esther George Kansas City Reserve Bank,LR,1.8,4.8,2.0,,3.0,3.0
2018-03-21,11,Kashkari,Neel Kashkari Minneapolis Reserve Bank,LR,1.7,4.2,2.0,,2.25,2.25
2018-03-21,12,Powell,Chairman Powell Office of Board Members,LR,1.9,4.4,2.0,,3.0,3.0
2018-03-21,13,Mester,Loretta J. Mester Cleveland Reserve Bank,LR,2.0,4.5,2.0,,3.0,3.0
2018-03-21,14,Brainard,Lael Brainard Office of Board Members,LR,1.9,4.3,2.0,,2.75,2.75
2018-03-21,15,Harker,Patrick T. Harker Philadelphia Reserve Bank,LR,2.0,4.7,2.0,,3.0,3.0
2018-06-13,1,Kaplan,Robert S. Kaplan Dallas Reserve Bank,2018,2.8,3.6,2.1,2.0,2.13,2.125
2018-06-13,2,Bostic,Raphael Bostic Atlanta Reserve Bank,2018,2.7,3.6,2.1,2.0,2.13,2.125
2018-06-13,3,Barkin,Thomas I. Barkin Richmond Reserve Bank,2018,2.8,3.7,2.2,2.0,2.38,2.375
2018-06-13,4,Kashkari,Neel Kashkari Minneapolis Reserve Bank,2018,3.0,3.7,2.1,1.9,1.88,1.875
2018-06-13,5,Rosengren,Eric Rosengren Boston Reserve Bank,2018,2.8,3.6,2.1,2.0,2.63,2.625
2018-06-13,6,Williams,John C Williams San Francisco Reserve Bank,2018,2.8,3.6,2.1,1.9,2.38,2.375
2018-06-13,7,Harker,Patrick T. Harker Philadelphia Reserve Bank,2018,2.8,3.6,2.1,2.0,2.13,2.125
2018-06-13,8,Evans,Charles L Evans Chicago Reserve Bank,2018,3.0,3.5,2.1,2.0,2.13,2.125
2018-06-13,9,Quarles,Randal Quarles Office of Board Members,2018,3.0,3.8,2.0,1.9,2.13,2.125
2018-06-13,10,Mester,Loretta J Mester Cleveland Reserve Bank,2018,2.7,3.7,2.0,1.9,2.38,2.375
2018-06-13,11,Powell,Chairman Powell Office of Board Members,2018,2.9,3.6,2.2,2.0,2.38,2.375
2018-06-13,12,Bullard,James Bullard St. Louis Reserve Bank,2018,2.8,3.7,2.0,2.0,1.88,1.875
2018-06-13,13,Brainard,Lael Brainard Office of Board Members,2018,2.7,3.5,2.1,1.9,2.38,2.375
2018-06-13,14,Dudley,William Dudley New York Reserve Bank,2018,3.0,3.6,2.2,2.1,2.38,2.375
2018-06-13,15,George,Esther George Kansas City Reserve Bank,2018,2.5,3.7,2.0,2.0,2.38,2.375
2018-06-13,1,Kaplan,Robert S. Kaplan Dallas Reserve Bank,2019,2.1,3.4,2.2,2.2,2.88,2.875
2018-06-13,2,Bostic,Raphael Bostic Atlanta Reserve Bank,2019,2.1,3.5,2.1,2.2,2.63,2.625
2018-06-13,3,Barkin,Thomas I. Barkin Richmond Reserve Bank,2019,2.4,3.7,2.1,2.1,2.88,2.875
2018-06-13,4,Kashkari,Neel Kashkari Minneapolis Reserve Bank,2019,2.6,3.4,2.0,2.0,2.13,2.125
2018-06-13,5,Rosengren,Eric Rosengren Boston Reserve Bank,2019,2.1,3.4,2.2,2.2,3.38,3.375
2018-06-13,6,Williams,John C Williams San Francisco Reserve Bank,2019,2.2,3.5,1.9,2.0,3.38,3.375
2018-06-13,7,Harker,Patrick T. Harker Philadelphia Reserve Bank,2019,2.4,3.5,2.3,2.3,2.88,2.875
2018-06-13,8,Evans,Charles L Evans Chicago Reserve Bank,2019,2.4,3.3,2.0,2.0,3.13,3.125
2018-06-13,9,Quarles,Randal Quarles Office of Board Members,2019,2.7,3.8,2.0,2.1,2.88,2.875
2018-06-13,10,Mester,Loretta J Mester Cleveland Reserve Bank,2019,2.6,3.5,2.0,2.0,3.63,3.625
2018-06-13,11,Powell,Chairman Powell Office of Board Members,2019,2.6,3.3,2.1,2.1,3.13,3.125
2018-06-13,12,Bullard,James Bullard St. Louis Reserve Bank,2019,2.4,3.7,2.0,2.0,1.88,1.875
2018-06-13,13,Brainard,Lael Brainard Office of Board Members,2019,2.2,3.3,2.1,2.1,3.13,3.125
2018-06-13,14,Dudley,William Dudley New York Reserve Bank,2019,2.4,3.4,2.3,2.3,3.13,3.125
2018-06-13,15,George,Esther George Kansas City Reserve Bank,2019,2.3,3.5,2.1,2.1,3.38,3.375
2018-06-13,1,Kaplan,Robert S. Kaplan Dallas Reserve Bank,2020,1.7,3.6,2.2,2.2,3.13,3.125
2018-06-13,2,Bostic,Raphael Bostic Atlanta Reserve Bank,2020,1.8,3.7,2.2,2.2,2.63,2.625
2018-06-13,3,Barkin,Thomas I. Barkin Richmond Reserve Bank,2020,2.1,3.8,2.1,2.1,3.38,3.375
2018-06-13,4,Kashkari,Neel Kashkari Minneapolis Reserve Bank,2020,2.0,3.4,2.1,2.1,2.63,2.625
2018-06-13,5,Rosengren,Eric Rosengren Boston Reserve Bank,2020,1.5,3.5,2.3,2.3,4.13,4.125
2018-06-13,6,Williams,John C Williams San Francisco Reserve Bank,2020,1.9,3.5,2.1,2.2,3.5,3.5
2018-06-13,7,Harker,Patrick T. Harker Philadelphia Reserve Bank,2020,2.0,3.7,2.1,2.1,3.38,3.375
2018-06-13,8,Evans,Charles L Evans Chicago Reserve Bank,2020,1.8,3.5,2.1,2.1,3.25,3.25
2018-06-13,9,Quarles,Randal Quarles Office of Board Members,2020,2.2,3.8,2.1,2.1,3.63,3.625
2018-06-13,10,Mester,Loretta J Mester Cleveland Reserve Bank,2020,2.2,3.5,2.0,2.0,3.63,3.625
2018-06-13,11,Powell,Chairman Powell Office of Board Members,2020,2.0,3.3,2.1,2.1,3.38,3.375
2018-06-13,12,Bullard,James Bullard St. Louis Reserve Bank,2020,2.0,4.0,2.0,2.0,1.88,1.875
2018-06-13,13,Brainard,Lael Brainard Office of Board Members,2020,1.6,3.4,2.1,2.1,3.38,3.375
2018-06-13,14,Dudley,William Dudley New York Reserve Bank,2020,2.0,3.4,2.3,2.3,3.63,3.625
2018-06-13,15,George,Esther George Kansas City Reserve Bank,2020,2.0,3.5,2.1,2.1,4.13,4.125
2018-06-13,1,Kaplan,Robert S. Kaplan Dallas Reserve Bank,LR,1.8,4.6,2.0,,2.63,2.625
2018-06-13,2,Bostic,Raphael Bostic Atlanta Reserve Bank,LR,1.8,4.2,2.0,,2.75,2.75
2018-06-13,3,Barkin,Thomas I. Barkin Richmond Reserve Bank,LR,2.0,4.5,2.0,,3.5,3.5
2018-06-13,4,Kashkari,Neel Kashkari Minneapolis Reserve Bank,LR,1.7,4.1,2.0,,2.25,2.25
2018-06-13,5,Rosengren,Eric Rosengren Boston Reserve Bank,LR,1.7,4.7,2.0,,2.75,2.75
2018-06-13,6,Williams,John C Williams San Francisco Reserve Bank,LR,1.7,4.6,2.0,,2.5,2.5
2018-06-13,7,Harker,Patrick T. Harker Philadelphia Reserve Bank,LR,2.0,4.5,2.0,,3.0,3.0
2018-06-13,8,Evans,Charles L Evans Chicago Reserve Bank,LR,1.8,4.3,2.0,,2.75,2.75
2018-06-13,9,Quarles,Randal Quarles Office of Board Members,LR,2.1,4.5,2.0,,3.25,3.25
2018-06-13,10,Mester,Loretta J Mester Cleveland Reserve Bank,LR,2.0,4.5,2.0,,3.0,3.0
2018-06-13,11,Powell,Chairman Powell Office of Board Members,LR,1.9,4.4,2.0,,3.0,3.0
2018-06-13,13,Brainard,Lael Brainard Office of Board Members,LR,1.9,4.3,2.0,,2.75,2.75
2018-06-13,14,Dudley,William Dudley New York Reserve Bank,LR,1.8,4.3,2.0,,3.0,3.0
2018-06-13,15,George,Esther George Kansas City Reserve Bank,LR,1.8,4.6,2.0,,3.0,3.0
2018-09-26,1,Kashkari,Neel Kashkari Minneapolis Reserve Bank,2018,3.1,3.7,2.0,1.9,2.13,2.125
2018-09-26,2,Kaplan,Robert S. Kaplan Dallas Reserve Bank,2018,3.0,3.7,2.1,2.0,2.38,2.375
2018-09-26,3,Harker,Patrick T. Harker Philadelphia Reserve Bank,2018,3.0,3.7,2.1,2.0,2.13,2.125
2018-09-26,4,Bullard,James Bullard St. Louis Reserve Bank,2018,3.1,3.7,2.1,2.0,2.13,2.125
2018-09-26,5,Bostic,Raphael Bostic Atlanta Reserve Bank,2018,3.1,3.8,1.9,1.9,2.38,2.375
2018-09-26,6,George,Esther George Kansas City Reserve Bank,2018,3.0,3.7,2.0,2.0,2.38,2.375
2018-09-26,7,Rosengren,Eric Rosengren Boston Reserve Bank,2018,2.9,3.7,2.1,2.0,2.38,2.375
2018-09-26,8,Barkin,Thomas I. Barkin Richmond Reserve Bank,2018,3.0,3.7,2.1,2.0,2.38,2.375
2018-09-26,9,Powell,Chairman Powell Office of Board Members,2018,3.2,3.7,2.1,2.0,2.38,2.375
2018-09-26,10,Williams,John C. Williams New York Reserve Bank,2018,3.0,3.7,2.0,1.9,2.38,2.375
2018-09-26,11,Clarida,Richard Clarida Office of Board Members,2018,3.2,3.8,2.1,1.9,2.38,2.375
2018-09-26,12,Mester,Loretta J Mester Cleveland Reserve Bank,2018,3.1,3.7,2.0,1.9,2.38,2.375
2018-09-26,13,Brainard,Lael Brainard Office of Board Members,2018,3.2,3.7,2.0,1.9,2.38,2.375
2018-09-26,14,Quarles,Randal Quarles Office of Board Members,2018,3.0,3.8,2.0,1.9,2.13,2.125
2018-09-26,15,Evans,Charles L Evans Chicago Reserve Bank,2018,3.2,3.7,2.2,2.0,2.38,2.375
2018-09-26,16,Gould,Mark Gould San Francisco Reserve Bank,2018,3.1,3.7,2.0,1.9,2.38,2.375
2018-09-26,1,Kashkari,Neel Kashkari Minneapolis Reserve Bank,2019,2.6,3.4,2.0,2.0,2.38,2.375
2018-09-26,2,Kaplan,Robert S. Kaplan Dallas Reserve Bank,2019,2.4,3.4,2.2,2.2,2.88,2.875
2018-09-26,3,Harker,Patrick T. Harker Philadelphia Reserve Bank,2019,2.4,3.5,2.3,2.3,2.63,2.625
2018-09-26,4,Bullard,James Bullard St. Louis Reserve Bank,2019,2.7,3.7,2.0,2.0,2.13,2.125
2018-09-26,5,Bostic,Raphael Bostic Atlanta Reserve Bank,2019,2.3,3.6,2.2,2.2,2.88,2.875
2018-09-26,6,George,Esther George Kansas City Reserve Bank,2019,2.4,3.5,2.1,2.1,3.13,3.125
2018-09-26,7,Rosengren,Eric Rosengren Boston Reserve Bank,2019,2.1,3.5,2.0,2.1,3.38,3.375
2018-09-26,8,Barkin,Thomas I. Barkin Richmond Reserve Bank,2019,2.4,3.7,2.0,2.1,3.13,3.125
2018-09-26,9,Powell,Chairman Powell Office of Board Members,2019,2.7,3.4,2.0,2.1,3.13,3.125
2018-09-26,10,Williams,John C. Williams New York Reserve Bank,2019,2.5,3.4,2.0,2.0,3.38,3.375
2018-09-26,11,Clarida,Richard Clarida Office of Board Members,2019,2.6,3.6,2.1,2.1,2.88,2.875
2018-09-26,12,Mester,Loretta J Mester Cleveland Reserve Bank,2019,2.8,3.4,2.0,2.0,3.63,3.625
2018-09-26,13,Brainard,Lael Brainard Office of Board Members,2019,2.5,3.4,2.1,2.1,3.38,3.375
2018-09-26,14,Quarles,Randal Quarles Office of Board Members,2019,2.7,3.8,2.0,2.1,2.88,2.875
2018-09-26,15,Evans,Charles L Evans Chicago Reserve Bank,2019,2.4,3.4,2.0,2.1,3.13,3.125
2018-09-26,16,Gould,Mark Gould San Francisco Reserve Bank,2019,2.3,3.4,2.0,2.1,3.38,3.375
2018-09-26,1,Kashkari,Neel Kashkari Minneapolis Reserve Bank,2020,2.0,3.4,2.1,2.1,2.63,2.625
2018-09-26,2,Kaplan,Robert S. Kaplan Dallas Reserve Bank,2020,1.7,3.6,2.2,2.2,3.13,3.125
2018-09-26,3,Harker,Patrick T. Harker Philadelphia Reserve Bank,2020,2.0,3.7,2.1,2.1,3.13,3.125
2018-09-26,4,Bullard,James Bullard St. Louis Reserve Bank,2020,2.4,4.0,2.0,2.0,2.13,2.125
2018-09-26,5,Bostic,Raphael Bostic Atlanta Reserve Bank,2020,1.8,3.8,2.1,2.1,2.88,2.875
2018-09-26,6,George,Esther George Kansas City Reserve Bank,2020,2.0,3.4,2.1,2.1,3.63,3.625
2018-09-26,7,Rosengren,Eric Rosengren Boston Reserve Bank,2020,1.7,3.4,2.2,2.2,3.88,3.875
2018-09-26,8,Barkin,Thomas I. Barkin Richmond Reserve Bank,2020,2.1,3.8,2.2,2.2,3.38,3.375
2018-09-26,9,Powell,Chairman Powell Office of Board Members,2020,2.1,3.3,2.1,2.1,3.38,3.375
2018-09-26,10,Williams,John C. Williams New York Reserve Bank,2020,1.8,3.5,2.2,2.2,3.63,3.625
2018-09-26,11,Clarida,Richard Clarida Office of Board Members,2020,2.0,3.8,2.1,2.2,3.13,3.125
2018-09-26,12,Mester,Loretta J Mester Cleveland Reserve Bank,2020,2.3,3.4,2.0,2.0,3.63,3.625
2018-09-26,13,Brainard,Lael Brainard Office of Board Members,2020,1.7,3.4,2.2,2.2,3.63,3.625
2018-09-26,14,Quarles,Randal Quarles Office of Board Members,2020,2.2,3.8,2.1,2.1,3.63,3.625
2018-09-26,15,Evans,Charles L Evans Chicago Reserve Bank,2020,1.9,3.5,2.2,2.2,3.13,3.125
2018-09-26,16,Gould,Mark Gould San Francisco Reserve Bank,2020,1.8,3.5,2.0,2.1,3.63,3.625
2018-09-26,1,Kashkari,Neel Kashkari Minneapolis Reserve Bank,2021,1.9,3.5,2.1,2.1,2.63,2.625
2018-09-26,2,Kaplan,Robert S. Kaplan Dallas Reserve Bank,2021,1.7,3.8,2.2,2.2,2.88,2.875
2018-09-26,3,Harker,Patrick T. Harker Philadelphia Reserve Bank,2021,2.0,3.9,2.0,2.0,3.0,3.0
2018-09-26,4,Bullard,James Bullard St. Louis Reserve Bank,2021,2.0,4.2,2.0,2.0,2.13,2.125
2018-09-26,5,Bostic,Raphael Bostic Atlanta Reserve Bank,2021,1.8,4.0,2.0,2.0,2.88,2.875
2018-09-26,6,George,Esther George Kansas City Reserve Bank,2021,1.8,3.4,2.1,2.1,3.88,3.875
2018-09-26,7,Rosengren,Eric Rosengren Boston Reserve Bank,2021,1.5,3.5,2.3,2.3,4.13,4.125
2018-09-26,8,Barkin,Thomas I. Barkin Richmond Reserve Bank,2021,1.9,3.9,2.2,2.2,3.38,3.375
2018-09-26,9,Powell,Chairman Powell Office of Board Members,2021,1.8,3.4,2.1,2.1,3.38,3.375
2018-09-26,10,Williams,John C. Williams New York Reserve Bank,2021,1.5,3.7,2.2,2.2,3.63,3.625
2018-09-26,11,Clarida,Richard Clarida Office of Board Members,2021,2.0,4.0,2.0,2.0,2.88,2.875
2018-09-26,12,Mester,Loretta J Mester Cleveland Reserve Bank,2021,2.0,3.6,2.0,2.0,3.38,3.375
2018-09-26,13,Brainard,Lael Brainard Office of Board Members,2021,1.5,3.6,2.2,2.2,3.38,3.375
2018-09-26,14,Quarles,Randal Quarles Office of Board Members,2021,2.1,4.0,2.1,2.1,3.63,3.625
2018-09-26,15,Evans,Charles L Evans Chicago Reserve Bank,2021,1.6,3.7,2.2,2.2,3.13,3.125
2018-09-26,16,Gould,Mark Gould San Francisco Reserve Bank,2021,1.6,3.7,2.1,2.1,3.5,3.5
2018-09-26,1,Kashkari,Neel Kashkari Minneapolis Reserve Bank,LR,1.7,4.0,2.0,,2.5,2.5
2018-09-26,2,Kaplan,Robert S. Kaplan Dallas Reserve Bank,LR,1.8,4.6,2.0,,2.75,2.75
2018-09-26,3,Harker,Patrick T. Harker Philadelphia Reserve Bank,LR,2.0,4.5,2.0,,3.0,3.0
2018-09-26,5,Bostic,Raphael Bostic Atlanta Reserve Bank,LR,1.8,4.2,2.0,,3.0,3.0
2018-09-26,6,George,Esther George Kansas City Reserve Bank,LR,1.8,4.6,2.0,,3.0,3.0
2018-09-26,7,Rosengren,Eric Rosengren Boston Reserve Bank,LR,1.7,4.6,2.0,,2.75,2.75
2018-09-26,8,Barkin,Thomas I. Barkin Richmond Reserve Bank,LR,2.0,4.5,2.0,,3.5,3.5
2018-09-26,9,Powell,Chairman Powell Office of Board Members,LR,2.0,4.3,2.0,,3.0,3.0
2018-09-26,10,Williams,John C. Williams New York Reserve Bank,LR,1.8,4.5,2.0,,2.5,2.5
2018-09-26,11,Clarida,Richard Clarida Office of Board Members,LR,2.1,4.2,2.0,,2.5,2.5
2018-09-26,12,Mester,Loretta J Mester Cleveland Reserve Bank,LR,2.0,4.5,2.0,,3.0,3.0
2018-09-26,13,Brainard,Lael Brainard Office of Board Members,LR,1.9,4.3,2.0,,3.0,3.0
2018-09-26,14,Quarles,Randal Quarles Office of Board Members,LR,2.1,4.4,2.0,,3.25,3.25
2018-09-26,15,Evans,Charles L Evans Chicago Reserve Bank,LR,1.8,4.3,2.0,,2.75,2.75
2018-09-26,16,Gould,Mark Gould San Francisco Reserve Bank,LR,1.7,4.6,2.0,,2.75,2.75
2018-12-19,1,Kashkari,Neel Kashkari Minneapolis Reserve Bank,2018,3.1,3.7,1.9,1.9,2.13,2.125
2018-12-19,2,Brainard,Lael Brainard Office of Board Members,2018,3.0,3.7,1.8,1.9,2.38,2.375
2018-12-19,3,Williams,John C. Williams New York Reserve Bank,2018,3.1,3.7,1.9,1.9,2.38,2.375
2018-12-19,4,Clarida,Richard Clarida Office of Board Members,2018,3.1,3.7,1.8,1.9,2.38,2.375
2018-12-19,5,Bullard,James Bullard St. Louis Reserve Bank,2018,3.1,3.7,1.9,1.8,2.38,2.375
2018-12-19,6,Barkin,Thomas I. Barkin Richmond Reserve Bank,2018,3.0,3.7,1.8,1.8,2.38,2.375
2018-12-19,7,Daly,Mary Daly San Francisco Reserve Bank,2018,3.0,3.7,1.9,1.9,2.38,2.375
2018-12-19,8,Bowman,Michelle Bowman Office of Board Members,2018,3.1,3.7,1.9,1.9,2.38,2.375
2018-12-19,9,Kaplan,Robert S. Kaplan Dallas Reserve Bank,2018,3.0,3.7,1.9,1.9,2.38,2.375
2018-12-19,10,George,Esther George Kansas City Reserve Bank,2018,3.0,3.7,1.9,1.8,2.38,2.375
2018-12-19,11,Quarles,Randal Quarles Office of Board Members,2018,3.0,3.7,1.8,1.8,2.38,2.375
2018-12-19,12,Powell,Chairman Powell Office of Board Members,2018,3.1,3.7,1.9,1.9,2.38,2.375
2018-12-19,13,Rosengren,Eric Rosengren Boston Reserve Bank,2018,3.0,3.7,1.8,1.8,2.38,2.375
2018-12-19,14,Mester,Loretta J Mester Cleveland Reserve Bank,2018,3.0,3.7,1.8,1.9,2.38,2.375
2018-12-19,15,Harker,Patrick T. Harker Philadelphia Reserve Bank,2018,3.0,3.7,1.9,1.9,2.13,2.125
2018-12-19,16,Evans,Charles L Evans Chicago Reserve Bank,2018,3.1,3.7,1.9,1.9,2.38,2.375
2018-12-19,17,Bostic,Raphael Bostic Atlanta Reserve Bank,2018,3.1,3.7,1.8,1.9,2.38,2.375
2018-12-19,1,Kashkari,Neel Kashkari Minneapolis Reserve Bank,2019,2.5,3.4,1.9,1.9,2.38,2.375
2018-12-19,2,Brainard,Lael Brainard Office of Board Members,2019,2.4,3.4,1.9,2.0,3.13,3.125
2018-12-19,3,Williams,John C. Williams New York Reserve Bank,2019,2.3,3.5,1.9,2.0,3.13,3.125
2018-12-19,4,Clarida,Richard Clarida Office of Board Members,2019,2.3,4.0,2.1,2.1,2.88,2.875
2018-12-19,5,Bullard,James Bullard St. Louis Reserve Bank,2019,2.5,3.7,1.9,1.9,2.38,2.375
2018-12-19,6,Barkin,Thomas I. Barkin Richmond Reserve Bank,2019,2.3,3.7,2.0,2.0,3.13,3.125
2018-12-19,7,Daly,Mary Daly San Francisco Reserve Bank,2019,2.2,3.4,1.8,2.0,2.88,2.875
2018-12-19,8,Bowman,Michelle Bowman Office of Board Members,2019,2.6,3.6,2.1,2.0,2.63,2.625
2018-12-19,9,Kaplan,Robert S. Kaplan Dallas Reserve Bank,2019,2.2,3.5,2.1,2.1,2.63,2.625
2018-12-19,10,George,Esther George Kansas City Reserve Bank,2019,2.4,3.5,1.8,2.0,2.88,2.875
2018-12-19,11,Quarles,Randal Quarles Office of Board Members,2019,2.7,3.7,1.8,2.0,2.88,2.875
2018-12-19,12,Powell,Chairman Powell Office of Board Members,2019,2.3,3.5,1.8,2.0,2.88,2.875
2018-12-19,13,Rosengren,Eric Rosengren Boston Reserve Bank,2019,2.0,3.5,2.0,2.1,3.13,3.125
2018-12-19,14,Mester,Loretta J Mester Cleveland Reserve Bank,2019,2.4,3.5,2.0,2.0,3.13,3.125
2018-12-19,15,Harker,Patrick T. Harker Philadelphia Reserve Bank,2019,2.4,3.5,2.2,2.2,2.63,2.625
2018-12-19,16,Evans,Charles L Evans Chicago Reserve Bank,2019,2.3,3.5,1.8,2.0,3.13,3.125
2018-12-19,17,Bostic,Raphael Bostic Atlanta Reserve Bank,2019,2.3,3.5,2.0,2.1,2.63,2.625
2018-12-19,1,Kashkari,Neel Kashkari Minneapolis Reserve Bank,2020,2.0,3.4,2.1,2.0,2.63,2.625
2018-12-19,2,Brainard,Lael Brainard Office of Board Members,2020,1.7,3.4,2.1,2.1,3.38,3.375
2018-12-19,3,Williams,John C. Williams New York Reserve Bank,2020,1.9,3.5,2.1,2.1,3.13,3.125
2018-12-19,4,Clarida,Richard Clarida Office of Board Members,2020,1.8,4.3,2.1,2.0,2.88,2.875
2018-12-19,5,Bullard,James Bullard St. Louis Reserve Bank,2020,2.0,4.0,2.0,2.0,2.38,2.375
2018-12-19,6,Barkin,Thomas I. Barkin Richmond Reserve Bank,2020,2.0,3.8,2.1,2.0,3.38,3.375
2018-12-19,7,Daly,Mary Daly San Francisco Reserve Bank,2020,1.8,3.5,2.1,2.1,3.13,3.125
2018-12-19,8,Bowman,Michelle Bowman Office of Board Members,2020,2.0,4.0,2.1,2.0,2.88,2.875
2018-12-19,9,Kaplan,Robert S. Kaplan Dallas Reserve Bank,2020,1.7,3.6,2.2,2.2,2.88,2.875
2018-12-19,10,George,Esther George Kansas City Reserve Bank,2020,2.0,3.4,2.0,2.0,2.88,2.875
2018-12-19,11,Quarles,Randal Quarles Office of Board Members,2020,2.2,3.7,2.1,2.1,3.63,3.625
2018-12-19,12,Powell,Chairman Powell Office of Board Members,2020,2.0,3.5,2.0,2.0,3.13,3.125
2018-12-19,13,Rosengren,Eric Rosengren Boston Reserve Bank,2020,1.5,3.6,2.2,2.2,3.63,3.625
2018-12-19,14,Mester,Loretta J Mester Cleveland Reserve Bank,2020,2.2,3.5,2.0,2.0,3.38,3.375
2018-12-19,15,Harker,Patrick T. Harker Philadelphia Reserve Bank,2020,2.0,3.7,2.1,2.1,2.88,2.875
2018-12-19,16,Evans,Charles L Evans Chicago Reserve Bank,2020,1.9,3.6,2.1,2.1,3.13,3.125
2018-12-19,17,Bostic,Raphael Bostic Atlanta Reserve Bank,2020,1.8,3.7,2.0,2.0,2.88,2.875
2018-12-19,1,Kashkari,Neel Kashkari Minneapolis Reserve Bank,2021,1.9,3.4,2.1,2.1,2.63,2.625
2018-12-19,2,Brainard,Lael Brainard Office of Board Members,2021,1.5,3.6,2.1,2.1,3.13,3.125
2018-12-19,3,Williams,John C. Williams New York Reserve Bank,2021,1.6,3.7,2.1,2.1,3.13,3.125
2018-12-19,4,Clarida,Richard Clarida Office of Board Members,2021,2.0,4.1,2.1,2.0,2.63,2.625
2018-12-19,5,Bullard,James Bullard St. Louis Reserve Bank,2021,2.0,4.2,2.0,2.0,2.38,2.375
2018-12-19,6,Barkin,Thomas I. Barkin Richmond Reserve Bank,2021,1.9,3.9,2.1,2.0,3.38,3.375
2018-12-19,7,Daly,Mary Daly San Francisco Reserve Bank,2021,1.5,3.7,2.1,2.1,3.13,3.125
2018-12-19,8,Bowman,Michelle Bowman Office of Board Members,2021,1.9,4.0,2.1,2.0,2.63,2.625
2018-12-19,9,Kaplan,Robert S. Kaplan Dallas Reserve Bank,2021,1.5,3.8,2.2,2.2,2.88,2.875
2018-12-19,10,George,Esther George Kansas City Reserve Bank,2021,1.8,3.4,2.0,2.0,2.88,2.875
2018-12-19,11,Quarles,Randal Quarles Office of Board Members,2021,2.1,3.8,2.1,2.1,3.63,3.625
2018-12-19,12,Powell,Chairman Powell Office of Board Members,2021,1.8,3.6,2.0,2.0,3.13,3.125
2018-12-19,13,Rosengren,Eric Rosengren Boston Reserve Bank,2021,1.4,3.7,2.3,2.3,3.63,3.625
2018-12-19,14,Mester,Loretta J Mester Cleveland Reserve Bank,2021,2.0,3.7,2.0,2.0,3.13,3.125
2018-12-19,15,Harker,Patrick T. Harker Philadelphia Reserve Bank,2021,2.0,3.9,2.0,2.0,2.88,2.875
2018-12-19,16,Evans,Charles L Evans Chicago Reserve Bank,2021,1.6,3.8,2.2,2.2,3.13,3.125
2018-12-19,17,Bostic,Raphael Bostic Atlanta Reserve Bank,2021,1.8,3.9,2.0,2.0,2.88,2.875
2018-12-19,1,Kashkari,Neel Kashkari Minneapolis Reserve Bank,LR,1.7,4.0,2.0,,2.5,2.5
2018-12-19,2,Brainard,Lael Brainard Office of Board Members,LR,1.9,4.3,2.0,,3.0,3.0
2018-12-19,3,Williams,John C. Williams New York Reserve Bank,LR,1.8,4.5,2.0,,2.5,2.5
2018-12-19,4,Clarida,Richard Clarida Office of Board Members,LR,2.2,4.1,2.0,,2.5,2.5
2018-12-19,6,Barkin,Thomas I. Barkin Richmond Reserve Bank,LR,2.0,4.5,2.0,,3.5,3.5
2018-12-19,7,Daly,Mary Daly San Francisco Reserve Bank,LR,1.7,4.5,2.0,,2.75,2.75
2018-12-19,8,Bowman,Michelle Bowman Office of Board Members,LR,2.1,4.0,2.0,,2.5,2.5
2018-12-19,9,Kaplan,Robert S. Kaplan Dallas Reserve Bank,LR,1.8,4.6,2.0,,2.75,2.75
2018-12-19,10,George,Esther George Kansas City Reserve Bank,LR,1.8,4.4,2.0,,3.0,3.0
2018-12-19,11,Quarles,Randal Quarles Office of Board Members,LR,2.1,4.3,2.0,,3.25,3.25
2018-12-19,12,Powell,Chairman Powell Office of Board Members,LR,2.0,4.2,2.0,,3.0,3.0
2018-12-19,13,Rosengren,Eric Rosengren Boston Reserve Bank,LR,1.7,4.6,2.0,,2.75,2.75
2018-12-19,14,Mester,Loretta J Mester Cleveland Reserve Bank,LR,2.0,4.5,2.0,,3.0,3.0
2018-12-19,15,Harker,Patrick T. Harker Philadelphia Reserve Bank,LR,2.0,4.5,2.0,,2.75,2.75
2018-12-19,16,Evans,Charles L Evans Chicago Reserve Bank,LR,1.8,4.3,2.0,,2.75,2.75
2018-12-19,17,Bostic,Raphael Bostic Atlanta Reserve Bank,LR,1.8,4.2,2.0,,3.0,3.0
2019-03-20,1,Bowman,Michelle Bowman Office of Board Members,2019,2.2,3.7,1.9,1.9,2.38,2.375
2019-03-20,2,Daly,Mary Daly San Francisco Reserve Bank,2019,1.9,3.7,1.8,2.0,2.38,2.375
2019-03-20,3,Evans,Charles L Evans Chicago Reserve Bank,2019,1.8,3.8,1.8,2.0,2.38,2.375
2019-03-20,4,Quarles,Randal Quarles Office of Board Members,2019,2.4,3.7,1.8,2.0,2.88,2.875
2019-03-20,5,George,Esther George Kansas City Reserve Bank,2019,2.2,3.5,1.6,1.8,2.38,2.375
2019-03-20,6,Mester,Loretta J Mester Cleveland Reserve Bank,2019,2.1,3.6,1.8,2.0,2.88,2.875
2019-03-20,7,Powell,Chairman Powell Office of Board Members,2019,2.0,3.7,1.8,1.9,2.38,2.375
2019-03-20,8,Williams,John C. Williams New York Reserve Bank,2019,1.9,3.8,1.8,1.9,2.38,2.375
2019-03-20,9,Bostic,Raphael Bostic Atlanta Reserve Bank,2019,2.2,3.7,1.9,2.0,2.63,2.625
2019-03-20,10,Brainard,Lael Brainard Office of Board Members,2019,2.1,3.6,1.8,2.0,2.38,2.375
2019-03-20,11,Barkin,Thomas I. Barkin Richmond Reserve Bank,2019,2.1,3.8,1.9,2.0,2.63,2.625
2019-03-20,12,Harker,Patrick T. Harker Philadelphia Reserve Bank,2019,2.1,3.6,2.1,2.2,2.63,2.625
2019-03-20,13,Bullard,James Bullard St. Louis Reserve Bank,2019,2.2,3.9,1.8,1.8,2.38,2.375
2019-03-20,14,Kaplan,Robert S. Kaplan Dallas Reserve Bank,2019,2.0,3.8,1.9,2.0,2.38,2.375
2019-03-20,15,Rosengren,Eric Rosengren Boston Reserve Bank,2019,1.6,3.8,1.9,2.1,2.63,2.625
2019-03-20,16,Clarida,Richard Clarida Office of Board Members,2019,2.0,4.0,1.8,1.8,2.38,2.375
2019-03-20,17,Kashkari,Neel Kashkari Minneapolis Reserve Bank,2019,2.0,3.6,1.8,1.9,2.38,2.375
2019-03-20,1,Bowman,Michelle Bowman Office of Board Members,2020,2.1,3.9,2.0,2.0,2.63,2.625
2019-03-20,2,Daly,Mary Daly San Francisco Reserve Bank,2020,1.8,3.8,2.0,2.0,2.63,2.625
2019-03-20,3,Evans,Charles L Evans Chicago Reserve Bank,2020,1.9,3.8,2.1,2.1,2.63,2.625
2019-03-20,4,Quarles,Randal Quarles Office of Board Members,2020,2.2,3.7,2.1,2.1,3.38,3.375
2019-03-20,5,George,Esther George Kansas City Reserve Bank,2020,2.0,3.4,2.0,2.0,2.38,2.375
2019-03-20,6,Mester,Loretta J Mester Cleveland Reserve Bank,2020,2.2,3.6,2.0,2.0,3.13,3.125
2019-03-20,7,Powell,Chairman Powell Office of Board Members,2020,1.9,3.8,1.9,2.0,2.38,2.375
2019-03-20,8,Williams,John C. Williams New York Reserve Bank,2020,1.8,3.8,2.0,2.0,2.63,2.625
2019-03-20,9,Bostic,Raphael Bostic Atlanta Reserve Bank,2020,1.8,3.8,2.0,2.0,2.88,2.875
2019-03-20,10,Brainard,Lael Brainard Office of Board Members,2020,1.7,3.6,2.1,2.1,2.38,2.375
2019-03-20,11,Barkin,Thomas I. Barkin Richmond Reserve Bank,2020,1.8,4.0,2.0,2.0,2.88,2.875
2019-03-20,12,Harker,Patrick T. Harker Philadelphia Reserve Bank,2020,2.0,3.7,2.1,2.1,2.88,2.875
2019-03-20,13,Bullard,James Bullard St. Louis Reserve Bank,2020,2.0,4.0,2.0,2.0,2.38,2.375
2019-03-20,14,Kaplan,Robert S. Kaplan Dallas Reserve Bank,2020,1.8,3.9,2.1,2.0,2.38,2.375
2019-03-20,15,Rosengren,Eric Rosengren Boston Reserve Bank,2020,1.9,3.7,2.2,2.2,3.13,3.125
2019-03-20,16,Clarida,Richard Clarida Office of Board Members,2020,2.0,4.1,1.9,1.8,2.38,2.375
2019-03-20,17,Kashkari,Neel Kashkari Minneapolis Reserve Bank,2020,2.0,3.5,1.9,2.0,2.38,2.375
2019-03-20,1,Bowman,Michelle Bowman Office of Board Members,2021,1.9,4.0,2.0,2.0,2.63,2.625
2019-03-20,2,Daly,Mary Daly San Francisco Reserve Bank,2021,1.7,3.9,2.1,2.1,2.63,2.625
2019-03-20,3,Evans,Charles L Evans Chicago Reserve Bank,2021,1.8,3.9,2.2,2.2,2.88,2.875
2019-03-20,4,Quarles,Randal Quarles Office of Board Members,2021,2.1,3.8,2.1,2.1,3.38,3.375
2019-03-20,5,George,Esther George Kansas City Reserve Bank,2021,1.8,3.4,2.0,2.0,2.38,2.375
2019-03-20,6,Mester,Loretta J Mester Cleveland Reserve Bank,2021,2.0,3.8,2.0,2.0,3.13,3.125
2019-03-20,7,Powell,Chairman Powell Office of Board Members,2021,1.9,3.9,2.0,2.0,2.38,2.375
2019-03-20,8,Williams,John C. Williams New York Reserve Bank,2021,1.7,3.9,2.1,2.1,2.63,2.625
2019-03-20,9,Bostic,Raphael Bostic Atlanta Reserve Bank,2021,1.8,4.0,2.0,2.0,2.88,2.875
2019-03-20,10,Brainard,Lael Brainard Office of Board Members,2021,1.7,3.6,2.1,2.1,2.38,2.375
2019-03-20,11,Barkin,Thomas I. Barkin Richmond Reserve Bank,2021,1.5,4.2,2.0,2.0,2.88,2.875
2019-03-20,12,Harker,Patrick T. Harker Philadelphia Reserve Bank,2021,1.9,3.9,2.0,2.0,2.88,2.875
2019-03-20,13,Bullard,James Bullard St. Louis Reserve Bank,2021,2.0,4.2,2.0,2.0,2.38,2.375
2019-03-20,14,Kaplan,Robert S. Kaplan Dallas Reserve Bank,2021,1.8,4.1,2.1,2.0,2.63,2.625
2019-03-20,15,Rosengren,Eric Rosengren Boston Reserve Bank,2021,1.5,3.7,2.2,2.2,3.63,3.625
2019-03-20,16,Clarida,Richard Clarida Office of Board Members,2021,2.2,4.1,2.0,1.9,2.38,2.375
2019-03-20,17,Kashkari,Neel Kashkari Minneapolis Reserve Bank,2021,1.8,3.5,2.0,2.0,2.63,2.625
2019-03-20,1,Bowman,Michelle Bowman Office of Board Members,LR,2.1,4.0,2.0,,2.5,2.5
2019-03-20,2,Daly,Mary Daly San Francisco Reserve Bank,LR,1.7,4.5,2.0,,2.75,2.75
2019-03-20,3,Evans,Charles L Evans Chicago Reserve Bank,LR,1.8,4.3,2.0,,2.75,2.75
2019-03-20,4,Quarles,Randal Quarles Office of Board Members,LR,2.1,4.2,2.0,,3.25,3.25
2019-03-20,5,George,Esther George Kansas City Reserve Bank,LR,1.8,4.4,2.0,,3.0,3.0
2019-03-20,6,Mester,Loretta J Mester Cleveland Reserve Bank,LR,2.0,4.5,2.0,,3.0,3.0
2019-03-20,7,Powell,Chairman Powell Office of Board Members,LR,2.0,4.0,2.0,,2.5,2.5
2019-03-20,8,Williams,John C. Williams New York Reserve Bank,LR,1.8,4.1,2.0,,2.5,2.5
2019-03-20,9,Bostic,Raphael Bostic Atlanta Reserve Bank,LR,1.8,4.2,2.0,,3.0,3.0
2019-03-20,10,Brainard,Lael Brainard Office of Board Members,LR,1.9,4.3,2.0,,3.0,3.0
2019-03-20,11,Barkin,Thomas I. Barkin Richmond Reserve Bank,LR,2.0,4.5,2.0,,3.5,3.5
2019-03-20,12,Harker,Patrick T. Harker Philadelphia Reserve Bank,LR,1.9,4.5,2.0,,2.75,2.75
2019-03-20,14,Kaplan,Robert S. Kaplan Dallas Reserve Bank,LR,1.8,4.5,2.0,,2.5,2.5
2019-03-20,15,Rosengren,Eric Rosengren Boston Reserve Bank,LR,1.7,4.6,2.0,,2.75,2.75
2019-03-20,16,Clarida,Richard Clarida Office of Board Members,LR,2.2,4.1,2.0,,2.5,2.5
2019-03-20,17,Kashkari,Neel Kashkari Minneapolis Reserve Bank,LR,1.7,4.0,2.0,,2.5,2.5
2019-06-19,1,Williams,John C. Williams New York Reserve Bank,2019,2.0,3.6,1.6,1.7,1.88,1.875
2019-06-19,2,Clarida,Richard Clarida Office of Board Members,2019,2.0,3.7,1.5,1.7,1.88,1.875
2019-06-19,3,Brainard,Lael Brainard Office of Board Members,2019,2.3,3.6,1.5,1.8,2.13,2.125
2019-06-19,4,Evans,Charles L Evans Chicago Reserve Bank,2019,2.1,3.6,1.5,1.7,1.88,1.875
2019-06-19,5,Powell,Chair Powell Office of Board Members,2019,2.0,3.6,1.5,1.8,1.88,1.875
2019-06-19,6,Bostic,Raphael Bostic Atlanta Reserve Bank,2019,2.2,3.6,1.6,1.8,2.38,2.375
2019-06-19,7,Rosengren,Eric Rosengren Boston Reserve Bank,2019,2.1,3.5,1.5,1.8,2.38,2.375
2019-06-19,8,Barkin,Thomas I. Barkin Richmond Reserve Bank,2019,2.2,3.7,1.6,1.8,2.38,2.375
2019-06-19,9,Quarles,Randal Quarles Office of Board Members,2019,2.4,3.7,1.5,1.8,2.63,2.625
2019-06-19,10,George,Esther George Kansas City Reserve Bank,2019,2.0,3.6,1.4,1.4,2.38,2.375
2019-06-19,11,Bowman,Michelle Bowman Office of Board Members,2019,2.2,3.7,1.7,1.8,2.38,2.375
2019-06-19,12,Bullard,James Bullard St. Louis Reserve Bank,2019,2.0,3.8,1.6,1.8,1.88,1.875
2019-06-19,13,Mester,Loretta J Mester Cleveland Reserve Bank,2019,2.1,3.6,1.5,1.5,2.38,2.375
2019-06-19,14,Kaplan,Robert S. Kaplan Dallas Reserve Bank,2019,2.1,3.7,1.6,1.8,2.38,2.375
2019-06-19,15,Harker,Patrick T. Harker Philadelphia Reserve Bank,2019,2.1,3.6,1.7,1.8,2.38,2.375
2019-06-19,16,Daly,Mary Daly San Francisco Reserve Bank,2019,2.1,3.6,1.4,1.7,1.88,1.875
2019-06-19,17,Kashkari,Neel Kashkari Minneapolis Reserve Bank,2019,2.2,3.5,1.5,1.8,1.88,1.875
2019-06-19,1,Williams,John C. Williams New York Reserve Bank,2020,2.0,3.5,1.9,1.9,2.13,2.125
2019-06-19,2,Clarida,Richard Clarida Office of Board Members,2020,1.8,3.9,1.9,1.8,1.88,1.875
2019-06-19,3,Brainard,Lael Brainard Office of Board Members,2020,2.3,3.5,2.0,2.0,1.88,1.875
2019-06-19,4,Evans,Charles L Evans Chicago Reserve Bank,2020,2.0,3.6,2.0,2.0,1.88,1.875
2019-06-19,5,Powell,Chair Powell Office of Board Members,2020,2.0,3.7,1.9,1.9,1.88,1.875
2019-06-19,6,Bostic,Raphael Bostic Atlanta Reserve Bank,2020,1.8,3.7,2.0,2.0,2.38,2.375
2019-06-19,7,Rosengren,Eric Rosengren Boston Reserve Bank,2020,1.9,3.5,2.1,2.1,2.63,2.625
2019-06-19,8,Barkin,Thomas I. Barkin Richmond Reserve Bank,2020,1.5,4.0,1.9,1.9,2.38,2.375
2019-06-19,9,Quarles,Randal Quarles Office of Board Members,2020,2.2,3.7,2.1,2.1,3.13,3.125
2019-06-19,10,George,Esther George Kansas City Reserve Bank,2020,1.8,3.6,1.8,1.8,2.38,2.375
2019-06-19,11,Bowman,Michelle Bowman Office of Board Members,2020,2.1,3.9,1.8,1.9,2.38,2.375
2019-06-19,12,Bullard,James Bullard St. Louis Reserve Bank,2020,2.0,4.0,2.0,2.0,1.88,1.875
2019-06-19,13,Mester,Loretta J Mester Cleveland Reserve Bank,2020,2.2,3.6,1.9,1.9,2.63,2.625
2019-06-19,14,Kaplan,Robert S. Kaplan Dallas Reserve Bank,2020,1.8,3.9,2.0,1.9,2.13,2.125
2019-06-19,15,Harker,Patrick T. Harker Philadelphia Reserve Bank,2020,2.0,3.7,2.0,2.0,2.38,2.375
2019-06-19,16,Daly,Mary Daly San Francisco Reserve Bank,2020,1.8,3.7,1.9,1.9,1.88,1.875
2019-06-19,17,Kashkari,Neel Kashkari Minneapolis Reserve Bank,2020,2.3,3.3,1.9,1.9,1.88,1.875
2019-06-19,1,Williams,John C. Williams New York Reserve Bank,2021,1.8,3.6,2.0,2.0,2.38,2.375
2019-06-19,2,Clarida,Richard Clarida Office of Board Members,2021,1.8,4.0,1.9,1.8,1.88,1.875
2019-06-19,3,Brainard,Lael Brainard Office of Board Members,2021,2.0,3.4,2.1,2.1,1.88,1.875
2019-06-19,4,Evans,Charles L Evans Chicago Reserve Bank,2021,1.8,3.7,2.2,2.2,2.38,2.375
2019-06-19,5,Powell,Chair Powell Office of Board Members,2021,2.0,3.7,1.9,1.9,1.88,1.875
2019-06-19,6,Bostic,Raphael Bostic Atlanta Reserve Bank,2021,1.8,3.9,2.0,2.0,2.63,2.625
2019-06-19,7,Rosengren,Eric Rosengren Boston Reserve Bank,2021,1.5,3.6,2.2,2.2,2.63,2.625
2019-06-19,8,Barkin,Thomas I. Barkin Richmond Reserve Bank,2021,1.8,4.1,2.0,2.0,2.38,2.375
2019-06-19,9,Quarles,Randal Quarles Office of Board Members,2021,2.1,3.8,2.1,2.1,3.13,3.125
2019-06-19,10,George,Esther George Kansas City Reserve Bank,2021,1.8,3.6,1.9,1.9,2.38,2.375
2019-06-19,11,Bowman,Michelle Bowman Office of Board Members,2021,1.9,4.0,2.0,2.0,2.63,2.625
2019-06-19,12,Bullard,James Bullard St. Louis Reserve Bank,2021,2.0,4.2,2.0,2.0,1.88,1.875
2019-06-19,13,Mester,Loretta J Mester Cleveland Reserve Bank,2021,2.0,3.8,2.0,2.0,2.88,2.875
2019-06-19,14,Kaplan,Robert S. Kaplan Dallas Reserve Bank,2021,1.8,4.0,2.0,2.0,2.13,2.125
2019-06-19,15,Harker,Patrick T. Harker Philadelphia Reserve Bank,2021,1.9,3.9,2.0,2.0,2.38,2.375
2019-06-19,16,Daly,Mary Daly San Francisco Reserve Bank,2021,1.7,3.8,2.0,2.0,2.13,2.125
2019-06-19,17,Kashkari,Neel Kashkari Minneapolis Reserve Bank,2021,1.9,3.3,2.0,2.0,1.88,1.875
2019-06-19,1,Williams,John C. Williams New York Reserve Bank,LR,1.8,4.0,2.0,,2.5,2.5
2019-06-19,2,Clarida,Richard Clarida Office of Board Members,LR,2.1,4.0,2.0,,2.5,2.5
2019-06-19,3,Brainard,Lael Brainard Office of Board Members,LR,1.9,4.3,2.0,,2.75,2.75
2019-06-19,4,Evans,Charles L Evans Chicago Reserve Bank,LR,1.8,4.3,2.0,,2.75,2.75
2019-06-19,5,Powell,Chair Powell Office of Board Members,LR,2.0,4.0,2.0,,2.5,2.5
2019-06-19,6,Bostic,Raphael Bostic Atlanta Reserve Bank,LR,1.8,4.2,2.0,,2.75,2.75
2019-06-19,7,Rosengren,Eric Rosengren Boston Reserve Bank,LR,1.7,4.2,2.0,,2.5,2.5
2019-06-19,8,Barkin,Thomas I. Barkin Richmond Reserve Bank,LR,2.0,4.5,2.0,,3.25,3.25
2019-06-19,9,Quarles,Randal Quarles Office of Board Members,LR,2.1,4.2,2.0,,3.25,3.25
2019-06-19,10,George,Esther George Kansas City Reserve Bank,LR,1.8,4.4,2.0,,3.0,3.0
2019-06-19,11,Bowman,Michelle Bowman Office of Board Members,LR,2.1,4.0,2.0,,2.5,2.5
2019-06-19,13,Mester,Loretta J Mester Cleveland Reserve Bank,LR,2.0,4.3,2.0,,3.0,3.0
2019-06-19,14,Kaplan,Robert S. Kaplan Dallas Reserve Bank,LR,1.8,4.5,2.0,,2.38,2.375
2019-06-19,15,Harker,Patrick T. Harker Philadelphia Reserve Bank,LR,1.9,4.5,2.0,,2.5,2.5
2019-06-19,16,Daly,Mary Daly San Francisco Reserve Bank,LR,1.7,4.2,2.0,,2.5,2.5
2019-06-19,17,Kashkari,Neel Kashkari Minneapolis Reserve Bank,LR,1.7,3.6,2.0,,2.5,2.5
2019-09-18,1,Quarles,Randal Quarles Office of Board Members,2019,2.4,3.7,1.5,1.8,1.88,1.875
2019-09-18,2,Daly,Mary Daly San Francisco Reserve Bank,2019,2.2,3.6,1.5,1.8,1.63,1.625
2019-09-18,3,Williams,John C. Williams New York Reserve Bank,2019,2.2,3.6,1.6,1.7,1.63,1.625
2019-09-18,4,Bowman,Michelle Bowman Office of Board Members,2019,2.2,3.7,1.7,1.8,1.88,1.875
2019-09-18,5,Clarida,Richard Clarida Office of Board Members,2019,2.2,3.7,1.6,1.8,1.63,1.625
2019-09-18,6,Rosengren,Eric Rosengren Boston Reserve Bank,2019,2.3,3.7,1.5,1.8,2.13,2.125
2019-09-18,7,Powell,Chair Powell Office of Board Members,2019,2.1,3.6,1.5,1.8,1.63,1.625
2019-09-18,8,Bostic,Raphael Bostic Atlanta Reserve Bank,2019,2.2,3.6,1.6,1.8,2.13,2.125
2019-09-18,9,Barkin,Thomas I. Barkin Richmond Reserve Bank,2019,2.3,3.7,1.6,1.8,1.88,1.875
2019-09-18,10,Harker,Patrick T. Harker Philadelphia Reserve Bank,2019,2.1,3.7,1.6,1.7,2.13,2.125
2019-09-18,11,Evans,Charles L Evans Chicago Reserve Bank,2019,2.3,3.7,1.5,1.8,1.88,1.875
2019-09-18,12,Mester,Loretta J Mester Cleveland Reserve Bank,2019,2.1,3.6,1.5,1.7,2.13,2.125
2019-09-18,13,George,Esther George Kansas City Reserve Bank,2019,2.2,3.7,1.5,1.6,2.13,2.125
2019-09-18,14,Brainard,Lael Brainard Office of Board Members,2019,2.1,3.7,1.5,1.8,1.63,1.625
2019-09-18,15,Bullard,James Bullard St. Louis Reserve Bank,2019,2.2,3.8,1.5,1.7,1.63,1.625
2019-09-18,16,Kaplan,Robert S. Kaplan Dallas Reserve Bank,2019,2.1,3.7,1.6,1.8,1.88,1.875
2019-09-18,17,Kashkari,Neel Kashkari Minneapolis Reserve Bank,2019,2.2,3.5,1.4,1.7,1.63,1.625
2019-09-18,1,Quarles,Randal Quarles Office of Board Members,2020,2.2,3.7,2.0,2.0,2.13,2.125
2019-09-18,2,Daly,Mary Daly San Francisco Reserve Bank,2020,1.9,3.6,1.9,1.9,1.63,1.625
2019-09-18,3,Williams,John C. Williams New York Reserve Bank,2020,2.0,3.6,1.9,1.9,1.63,1.625
2019-09-18,4,Bowman,Michelle Bowman Office of Board Members,2020,2.1,3.8,1.8,1.9,2.13,2.125
2019-09-18,5,Clarida,Richard Clarida Office of Board Members,2020,1.8,3.8,1.8,1.9,1.63,1.625
2019-09-18,6,Rosengren,Eric Rosengren Boston Reserve Bank,2020,2.0,3.6,2.1,2.1,2.13,2.125
2019-09-18,7,Powell,Chair Powell Office of Board Members,2020,2.0,3.7,1.9,1.9,1.63,1.625
2019-09-18,8,Bostic,Raphael Bostic Atlanta Reserve Bank,2020,1.8,3.7,2.0,2.0,2.13,2.125
2019-09-18,9,Barkin,Thomas I. Barkin Richmond Reserve Bank,2020,1.7,3.8,2.1,2.1,1.88,1.875
2019-09-18,10,Harker,Patrick T. Harker Philadelphia Reserve Bank,2020,2.0,3.7,1.8,1.8,2.13,2.125
2019-09-18,11,Evans,Charles L Evans Chicago Reserve Bank,2020,2.0,3.6,2.0,2.0,1.88,1.875
2019-09-18,12,Mester,Loretta J Mester Cleveland Reserve Bank,2020,2.2,3.6,1.9,1.9,2.38,2.375
2019-09-18,13,George,Esther George Kansas City Reserve Bank,2020,1.9,3.7,1.7,1.7,2.13,2.125
2019-09-18,14,Brainard,Lael Brainard Office of Board Members,2020,1.9,3.6,1.9,1.9,1.63,1.625
2019-09-18,15,Bullard,James Bullard St. Louis Reserve Bank,2020,2.0,4.0,2.0,2.0,1.63,1.625
2019-09-18,16,Kaplan,Robert S. Kaplan Dallas Reserve Bank,2020,1.8,3.9,2.0,1.9,1.63,1.625
2019-09-18,17,Kashkari,Neel Kashkari Minneapolis Reserve Bank,2020,2.3,3.3,1.9,1.9,1.63,1.625
2019-09-18,1,Quarles,Randal Quarles Office of Board Members,2021,2.1,3.8,2.0,2.0,2.38,2.375
2019-09-18,2,Daly,Mary Daly San Francisco Reserve Bank,2021,1.7,3.7,2.0,2.0,1.63,1.625
2019-09-18,3,Williams,John C. Williams New York Reserve Bank,2021,1.8,3.7,2.0,2.0,2.13,2.125
2019-09-18,4,Bowman,Michelle Bowman Office of Board Members,2021,2.0,3.9,2.0,2.0,2.38,2.375
2019-09-18,5,Clarida,Richard Clarida Office of Board Members,2021,2.0,3.9,1.8,1.9,1.63,1.625
2019-09-18,6,Rosengren,Eric Rosengren Boston Reserve Bank,2021,1.8,3.5,2.2,2.2,2.38,2.375
2019-09-18,7,Powell,Chair Powell Office of Board Members,2021,2.0,3.7,2.0,2.0,1.88,1.875
2019-09-18,8,Bostic,Raphael Bostic Atlanta Reserve Bank,2021,1.8,3.9,2.0,2.0,2.38,2.375
2019-09-18,9,Barkin,Thomas I. Barkin Richmond Reserve Bank,2021,1.9,3.9,2.3,2.3,2.38,2.375
2019-09-18,10,Harker,Patrick T. Harker Philadelphia Reserve Bank,2021,1.9,3.9,2.0,2.0,2.13,2.125
2019-09-18,11,Evans,Charles L Evans Chicago Reserve Bank,2021,1.7,3.6,2.2,2.2,2.13,2.125
2019-09-18,12,Mester,Loretta J Mester Cleveland Reserve Bank,2021,2.0,3.8,2.0,2.0,2.63,2.625
2019-09-18,13,George,Esther George Kansas City Reserve Bank,2021,1.8,3.7,1.8,1.8,2.13,2.125
2019-09-18,14,Brainard,Lael Brainard Office of Board Members,2021,1.8,3.6,2.0,2.0,1.88,1.875
2019-09-18,15,Bullard,James Bullard St. Louis Reserve Bank,2021,2.0,4.1,2.0,2.0,1.88,1.875
2019-09-18,16,Kaplan,Robert S. Kaplan Dallas Reserve Bank,2021,1.8,4.0,2.0,2.0,1.63,1.625
2019-09-18,17,Kashkari,Neel Kashkari Minneapolis Reserve Bank,2021,1.9,3.3,2.0,2.0,1.63,1.625
2019-09-18,1,Quarles,Randal Quarles Office of Board Members,2022,2.0,3.9,2.0,2.0,2.88,2.875
2019-09-18,2,Daly,Mary Daly San Francisco Reserve Bank,2022,1.6,3.8,2.1,2.1,1.88,1.875
2019-09-18,3,Williams,John C. Williams New York Reserve Bank,2022,1.8,3.8,2.0,2.0,2.38,2.375
2019-09-18,4,Bowman,Michelle Bowman Office of Board Members,2022,2.1,3.9,2.0,2.0,2.38,2.375
2019-09-18,5,Clarida,Richard Clarida Office of Board Members,2022,2.1,4.0,1.8,2.0,2.13,2.125
2019-09-18,6,Rosengren,Eric Rosengren Boston Reserve Bank,2022,1.6,3.5,2.2,2.2,2.63,2.625
2019-09-18,7,Powell,Chair Powell Office of Board Members,2022,2.0,3.7,2.2,2.2,2.13,2.125
2019-09-18,8,Bostic,Raphael Bostic Atlanta Reserve Bank,2022,1.8,4.1,2.0,2.0,2.63,2.625
2019-09-18,9,Barkin,Thomas I. Barkin Richmond Reserve Bank,2022,2.0,4.0,2.2,2.2,2.38,2.375
2019-09-18,10,Harker,Patrick T. Harker Philadelphia Reserve Bank,2022,1.9,4.1,2.0,2.0,2.38,2.375
2019-09-18,11,Evans,Charles L Evans Chicago Reserve Bank,2022,1.7,3.7,2.2,2.2,2.38,2.375
2019-09-18,12,Mester,Loretta J Mester Cleveland Reserve Bank,2022,2.0,4.0,2.0,2.0,2.88,2.875
2019-09-18,13,George,Esther George Kansas City Reserve Bank,2022,1.8,3.7,1.8,1.8,2.13,2.125
2019-09-18,14,Brainard,Lael Brainard Office of Board Members,2022,1.8,3.6,2.0,2.0,1.88,1.875
2019-09-18,15,Bullard,James Bullard St. Louis Reserve Bank,2022,2.0,4.2,2.0,2.0,2.13,2.125
2019-09-18,16,Kaplan,Robert S. Kaplan Dallas Reserve Bank,2022,1.7,4.0,2.0,2.0,1.63,1.625
2019-09-18,17,Kashkari,Neel Kashkari Minneapolis Reserve Bank,2022,1.7,3.3,2.0,2.0,1.88,1.875
2019-09-18,1,Quarles,Randal Quarles Office of Board Members,LR,2.0,4.1,2.0,,3.0,3.0
2019-09-18,2,Daly,Mary Daly San Francisco Reserve Bank,LR,1.7,4.0,2.0,,2.5,2.5
2019-09-18,3,Williams,John C. Williams New York Reserve Bank,LR,1.9,4.0,2.0,,2.38,2.375
2019-09-18,4,Bowman,Michelle Bowman Office of Board Members,LR,2.1,3.9,2.0,,2.5,2.5
2019-09-18,5,Clarida,Richard Clarida Office of Board Members,LR,2.1,4.0,2.0,,2.5,2.5
2019-09-18,6,Rosengren,Eric Rosengren Boston Reserve Bank,LR,1.7,4.2,2.0,,2.5,2.5
2019-09-18,7,Powell,Chair Powell Office of Board Members,LR,2.0,4.0,2.0,,2.5,2.5
2019-09-18,8,Bostic,Raphael Bostic Atlanta Reserve Bank,LR,1.8,4.2,2.0,,2.75,2.75
2019-09-18,9,Barkin,Thomas I. Barkin Richmond Reserve Bank,LR,2.0,4.3,2.0,,3.25,3.25
2019-09-18,10,Harker,Patrick T. Harker Philadelphia Reserve Bank,LR,1.9,4.5,2.0,,2.5,2.5
2019-09-18,11,Evans,Charles L Evans Chicago Reserve Bank,LR,1.8,4.2,2.0,,2.75,2.75
2019-09-18,12,Mester,Loretta J Mester Cleveland Reserve Bank,LR,2.0,4.3,2.0,,2.75,2.75
2019-09-18,13,George,Esther George Kansas City Reserve Bank,LR,1.8,4.4,2.0,,2.5,2.5
2019-09-18,14,Brainard,Lael Brainard Office of Board Members,LR,1.8,4.3,2.0,,2.5,2.5
2019-09-18,16,Kaplan,Robert S. Kaplan Dallas Reserve Bank,LR,1.8,4.5,2.0,,2.0,2.0
2019-09-18,17,Kashkari,Neel Kashkari Minneapolis Reserve Bank,LR,1.7,3.6,2.0,,2.25,2.25
2019-12-11,1,Bullard,James Bullard St. Louis Reserve Bank,2019,2.2,3.6,1.5,1.7,1.63,1.625
2019-12-11,2,Brainard,Lael Brainard Office of Board Members,2019,2.2,3.5,1.4,1.6,1.63,1.625
2019-12-11,3,Bowman,Michelle Bowman Office of Board Members,2019,2.3,3.5,1.6,1.7,1.63,1.625
2019-12-11,4,Harker,Patrick T. Harker Philadelphia Reserve Bank,2019,2.1,3.6,1.5,1.6,1.63,1.625
2019-12-11,5,Williams,John C. Williams New York Reserve Bank,2019,2.2,3.5,1.5,1.6,1.63,1.625
2019-12-11,6,Rosengren,Eric Rosengren Boston Reserve Bank,2019,2.2,3.6,1.5,1.7,1.63,1.625
2019-12-11,7,Mester,Loretta J. Mester Cleveland Reserve Bank,2019,2.1,3.5,1.5,1.7,1.63,1.625
2019-12-11,8,Kaplan,Robert S. Kaplan Dallas Reserve Bank,2019,2.2,3.6,1.5,1.6,1.63,1.625
2019-12-11,9,Powell,Chair Powell Office of Board Members,2019,2.2,3.5,1.5,1.6,1.63,1.625
2019-12-11,10,Quarles,Randal Quarles Office of Board Members,2019,2.3,3.5,1.4,1.6,1.63,1.625
2019-12-11,11,George,Esther George Kansas City Reserve Bank,2019,2.2,3.6,1.5,1.7,1.63,1.625
2019-12-11,12,Kashkari,Neel Kashkari Minneapolis Reserve Bank,2019,2.2,3.5,1.4,1.6,1.63,1.625
2019-12-11,13,Barkin,Thomas I. Barkin Richmond Reserve Bank,2019,2.1,3.6,1.5,1.6,1.63,1.625
2019-12-11,14,Clarida,Richard Clarida Office of Board Members,2019,2.2,3.6,1.7,1.8,1.63,1.625
2019-12-11,15,Daly,Mary Daly San Francisco Reserve Bank,2019,2.1,3.6,1.5,1.6,1.63,1.625
2019-12-11,16,Evans,Charles L. Evans Chicago Reserve Bank,2019,2.2,3.5,1.5,1.6,1.63,1.625
2019-12-11,17,Bostic,Raphael Bostic Atlanta Reserve Bank,2019,2.2,3.6,1.4,1.6,1.63,1.625
2019-12-11,1,Bullard,James Bullard St. Louis Reserve Bank,2020,2.0,3.8,2.0,2.0,1.63,1.625
2019-12-11,2,Brainard,Lael Brainard Office of Board Members,2020,2.1,3.4,1.7,1.9,1.63,1.625
2019-12-11,3,Bowman,Michelle Bowman Office of Board Members,2020,2.2,3.4,1.8,1.9,1.63,1.625
2019-12-11,4,Harker,Patrick T. Harker Philadelphia Reserve Bank,2020,2.0,3.6,1.7,1.8,1.88,1.875
2019-12-11,5,Williams,John C. Williams New York Reserve Bank,2020,2.0,3.5,1.9,1.9,1.63,1.625
2019-12-11,6,Rosengren,Eric Rosengren Boston Reserve Bank,2020,2.0,3.5,1.9,1.9,1.88,1.875
2019-12-11,7,Mester,Loretta J. Mester Cleveland Reserve Bank,2020,2.3,3.5,1.9,1.9,1.88,1.875
2019-12-11,8,Kaplan,Robert S. Kaplan Dallas Reserve Bank,2020,2.1,3.5,1.9,1.9,1.63,1.625
2019-12-11,9,Powell,Chair Powell Office of Board Members,2020,2.0,3.6,1.9,1.9,1.63,1.625
2019-12-11,10,Quarles,Randal Quarles Office of Board Members,2020,2.2,3.6,1.8,2.0,1.88,1.875
2019-12-11,11,George,Esther George Kansas City Reserve Bank,2020,1.9,3.6,1.7,1.7,1.63,1.625
2019-12-11,12,Kashkari,Neel Kashkari Minneapolis Reserve Bank,2020,2.3,3.3,1.8,1.9,1.63,1.625
2019-12-11,13,Barkin,Thomas I. Barkin Richmond Reserve Bank,2020,1.8,3.8,2.1,2.1,1.63,1.625
2019-12-11,14,Clarida,Richard Clarida Office of Board Members,2020,2.0,3.8,1.9,1.9,1.63,1.625
2019-12-11,15,Daly,Mary Daly San Francisco Reserve Bank,2020,2.0,3.5,1.8,1.8,1.63,1.625
2019-12-11,16,Evans,Charles L. Evans Chicago Reserve Bank,2020,2.1,3.5,1.9,1.9,1.63,1.625
2019-12-11,17,Bostic,Raphael Bostic Atlanta Reserve Bank,2020,1.8,3.7,2.0,2.0,1.63,1.625
2019-12-11,1,Bullard,James Bullard St. Louis Reserve Bank,2021,2.0,4.0,2.0,2.0,1.63,1.625
2019-12-11,2,Brainard,Lael Brainard Office of Board Members,2021,1.8,3.4,2.0,2.0,1.88,1.875
2019-12-11,3,Bowman,Michelle Bowman Office of Board Members,2021,2.2,3.4,2.0,2.0,2.13,2.125
2019-12-11,4,Harker,Patrick T. Harker Philadelphia Reserve Bank,2021,1.9,3.9,2.0,1.8,2.13,2.125
2019-12-11,5,Williams,John C. Williams New York Reserve Bank,2021,1.8,3.6,2.0,2.0,2.13,2.125
2019-12-11,6,Rosengren,Eric Rosengren Boston Reserve Bank,2021,1.7,3.5,2.1,2.1,2.38,2.375
2019-12-11,7,Mester,Loretta J. Mester Cleveland Reserve Bank,2021,2.0,3.8,2.0,2.0,2.38,2.375
2019-12-11,8,Kaplan,Robert S. Kaplan Dallas Reserve Bank,2021,1.9,3.7,2.1,2.1,1.88,1.875
2019-12-11,9,Powell,Chair Powell Office of Board Members,2021,2.0,3.6,2.0,2.0,1.88,1.875
2019-12-11,10,Quarles,Randal Quarles Office of Board Members,2021,2.1,3.7,2.0,2.0,2.38,2.375
2019-12-11,11,George,Esther George Kansas City Reserve Bank,2021,1.8,3.6,1.8,1.8,1.63,1.625
2019-12-11,12,Kashkari,Neel Kashkari Minneapolis Reserve Bank,2021,1.9,3.3,2.0,2.0,1.63,1.625
2019-12-11,13,Barkin,Thomas I. Barkin Richmond Reserve Bank,2021,1.9,3.9,2.3,2.3,2.13,2.125
2019-12-11,14,Clarida,Richard Clarida Office of Board Members,2021,2.1,3.9,2.1,2.1,1.63,1.625
2019-12-11,15,Daly,Mary Daly San Francisco Reserve Bank,2021,1.8,3.6,2.0,2.0,1.63,1.625
2019-12-11,16,Evans,Charles L. Evans Chicago Reserve Bank,2021,1.9,3.5,2.1,2.1,1.88,1.875
2019-12-11,17,Bostic,Raphael Bostic Atlanta Reserve Bank,2021,1.8,3.8,2.0,2.0,2.13,2.125
2019-12-11,1,Bullard,James Bullard St. Louis Reserve Bank,2022,2.0,4.1,2.0,2.0,1.63,1.625
2019-12-11,2,Brainard,Lael Brainard Office of Board Members,2022,1.8,3.4,2.0,2.0,1.88,1.875
2019-12-11,3,Bowman,Michelle Bowman Office of Board Members,2022,2.2,3.4,2.0,2.0,2.63,2.625
2019-12-11,4,Harker,Patrick T. Harker Philadelphia Reserve Bank,2022,1.9,4.1,2.0,2.0,2.38,2.375
2019-12-11,5,Williams,John C. Williams New York Reserve Bank,2022,1.8,3.7,2.0,2.0,2.38,2.375
2019-12-11,6,Rosengren,Eric Rosengren Boston Reserve Bank,2022,1.5,3.6,2.2,2.2,2.63,2.625
2019-12-11,7,Mester,Loretta J. Mester Cleveland Reserve Bank,2022,2.0,4.0,2.0,2.0,2.88,2.875
2019-12-11,8,Kaplan,Robert S. Kaplan Dallas Reserve Bank,2022,1.8,3.9,2.1,2.1,2.13,2.125
2019-12-11,9,Powell,Chair Powell Office of Board Members,2022,2.0,3.6,2.2,2.2,2.13,2.125
2019-12-11,10,Quarles,Randal Quarles Office of Board Members,2022,2.0,3.8,2.0,2.0,2.88,2.875
2019-12-11,11,George,Esther George Kansas City Reserve Bank,2022,1.8,3.6,1.8,1.8,1.88,1.875
2019-12-11,12,Kashkari,Neel Kashkari Minneapolis Reserve Bank,2022,1.7,3.3,2.0,2.0,1.88,1.875
2019-12-11,13,Barkin,Thomas I. Barkin Richmond Reserve Bank,2022,2.0,4.0,2.2,2.2,2.38,2.375
2019-12-11,14,Clarida,Richard Clarida Office of Board Members,2022,2.2,4.0,2.1,2.1,1.88,1.875
2019-12-11,15,Daly,Mary Daly San Francisco Reserve Bank,2022,1.7,3.7,2.1,2.1,1.88,1.875
2019-12-11,16,Evans,Charles L. Evans Chicago Reserve Bank,2022,1.8,3.5,2.2,2.2,2.13,2.125
2019-12-11,17,Bostic,Raphael Bostic Atlanta Reserve Bank,2022,1.8,3.8,2.0,2.0,2.38,2.375
2019-12-11,2,Brainard,Lael Brainard Office of Board Members,LR,1.8,4.3,2.0,,2.5,2.5
2019-12-11,3,Bowman,Michelle Bowman Office of Board Members,LR,2.1,3.9,2.0,,2.5,2.5
2019-12-11,4,Harker,Patrick T. Harker Philadelphia Reserve Bank,LR,1.9,4.5,2.0,,2.5,2.5
2019-12-11,5,Williams,John C. Williams New York Reserve Bank,LR,1.9,4.0,2.0,,2.38,2.375
2019-12-11,6,Rosengren,Eric Rosengren Boston Reserve Bank,LR,1.7,4.2,2.0,,2.5,2.5
2019-12-11,7,Mester,Loretta J. Mester Cleveland Reserve Bank,LR,2.0,4.3,2.0,,2.75,2.75
2019-12-11,8,Kaplan,Robert S. Kaplan Dallas Reserve Bank,LR,1.9,4.1,2.0,,2.25,2.25
2019-12-11,9,Powell,Chair Powell Office of Board Members,LR,2.0,4.0,2.0,,2.25,2.25
2019-12-11,10,Quarles,Randal Quarles Office of Board Members,LR,2.0,4.0,2.0,,3.0,3.0
2019-12-11,11,George,Esther George Kansas City Reserve Bank,LR,1.8,4.4,2.0,,2.5,2.5
2019-12-11,12,Kashkari,Neel Kashkari Minneapolis Reserve Bank,LR,1.7,3.5,2.0,,2.0,2.0
2019-12-11,13,Barkin,Thomas I. Barkin Richmond Reserve Bank,LR,2.0,4.3,2.0,,3.25,3.25
2019-12-11,14,Clarida,Richard Clarida Office of Board Members,LR,2.2,4.0,2.0,,2.5,2.5
2019-12-11,15,Daly,Mary Daly San Francisco Reserve Bank,LR,1.7,3.8,2.0,,2.5,2.5
2019-12-11,16,Evans,Charles L. Evans Chicago Reserve Bank,LR,1.8,4.2,2.0,,2.75,2.75
2019-12-11,17,Bostic,Raphael Bostic Atlanta Reserve Bank,LR,1.8,3.8,2.0,,2.5,2.5
2020-06-10,1,Bullard,James Bullard St. Louis Reserve Bank,2020,-6.0,9.1,1.0,1.0,0.13,0.125
2020-06-10,2,Williams,John C. Williams New York Reserve Bank,2020,-5.5,10.0,0.5,0.9,0.13,0.125
2020-06-10,3,Quarles,Randal Quarles Office of Board Members,2020,-7.2,9.3,1.0,1.1,0.13,0.125
2020-06-10,4,Clarida,Richard Clarida Office of Board Members,2020,-4.4,8.8,0.8,1.2,0.13,0.125
2020-06-10,5,Barkin,Thomas I. Barkin Richmond Reserve Bank,2020,-8.1,9.1,0.8,1.0,0.13,0.125
2020-06-10,6,George,Esther George Kansas City Reserve Bank,2020,-6.0,9.3,0.6,0.7,0.13,0.125
2020-06-10,7,Mester,Loretta J Mester Cleveland Reserve Bank,2020,-6.0,9.0,0.7,1.3,0.13,0.125
2020-06-10,8,Harker,Patrick T. Harker Philadelphia Reserve Bank,2020,-7.0,9.0,0.8,1.0,0.13,0.125
2020-06-10,9,Evans,Charles L Evans Chicago Reserve Bank,2020,-7.0,9.5,0.8,1.0,0.13,0.125
2020-06-10,10,Kashkari,Neel Kashkari Minneapolis Reserve Bank,2020,-10.0,14.0,0.5,1.1,0.13,0.125
2020-06-10,11,Powell,Chair Powell Office of Board Members,2020,-7.0,9.0,0.7,1.0,0.13,0.125
2020-06-10,12,Daly,Mary Daly San Francisco Reserve Bank,2020,-7.6,9.4,0.8,0.9,0.13,0.125
2020-06-10,13,Brainard,Lael Brainard Office of Board Members,2020,-6.5,9.0,0.9,1.1,0.13,0.125
2020-06-10,14,Kaplan,Robert S. Kaplan Dallas Reserve Bank,2020,-4.2,9.6,1.2,0.9,0.13,0.125
2020-06-10,15,Rosengren,Eric Rosengren Boston Reserve Bank,2020,-9.5,11.0,0.8,1.1,0.13,0.125
2020-06-10,16,Bostic,Raphael Bostic Atlanta Reserve Bank,2020,-5.5,10.0,0.6,1.0,0.13,0.125
2020-06-10,17,Bowman,Michelle Bowman Office of Board Members,2020,-5.0,7.0,1.0,1.1,0.13,0.125
2020-06-10,1,Bullard,James Bullard St. Louis Reserve Bank,2021,5.0,5.5,2.0,2.0,0.13,0.125
2020-06-10,2,Williams,John C. Williams New York Reserve Bank,2021,6.0,6.5,1.5,1.5,0.13,0.125
2020-06-10,3,Quarles,Randal Quarles Office of Board Members,2021,6.3,5.9,1.7,1.7,0.13,0.125
2020-06-10,4,Clarida,Richard Clarida Office of Board Members,2021,4.6,5.5,1.6,1.6,0.13,0.125
2020-06-10,5,Barkin,Thomas I. Barkin Richmond Reserve Bank,2021,7.0,6.1,1.9,1.9,0.13,0.125
2020-06-10,6,George,Esther George Kansas City Reserve Bank,2021,5.0,7.2,1.7,1.6,0.13,0.125
2020-06-10,7,Mester,Loretta J Mester Cleveland Reserve Bank,2021,5.0,6.0,1.9,1.5,0.13,0.125
2020-06-10,8,Harker,Patrick T. Harker Philadelphia Reserve Bank,2021,5.0,7.5,1.3,1.3,0.13,0.125
2020-06-10,9,Evans,Charles L Evans Chicago Reserve Bank,2021,4.5,6.5,1.4,1.4,0.13,0.125
2020-06-10,10,Kashkari,Neel Kashkari Minneapolis Reserve Bank,2021,-1.0,12.0,1.1,1.2,0.13,0.125
2020-06-10,11,Powell,Chair Powell Office of Board Members,2021,6.5,6.5,1.5,1.5,0.13,0.125
2020-06-10,12,Daly,Mary Daly San Francisco Reserve Bank,2021,5.7,7.4,1.4,1.4,0.13,0.125
2020-06-10,13,Brainard,Lael Brainard Office of Board Members,2021,4.5,6.6,1.6,1.5,0.13,0.125
2020-06-10,14,Kaplan,Robert S. Kaplan Dallas Reserve Bank,2021,4.3,6.9,1.6,1.4,0.13,0.125
2020-06-10,15,Rosengren,Eric Rosengren Boston Reserve Bank,2021,5.5,9.0,1.6,1.6,0.13,0.125
2020-06-10,16,Bostic,Raphael Bostic Atlanta Reserve Bank,2021,4.7,7.5,1.6,1.6,0.13,0.125
2020-06-10,17,Bowman,Michelle Bowman Office of Board Members,2021,5.0,4.5,1.7,1.8,0.13,0.125
2020-06-10,1,Bullard,James Bullard St. Louis Reserve Bank,2022,2.0,4.3,2.0,2.0,1.13,1.125
2020-06-10,2,Williams,John C. Williams New York Reserve Bank,2022,3.5,4.8,1.8,1.8,0.13,0.125
2020-06-10,3,Quarles,Randal Quarles Office of Board Members,2022,3.8,4.5,1.8,1.8,0.38,0.375
2020-06-10,4,Clarida,Richard Clarida Office of Board Members,2022,3.0,4.8,1.7,1.8,0.13,0.125
2020-06-10,5,Barkin,Thomas I. Barkin Richmond Reserve Bank,2022,5.0,5.1,2.2,2.2,0.13,0.125
2020-06-10,6,George,Esther George Kansas City Reserve Bank,2022,4.0,6.1,1.7,1.7,0.13,0.125
2020-06-10,7,Mester,Loretta J Mester Cleveland Reserve Bank,2022,2.5,5.0,1.7,1.7,0.13,0.125
2020-06-10,8,Harker,Patrick T. Harker Philadelphia Reserve Bank,2022,3.0,6.0,1.5,1.5,0.13,0.125
2020-06-10,9,Evans,Charles L Evans Chicago Reserve Bank,2022,4.0,5.5,1.7,1.6,0.13,0.125
2020-06-10,10,Kashkari,Neel Kashkari Minneapolis Reserve Bank,2022,6.0,8.0,1.4,1.2,0.13,0.125
2020-06-10,11,Powell,Chair Powell Office of Board Members,2022,5.0,5.0,1.6,1.6,0.13,0.125
2020-06-10,12,Daly,Mary Daly San Francisco Reserve Bank,2022,3.2,6.3,1.6,1.6,0.13,0.125
2020-06-10,13,Brainard,Lael Brainard Office of Board Members,2022,3.0,5.5,1.7,1.6,0.13,0.125
2020-06-10,14,Kaplan,Robert S. Kaplan Dallas Reserve Bank,2022,2.5,6.0,1.6,1.5,0.13,0.125
2020-06-10,15,Rosengren,Eric Rosengren Boston Reserve Bank,2022,4.5,6.0,1.7,1.7,0.13,0.125
2020-06-10,16,Bostic,Raphael Bostic Atlanta Reserve Bank,2022,3.0,6.1,1.8,1.8,0.13,0.125
2020-06-10,17,Bowman,Michelle Bowman Office of Board Members,2022,3.5,4.0,1.9,1.9,0.13,0.125
2020-06-10,2,Williams,John C. Williams New York Reserve Bank,LR,1.9,4.0,2.0,,2.38,2.375
2020-06-10,3,Quarles,Randal Quarles Office of Board Members,LR,2.0,4.0,2.0,,3.0,3.0
2020-06-10,4,Clarida,Richard Clarida Office of Board Members,LR,2.0,4.0,2.0,,2.5,2.5
2020-06-10,5,Barkin,Thomas I. Barkin Richmond Reserve Bank,LR,1.6,4.3,2.0,,3.0,3.0
2020-06-10,6,George,Esther George Kansas City Reserve Bank,LR,1.8,4.4,2.0,,2.5,2.5
2020-06-10,7,Mester,Loretta J Mester Cleveland Reserve Bank,LR,2.0,4.3,2.0,,2.75,2.75
2020-06-10,8,Harker,Patrick T. Harker Philadelphia Reserve Bank,LR,1.9,4.5,2.0,,2.5,2.5
2020-06-10,9,Evans,Charles L Evans Chicago Reserve Bank,LR,1.8,4.2,2.0,,2.5,2.5
2020-06-10,10,Kashkari,Neel Kashkari Minneapolis Reserve Bank,LR,1.7,3.5,2.0,,2.0,2.0
2020-06-10,11,Powell,Chair Powell Office of Board Members,LR,2.0,4.0,2.0,,2.25,2.25
2020-06-10,12,Daly,Mary Daly San Francisco Reserve Bank,LR,1.7,3.8,2.0,,2.3,2.3
2020-06-10,13,Brainard,Lael Brainard Office of Board Members,LR,1.8,4.3,2.0,,2.5,2.5
2020-06-10,14,Kaplan,Robert S. Kaplan Dallas Reserve Bank,LR,1.8,4.3,2.0,,2.25,2.25
2020-06-10,15,Rosengren,Eric Rosengren Boston Reserve Bank,LR,1.7,4.7,2.0,,2.5,2.5
2020-06-10,16,Bostic,Raphael Bostic Atlanta Reserve Bank,LR,1.8,3.8,2.0,,2.5,2.5
2020-06-10,17,Bowman,Michelle Bowman Office of Board Members,LR,2.2,4.0,2.0,,2.5,2.5
2020-09-16,1,Daly,Mary Daly San Francisco Reserve Bank,2020,-3.3,7.8,1.2,1.4,0.13,0.125
2020-09-16,2,Bullard,James Bullard St. Louis Reserve Bank,2020,-3.0,7.0,1.5,1.6,0.13,0.125
2020-09-16,3,Bowman,Michelle Bowman Office of Board Members,2020,1.0,6.5,1.3,1.5,0.13,0.125
2020-09-16,4,Bostic,Raphael Bostic Atlanta Reserve Bank,2020,-3.7,7.8,1.3,1.5,0.13,0.125
2020-09-16,5,Barkin,Thomas I. Barkin Richmond Reserve Bank,2020,-4.0,8.0,1.2,1.4,0.13,0.125
2020-09-16,6,Kaplan,Robert S. Kaplan Dallas Reserve Bank,2020,-2.8,7.6,1.2,1.5,0.13,0.125
2020-09-16,7,Clarida,Richard Clarida Office of Board Members,2020,-3.0,7.0,1.3,1.5,0.13,0.125
2020-09-16,8,Mester,Loretta J Mester Cleveland Reserve Bank,2020,-4.0,7.5,1.1,1.3,0.13,0.125
2020-09-16,9,Rosengren,Eric Rosengren Boston Reserve Bank,2020,-4.7,8.0,1.3,1.3,0.13,0.125
2020-09-16,10,George,Esther George Kansas City Reserve Bank,2020,-3.9,7.7,1.5,1.5,0.13,0.125
2020-09-16,11,Kashkari,Neel Kashkari Minneapolis Reserve Bank,2020,-4.0,8.0,1.1,1.3,0.13,0.125
2020-09-16,12,Williams,John C. Williams New York Reserve Bank,2020,-3.6,7.5,1.2,1.4,0.13,0.125
2020-09-16,13,Harker,Patrick T. Harker Philadelphia Reserve Bank,2020,-4.0,8.0,1.0,1.2,0.13,0.125
2020-09-16,14,Quarles,Randal Quarles Office of Board Members,2020,-2.7,6.9,1.2,1.4,0.13,0.125
2020-09-16,15,Powell,Chair Powell Office of Board Members,2020,-5.5,7.7,1.1,1.5,0.13,0.125
2020-09-16,16,Evans,Charles L Evans Chicago Reserve Bank,2020,-3.5,7.5,1.1,1.5,0.13,0.125
2020-09-16,17,Brainard,Lael Brainard Office of Board Members,2020,-3.8,7.6,1.1,1.5,0.13,0.125
2020-09-16,1,Daly,Mary Daly San Francisco Reserve Bank,2021,3.9,5.3,1.6,1.6,0.13,0.125
2020-09-16,2,Bullard,James Bullard St. Louis Reserve Bank,2021,4.2,5.0,2.4,2.4,0.13,0.125
2020-09-16,3,Bowman,Michelle Bowman Office of Board Members,2021,5.0,4.0,1.7,1.8,0.13,0.125
2020-09-16,4,Bostic,Raphael Bostic Atlanta Reserve Bank,2021,4.0,5.8,1.7,1.7,0.13,0.125
2020-09-16,5,Barkin,Thomas I. Barkin Richmond Reserve Bank,2021,4.2,6.0,2.2,2.2,0.13,0.125
2020-09-16,6,Kaplan,Robert S. Kaplan Dallas Reserve Bank,2021,3.6,5.0,1.8,1.8,0.13,0.125
2020-09-16,7,Clarida,Richard Clarida Office of Board Members,2021,4.0,5.0,1.8,1.8,0.13,0.125
2020-09-16,8,Mester,Loretta J Mester Cleveland Reserve Bank,2021,4.7,5.7,1.9,1.6,0.13,0.125
2020-09-16,9,Rosengren,Eric Rosengren Boston Reserve Bank,2021,2.0,7.0,1.5,1.5,0.13,0.125
2020-09-16,10,George,Esther George Kansas City Reserve Bank,2021,3.0,6.2,1.8,1.7,0.13,0.125
2020-09-16,11,Kashkari,Neel Kashkari Minneapolis Reserve Bank,2021,0.0,8.0,1.3,1.5,0.13,0.125
2020-09-16,12,Williams,John C. Williams New York Reserve Bank,2021,5.0,5.3,1.7,1.7,0.13,0.125
2020-09-16,13,Harker,Patrick T. Harker Philadelphia Reserve Bank,2021,3.8,6.5,1.5,1.5,0.13,0.125
2020-09-16,14,Quarles,Randal Quarles Office of Board Members,2021,4.6,4.8,1.9,1.9,0.13,0.125
2020-09-16,15,Powell,Chair Powell Office of Board Members,2021,5.5,6.0,1.6,1.6,0.13,0.125
2020-09-16,16,Evans,Charles L Evans Chicago Reserve Bank,2021,4.0,5.5,1.6,1.6,0.13,0.125
2020-09-16,17,Brainard,Lael Brainard Office of Board Members,2021,4.2,5.1,1.7,1.7,0.13,0.125
2020-09-16,1,Daly,Mary Daly San Francisco Reserve Bank,2022,3.1,4.5,1.7,1.7,0.13,0.125
2020-09-16,2,Bullard,James Bullard St. Louis Reserve Bank,2022,2.0,4.3,2.2,2.2,0.13,0.125
2020-09-16,3,Bowman,Michelle Bowman Office of Board Members,2022,3.3,3.5,1.9,1.9,0.13,0.125
2020-09-16,4,Bostic,Raphael Bostic Atlanta Reserve Bank,2022,3.2,4.6,1.8,1.8,0.13,0.125
2020-09-16,5,Barkin,Thomas I. Barkin Richmond Reserve Bank,2022,3.3,5.0,2.0,2.0,0.13,0.125
2020-09-16,6,Kaplan,Robert S. Kaplan Dallas Reserve Bank,2022,3.0,4.0,1.9,1.9,0.13,0.125
2020-09-16,7,Clarida,Richard Clarida Office of Board Members,2022,3.0,4.0,1.9,1.9,0.13,0.125
2020-09-16,8,Mester,Loretta J Mester Cleveland Reserve Bank,2022,2.5,4.7,1.8,1.8,0.13,0.125
2020-09-16,9,Rosengren,Eric Rosengren Boston Reserve Bank,2022,2.5,6.3,1.6,1.6,0.13,0.125
2020-09-16,10,George,Esther George Kansas City Reserve Bank,2022,2.5,5.2,1.9,1.9,0.13,0.125
2020-09-16,11,Kashkari,Neel Kashkari Minneapolis Reserve Bank,2022,2.5,7.5,1.5,1.6,0.13,0.125
2020-09-16,12,Williams,John C. Williams New York Reserve Bank,2022,3.4,4.1,1.9,1.9,0.13,0.125
2020-09-16,13,Harker,Patrick T. Harker Philadelphia Reserve Bank,2022,3.0,5.0,1.7,1.7,0.13,0.125
2020-09-16,14,Quarles,Randal Quarles Office of Board Members,2022,3.5,3.8,2.2,2.2,0.63,0.625
2020-09-16,15,Powell,Chair Powell Office of Board Members,2022,4.5,5.0,1.7,1.7,0.13,0.125
2020-09-16,16,Evans,Charles L Evans Chicago Reserve Bank,2022,3.0,4.8,1.8,1.8,0.13,0.125
2020-09-16,17,Brainard,Lael Brainard Office of Board Members,2022,3.0,4.2,1.8,1.8,0.13,0.125
2020-09-16,1,Daly,Mary Daly San Francisco Reserve Bank,2023,2.4,4.0,1.9,1.9,0.13,0.125
2020-09-16,2,Bullard,James Bullard St. Louis Reserve Bank,2023,2.0,4.3,2.0,2.0,0.13,0.125
2020-09-16,3,Bowman,Michelle Bowman Office of Board Members,2023,3.0,3.5,2.0,2.0,0.13,0.125
2020-09-16,4,Bostic,Raphael Bostic Atlanta Reserve Bank,2023,2.4,3.9,1.9,1.9,0.13,0.125
2020-09-16,5,Barkin,Thomas I. Barkin Richmond Reserve Bank,2023,2.5,4.3,2.1,2.1,0.38,0.375
2020-09-16,6,Kaplan,Robert S. Kaplan Dallas Reserve Bank,2023,2.4,3.5,1.9,1.9,0.63,0.625
2020-09-16,7,Clarida,Richard Clarida Office of Board Members,2023,2.7,3.5,2.0,2.0,0.13,0.125
2020-09-16,8,Mester,Loretta J Mester Cleveland Reserve Bank,2023,2.5,4.2,2.0,2.0,0.38,0.375
2020-09-16,9,Rosengren,Eric Rosengren Boston Reserve Bank,2023,3.0,5.3,1.8,1.8,0.13,0.125
2020-09-16,10,George,Esther George Kansas City Reserve Bank,2023,2.3,4.4,2.0,2.0,0.13,0.125
2020-09-16,11,Kashkari,Neel Kashkari Minneapolis Reserve Bank,2023,4.0,6.0,1.7,1.7,0.13,0.125
2020-09-16,12,Williams,John C. Williams New York Reserve Bank,2023,2.9,3.7,2.1,2.1,0.13,0.125
2020-09-16,13,Harker,Patrick T. Harker Philadelphia Reserve Bank,2023,2.6,4.5,1.9,1.9,0.13,0.125
2020-09-16,14,Quarles,Randal Quarles Office of Board Members,2023,2.6,3.5,2.0,2.0,1.38,1.375
2020-09-16,15,Powell,Chair Powell Office of Board Members,2023,3.0,4.0,1.9,1.9,0.13,0.125
2020-09-16,16,Evans,Charles L Evans Chicago Reserve Bank,2023,2.5,4.0,2.0,2.0,0.13,0.125
2020-09-16,17,Brainard,Lael Brainard Office of Board Members,2023,2.5,3.7,1.9,1.9,0.13,0.125
2020-09-16,1,Daly,Mary Daly San Francisco Reserve Bank,LR,1.7,3.8,2.0,,2.3,2.3
2020-09-16,3,Bowman,Michelle Bowman Office of Board Members,LR,2.2,3.9,2.0,,2.5,2.5
2020-09-16,4,Bostic,Raphael Bostic Atlanta Reserve Bank,LR,1.8,3.8,2.0,,2.5,2.5
2020-09-16,5,Barkin,Thomas I. Barkin Richmond Reserve Bank,LR,1.6,4.3,2.0,,3.0,3.0
2020-09-16,6,Kaplan,Robert S. Kaplan Dallas Reserve Bank,LR,1.9,4.1,2.0,,2.25,2.25
2020-09-16,7,Clarida,Richard Clarida Office of Board Members,LR,2.0,3.9,2.0,,2.5,2.5
2020-09-16,8,Mester,Loretta J Mester Cleveland Reserve Bank,LR,2.0,4.3,2.0,,2.75,2.75
2020-09-16,9,Rosengren,Eric Rosengren Boston Reserve Bank,LR,1.7,4.7,2.0,,2.5,2.5
2020-09-16,10,George,Esther George Kansas City Reserve Bank,LR,1.8,4.4,2.0,,2.5,2.5
2020-09-16,11,Kashkari,Neel Kashkari Minneapolis Reserve Bank,LR,1.7,3.5,2.0,,2.0,2.0
2020-09-16,12,Williams,John C. Williams New York Reserve Bank,LR,1.9,4.0,2.0,,2.38,2.375
2020-09-16,13,Harker,Patrick T. Harker Philadelphia Reserve Bank,LR,1.9,4.5,2.0,,2.5,2.5
2020-09-16,14,Quarles,Randal Quarles Office of Board Members,LR,2.0,4.0,2.0,,3.0,3.0
2020-09-16,15,Powell,Chair Powell Office of Board Members,LR,2.0,4.0,2.0,,2.25,2.25
2020-09-16,16,Evans,Charles L Evans Chicago Reserve Bank,LR,1.8,4.2,2.0,,2.5,2.5
2020-09-16,17,Brainard,Lael Brainard Office of Board Members,LR,1.8,4.3,2.0,,2.5,2.5
2020-12-16,1,Powell,Chair Powell Office of Board Members,2020,-2.3,6.7,1.2,1.4,0.13,0.125
2020-12-16,2,Barkin,Thomas I. Barkin Richmond Reserve Bank,2020,-2.5,6.7,1.2,1.4,0.13,0.125
2020-12-16,3,Evans,Charles L. Evans Chicago Reserve Bank,2020,-2.0,6.8,1.2,1.4,0.13,0.125
2020-12-16,4,Kashkari,Neel Kashkari Minneapolis Reserve Bank,2020,-3.0,6.8,1.2,1.4,0.13,0.125
2020-12-16,5,Mester,Loretta J. Mester Cleveland Reserve Bank,2020,-2.5,6.7,1.2,1.4,0.13,0.125
2020-12-16,6,Clarida,Richard Clarida Office of Board Members,2020,-2.0,6.7,1.4,1.5,0.13,0.125
2020-12-16,7,Daly,Mary Daly San Francisco Reserve Bank,2020,-2.4,6.8,1.2,1.4,0.13,0.125
2020-12-16,8,Kaplan,Robert S. Kaplan Dallas Reserve Bank,2020,-2.4,6.8,1.2,1.5,0.13,0.125
2020-12-16,9,Brainard,Lael Brainard Office of Board Members,2020,-2.5,6.7,1.1,1.3,0.13,0.125
2020-12-16,10,Williams,John C. Williams New York Reserve Bank,2020,-2.4,6.8,1.2,1.4,0.13,0.125
2020-12-16,11,George,Esther George Kansas City Reserve Bank,2020,-3.3,6.7,1.2,1.4,0.13,0.125
2020-12-16,12,Bullard,James Bullard St. Louis Reserve Bank,2020,-2.2,6.7,1.2,1.4,0.13,0.125
2020-12-16,13,Quarles,Randal Quarles Office of Board Members,2020,-2.5,6.9,1.1,1.3,0.13,0.125
2020-12-16,14,Bowman,Michelle Bowman Office of Board Members,2020,-1.0,6.6,1.3,1.5,0.13,0.125
2020-12-16,15,Harker,Patrick T. Harker Philadelphia Reserve Bank,2020,-2.4,6.8,1.2,1.4,0.13,0.125
2020-12-16,16,Rosengren,Eric Rosengren Boston Reserve Bank,2020,-2.5,6.7,1.2,1.4,0.13,0.125
2020-12-16,17,Bostic,Raphael Bostic Atlanta Reserve Bank,2020,-2.3,6.7,1.2,1.4,0.13,0.125
2020-12-16,1,Powell,Chair Powell Office of Board Members,2021,4.5,5.0,1.8,1.8,0.13,0.125
2020-12-16,2,Barkin,Thomas I. Barkin Richmond Reserve Bank,2021,4.0,5.3,2.2,2.2,0.13,0.125
2020-12-16,3,Evans,Charles L. Evans Chicago Reserve Bank,2021,3.7,5.0,1.7,1.7,0.13,0.125
2020-12-16,4,Kashkari,Neel Kashkari Minneapolis Reserve Bank,2021,0.5,6.8,1.2,1.5,0.13,0.125
2020-12-16,5,Mester,Loretta J. Mester Cleveland Reserve Bank,2021,4.7,5.2,1.8,1.7,0.13,0.125
2020-12-16,6,Clarida,Richard Clarida Office of Board Members,2021,5.0,5.0,1.9,1.9,0.13,0.125
2020-12-16,7,Daly,Mary Daly San Francisco Reserve Bank,2021,5.0,5.0,1.7,1.7,0.13,0.125
2020-12-16,8,Kaplan,Robert S. Kaplan Dallas Reserve Bank,2021,4.2,4.9,1.8,1.6,0.13,0.125
2020-12-16,9,Brainard,Lael Brainard Office of Board Members,2021,4.3,4.9,1.8,1.8,0.13,0.125
2020-12-16,10,Williams,John C. Williams New York Reserve Bank,2021,4.7,4.7,1.8,1.8,0.13,0.125
2020-12-16,11,George,Esther George Kansas City Reserve Bank,2021,3.3,5.7,1.8,1.7,0.13,0.125
2020-12-16,12,Bullard,James Bullard St. Louis Reserve Bank,2021,4.2,4.5,2.3,2.3,0.13,0.125
2020-12-16,13,Quarles,Randal Quarles Office of Board Members,2021,5.5,4.0,2.0,1.8,0.13,0.125
2020-12-16,14,Bowman,Michelle Bowman Office of Board Members,2021,5.0,4.0,1.7,1.8,0.13,0.125
2020-12-16,15,Harker,Patrick T. Harker Philadelphia Reserve Bank,2021,3.8,5.4,1.7,1.7,0.13,0.125
2020-12-16,16,Rosengren,Eric Rosengren Boston Reserve Bank,2021,3.5,5.8,1.7,1.7,0.13,0.125
2020-12-16,17,Bostic,Raphael Bostic Atlanta Reserve Bank,2021,4.0,5.1,1.8,1.8,0.13,0.125
2020-12-16,1,Powell,Chair Powell Office of Board Members,2022,4.0,4.0,1.9,1.9,0.13,0.125
2020-12-16,2,Barkin,Thomas I. Barkin Richmond Reserve Bank,2022,3.5,4.6,2.0,2.0,0.13,0.125
2020-12-16,3,Evans,Charles L. Evans Chicago Reserve Bank,2022,3.0,4.5,1.8,1.8,0.13,0.125
2020-12-16,4,Kashkari,Neel Kashkari Minneapolis Reserve Bank,2022,3.5,5.8,1.5,1.6,0.13,0.125
2020-12-16,5,Mester,Loretta J. Mester Cleveland Reserve Bank,2022,2.5,4.2,1.9,1.8,0.13,0.125
2020-12-16,6,Clarida,Richard Clarida Office of Board Members,2022,4.0,4.0,2.1,2.1,0.13,0.125
2020-12-16,7,Daly,Mary Daly San Francisco Reserve Bank,2022,2.9,4.2,1.8,1.8,0.13,0.125
2020-12-16,8,Kaplan,Robert S. Kaplan Dallas Reserve Bank,2022,3.0,3.8,1.9,1.8,0.13,0.125
2020-12-16,9,Brainard,Lael Brainard Office of Board Members,2022,3.2,4.0,1.8,1.8,0.13,0.125
2020-12-16,10,Williams,John C. Williams New York Reserve Bank,2022,3.2,3.7,1.9,1.9,0.13,0.125
2020-12-16,11,George,Esther George Kansas City Reserve Bank,2022,2.5,4.8,1.9,1.9,0.13,0.125
2020-12-16,12,Bullard,James Bullard St. Louis Reserve Bank,2022,3.0,4.3,2.1,2.1,0.13,0.125
2020-12-16,13,Quarles,Randal Quarles Office of Board Members,2022,3.2,3.6,2.2,2.2,0.38,0.375
2020-12-16,14,Bowman,Michelle Bowman Office of Board Members,2022,3.3,3.5,1.9,1.9,0.13,0.125
2020-12-16,15,Harker,Patrick T. Harker Philadelphia Reserve Bank,2022,3.0,4.5,1.9,1.9,0.13,0.125
2020-12-16,16,Rosengren,Eric Rosengren Boston Reserve Bank,2022,3.4,5.0,1.8,1.8,0.13,0.125
2020-12-16,17,Bostic,Raphael Bostic Atlanta Reserve Bank,2022,3.2,4.1,2.0,2.0,0.13,0.125
2020-12-16,1,Powell,Chair Powell Office of Board Members,2023,2.5,3.5,2.1,2.1,0.13,0.125
2020-12-16,2,Barkin,Thomas I. Barkin Richmond Reserve Bank,2023,2.2,4.3,2.1,2.1,0.38,0.375
2020-12-16,3,Evans,Charles L. Evans Chicago Reserve Bank,2023,2.5,3.7,2.0,2.0,0.13,0.125
2020-12-16,4,Kashkari,Neel Kashkari Minneapolis Reserve Bank,2023,3.5,5.0,1.7,1.7,0.13,0.125
2020-12-16,5,Mester,Loretta J. Mester Cleveland Reserve Bank,2023,2.5,3.7,2.1,2.0,0.38,0.375
2020-12-16,6,Clarida,Richard Clarida Office of Board Members,2023,3.0,3.5,2.1,2.1,0.13,0.125
2020-12-16,7,Daly,Mary Daly San Francisco Reserve Bank,2023,2.4,3.7,1.9,1.9,0.13,0.125
2020-12-16,8,Kaplan,Robert S. Kaplan Dallas Reserve Bank,2023,2.2,3.3,1.9,1.9,0.63,0.625
2020-12-16,9,Brainard,Lael Brainard Office of Board Members,2023,2.4,3.5,1.9,1.9,0.13,0.125
2020-12-16,10,Williams,John C. Williams New York Reserve Bank,2023,2.4,3.4,2.1,2.1,0.13,0.125
2020-12-16,11,George,Esther George Kansas City Reserve Bank,2023,2.3,4.4,2.1,2.1,0.13,0.125
2020-12-16,12,Bullard,James Bullard St. Louis Reserve Bank,2023,2.0,4.3,2.0,2.0,0.13,0.125
2020-12-16,13,Quarles,Randal Quarles Office of Board Members,2023,2.2,3.4,2.0,2.0,1.13,1.125
2020-12-16,14,Bowman,Michelle Bowman Office of Board Members,2023,3.0,3.5,2.0,2.0,0.13,0.125
2020-12-16,15,Harker,Patrick T. Harker Philadelphia Reserve Bank,2023,2.6,4.0,2.0,2.0,0.13,0.125
2020-12-16,16,Rosengren,Eric Rosengren Boston Reserve Bank,2023,2.7,4.5,1.9,1.9,0.13,0.125
2020-12-16,17,Bostic,Raphael Bostic Atlanta Reserve Bank,2023,2.4,3.7,2.2,2.2,0.38,0.375
2020-12-16,1,Powell,Chair Powell Office of Board Members,LR,2.0,4.0,2.0,,2.25,2.25
2020-12-16,2,Barkin,Thomas I. Barkin Richmond Reserve Bank,LR,1.6,4.3,2.0,,3.0,3.0
2020-12-16,3,Evans,Charles L. Evans Chicago Reserve Bank,LR,1.8,4.2,2.0,,2.5,2.5
2020-12-16,4,Kashkari,Neel Kashkari Minneapolis Reserve Bank,LR,1.7,3.5,2.0,,2.0,2.0
2020-12-16,5,Mester,Loretta J. Mester Cleveland Reserve Bank,LR,2.0,4.3,2.0,,2.75,2.75
2020-12-16,6,Clarida,Richard Clarida Office of Board Members,LR,2.0,3.9,2.0,,2.5,2.5
2020-12-16,7,Daly,Mary Daly San Francisco Reserve Bank,LR,1.7,3.8,2.0,,2.3,2.3
2020-12-16,8,Kaplan,Robert S. Kaplan Dallas Reserve Bank,LR,1.8,4.1,2.0,,2.25,2.25
2020-12-16,9,Brainard,Lael Brainard Office of Board Members,LR,1.8,4.3,2.0,,2.5,2.5
2020-12-16,10,Williams,John C. Williams New York Reserve Bank,LR,1.9,4.0,2.0,,2.38,2.375
2020-12-16,11,George,Esther George Kansas City Reserve Bank,LR,1.8,4.4,2.0,,2.5,2.5
2020-12-16,13,Quarles,Randal Quarles Office of Board Members,LR,2.0,4.0,2.0,,3.0,3.0
2020-12-16,14,Bowman,Michelle Bowman Office of Board Members,LR,2.2,3.9,2.0,,2.5,2.5
2020-12-16,15,Harker,Patrick T. Harker Philadelphia Reserve Bank,LR,1.9,4.5,2.0,,2.5,2.5
2020-12-16,16,Rosengren,Eric Rosengren Boston Reserve Bank,LR,1.7,4.5,2.0,,2.5,2.5
2020-12-16,17,Bostic,Raphael Bostic Atlanta Reserve Bank,LR,1.8,3.8,2.0,,2.5,2.5
